"asset_id","category","pipeline","name","prompt"
"wayfarer-hull-mk2:portrait","ships","keyed","Wayfarer Mk. II","Hangar portrait, 3/4 hero angle on a plain dark backdrop. Wayfarer Mk. II, a scout-class starship built by Halcyon Driveworks house style: Expedition white, doubled nav-lights, panels made to be swapped in the dark.. Built for expeditions that were never meant to end in combat. House style: chibi-proportioned stylized 3D, flat toon/cel-shading (max two-tone gradient, no PBR falloff), rounded chunky forms with visible thickness, soft dark outline or additive drop-glow for edge separation (never a realistic cast shadow), saturated flat colour, no gradients past a subtle two-stop, no fine detail, no film grain/vignette/chromatic aberration/lens flare/dust/scratches. Silhouette must read clearly at 32px."
"wayfarer-hull-mk2:sprite","ships","keyed","Wayfarer Mk. II","Top-down in-run sprite, straight overhead view, centered, nose pointing north. Wayfarer Mk. II, a scout-class starship built by Halcyon Driveworks house style: Expedition white, doubled nav-lights, panels made to be swapped in the dark.. Built for expeditions that were never meant to end in combat. House style: chibi-proportioned stylized 3D, flat toon/cel-shading (max two-tone gradient, no PBR falloff), rounded chunky forms with visible thickness, soft dark outline or additive drop-glow for edge separation (never a realistic cast shadow), saturated flat colour, no gradients past a subtle two-stop, no fine detail, no film grain/vignette/chromatic aberration/lens flare/dust/scratches. Silhouette must read clearly at 32px."
"bastion-hull-mk1:portrait","ships","keyed","Bastion Mk. I","Hangar portrait, 3/4 hero angle on a plain dark backdrop. Bastion Mk. I, a guardian-class starship built by Ironmoor Foundry house style: Foundry grey, proud weld seams, amber running lights.. Slow to move, slower to fall. House style: chibi-proportioned stylized 3D, flat toon/cel-shading (max two-tone gradient, no PBR falloff), rounded chunky forms with visible thickness, soft dark outline or additive drop-glow for edge separation (never a realistic cast shadow), saturated flat colour, no gradients past a subtle two-stop, no fine detail, no film grain/vignette/chromatic aberration/lens flare/dust/scratches. Silhouette must read clearly at 32px."
"bastion-hull-mk1:sprite","ships","keyed","Bastion Mk. I","Top-down in-run sprite, straight overhead view, centered, nose pointing north. Bastion Mk. I, a guardian-class starship built by Ironmoor Foundry house style: Foundry grey, proud weld seams, amber running lights.. Slow to move, slower to fall. House style: chibi-proportioned stylized 3D, flat toon/cel-shading (max two-tone gradient, no PBR falloff), rounded chunky forms with visible thickness, soft dark outline or additive drop-glow for edge separation (never a realistic cast shadow), saturated flat colour, no gradients past a subtle two-stop, no fine detail, no film grain/vignette/chromatic aberration/lens flare/dust/scratches. Silhouette must read clearly at 32px."
"aurelia-hull-mk1:portrait","ships","keyed","Aurelia Mk. I","Hangar portrait, 3/4 hero angle on a plain dark backdrop. Aurelia Mk. I, an experimental-class starship built by Meridian Yards house style: Survey white with sensor-vane crowns; instruments before armour.. A survey platform with more sensor mass than armour. It has never lost a fight it saw coming, because it always sees them coming. House style: chibi-proportioned stylized 3D, flat toon/cel-shading (max two-tone gradient, no PBR falloff), rounded chunky forms with visible thickness, soft dark outline or additive drop-glow for edge separation (never a realistic cast shadow), saturated flat colour, no gradients past a subtle two-stop, no fine detail, no film grain/vignette/chromatic aberration/lens flare/dust/scratches. Silhouette must read clearly at 32px."
"aurelia-hull-mk1:sprite","ships","keyed","Aurelia Mk. I","Top-down in-run sprite, straight overhead view, centered, nose pointing north. Aurelia Mk. I, an experimental-class starship built by Meridian Yards house style: Survey white with sensor-vane crowns; instruments before armour.. A survey platform with more sensor mass than armour. It has never lost a fight it saw coming, because it always sees them coming. House style: chibi-proportioned stylized 3D, flat toon/cel-shading (max two-tone gradient, no PBR falloff), rounded chunky forms with visible thickness, soft dark outline or additive drop-glow for edge separation (never a realistic cast shadow), saturated flat colour, no gradients past a subtle two-stop, no fine detail, no film grain/vignette/chromatic aberration/lens flare/dust/scratches. Silhouette must read clearly at 32px."
"sable-dart-mk1:portrait","ships","keyed","Sable Dart Mk. I","Hangar portrait, 3/4 hero angle on a plain dark backdrop. Sable Dart Mk. I, an interceptor-class starship built by Helios Industries house style: Sun-gold trim over white ceramic, engines like sunrise.. Helios built it to win races. The Collapse repurposed the finish line. House style: chibi-proportioned stylized 3D, flat toon/cel-shading (max two-tone gradient, no PBR falloff), rounded chunky forms with visible thickness, soft dark outline or additive drop-glow for edge separation (never a realistic cast shadow), saturated flat colour, no gradients past a subtle two-stop, no fine detail, no film grain/vignette/chromatic aberration/lens flare/dust/scratches. Silhouette must read clearly at 32px."
"sable-dart-mk1:sprite","ships","keyed","Sable Dart Mk. I","Top-down in-run sprite, straight overhead view, centered, nose pointing north. Sable Dart Mk. I, an interceptor-class starship built by Helios Industries house style: Sun-gold trim over white ceramic, engines like sunrise.. Helios built it to win races. The Collapse repurposed the finish line. House style: chibi-proportioned stylized 3D, flat toon/cel-shading (max two-tone gradient, no PBR falloff), rounded chunky forms with visible thickness, soft dark outline or additive drop-glow for edge separation (never a realistic cast shadow), saturated flat colour, no gradients past a subtle two-stop, no fine detail, no film grain/vignette/chromatic aberration/lens flare/dust/scratches. Silhouette must read clearly at 32px."
"falchion-mk2:portrait","ships","keyed","Falchion Mk. II","Hangar portrait, 3/4 hero angle on a plain dark backdrop. Falchion Mk. II, an assault-class starship built by Vanguard Fleetworks house style: Predator lines, gunmetal blue, one blade-edge running light.. A duelling hull with the safeties filed off and the paperwork lost on purpose. House style: chibi-proportioned stylized 3D, flat toon/cel-shading (max two-tone gradient, no PBR falloff), rounded chunky forms with visible thickness, soft dark outline or additive drop-glow for edge separation (never a realistic cast shadow), saturated flat colour, no gradients past a subtle two-stop, no fine detail, no film grain/vignette/chromatic aberration/lens flare/dust/scratches. Silhouette must read clearly at 32px."
"falchion-mk2:sprite","ships","keyed","Falchion Mk. II","Top-down in-run sprite, straight overhead view, centered, nose pointing north. Falchion Mk. II, an assault-class starship built by Vanguard Fleetworks house style: Predator lines, gunmetal blue, one blade-edge running light.. A duelling hull with the safeties filed off and the paperwork lost on purpose. House style: chibi-proportioned stylized 3D, flat toon/cel-shading (max two-tone gradient, no PBR falloff), rounded chunky forms with visible thickness, soft dark outline or additive drop-glow for edge separation (never a realistic cast shadow), saturated flat colour, no gradients past a subtle two-stop, no fine detail, no film grain/vignette/chromatic aberration/lens flare/dust/scratches. Silhouette must read clearly at 32px."
"hivemother-mk1:portrait","ships","keyed","Hivemother Mk. I","Hangar portrait, 3/4 hero angle on a plain dark backdrop. Hivemother Mk. I, a carrier-class starship built by Nova Forge house style: Hive-textured hulls with visible drone berths, always slightly in motion.. The mining tools learned to defend themselves. Then they learned to be a fleet. House style: chibi-proportioned stylized 3D, flat toon/cel-shading (max two-tone gradient, no PBR falloff), rounded chunky forms with visible thickness, soft dark outline or additive drop-glow for edge separation (never a realistic cast shadow), saturated flat colour, no gradients past a subtle two-stop, no fine detail, no film grain/vignette/chromatic aberration/lens flare/dust/scratches. Silhouette must read clearly at 32px."
"hivemother-mk1:sprite","ships","keyed","Hivemother Mk. I","Top-down in-run sprite, straight overhead view, centered, nose pointing north. Hivemother Mk. I, a carrier-class starship built by Nova Forge house style: Hive-textured hulls with visible drone berths, always slightly in motion.. The mining tools learned to defend themselves. Then they learned to be a fleet. House style: chibi-proportioned stylized 3D, flat toon/cel-shading (max two-tone gradient, no PBR falloff), rounded chunky forms with visible thickness, soft dark outline or additive drop-glow for edge separation (never a realistic cast shadow), saturated flat colour, no gradients past a subtle two-stop, no fine detail, no film grain/vignette/chromatic aberration/lens flare/dust/scratches. Silhouette must read clearly at 32px."
"dawnspire:portrait","ships","keyed","Dawnspire","Hangar portrait, 3/4 hero angle on a plain dark backdrop. Dawnspire, an ancient-class starship built by Ancient Foundry house style: White stone alloy and gold conduit — hulls that look excavated, not built.. The Foundry did not build the Dawnspire. It excavated her, lit her, and has apologised to her ever since. House style: chibi-proportioned stylized 3D, flat toon/cel-shading (max two-tone gradient, no PBR falloff), rounded chunky forms with visible thickness, soft dark outline or additive drop-glow for edge separation (never a realistic cast shadow), saturated flat colour, no gradients past a subtle two-stop, no fine detail, no film grain/vignette/chromatic aberration/lens flare/dust/scratches. Silhouette must read clearly at 32px."
"dawnspire:sprite","ships","keyed","Dawnspire","Top-down in-run sprite, straight overhead view, centered, nose pointing north. Dawnspire, an ancient-class starship built by Ancient Foundry house style: White stone alloy and gold conduit — hulls that look excavated, not built.. The Foundry did not build the Dawnspire. It excavated her, lit her, and has apologised to her ever since. House style: chibi-proportioned stylized 3D, flat toon/cel-shading (max two-tone gradient, no PBR falloff), rounded chunky forms with visible thickness, soft dark outline or additive drop-glow for edge separation (never a realistic cast shadow), saturated flat colour, no gradients past a subtle two-stop, no fine detail, no film grain/vignette/chromatic aberration/lens flare/dust/scratches. Silhouette must read clearly at 32px."
"ballista-mk3:portrait","ships","keyed","Ballista Mk. III","Hangar portrait, 3/4 hero angle on a plain dark backdrop. Ballista Mk. III, a destroyer-class starship built by Atlas Dynamics house style: Slab geometry, load-bearing everything, bolts you can see from orbit.. Atlas put missiles where missiles should not fit, then reinforced the places that complained. House style: chibi-proportioned stylized 3D, flat toon/cel-shading (max two-tone gradient, no PBR falloff), rounded chunky forms with visible thickness, soft dark outline or additive drop-glow for edge separation (never a realistic cast shadow), saturated flat colour, no gradients past a subtle two-stop, no fine detail, no film grain/vignette/chromatic aberration/lens flare/dust/scratches. Silhouette must read clearly at 32px."
"ballista-mk3:sprite","ships","keyed","Ballista Mk. III","Top-down in-run sprite, straight overhead view, centered, nose pointing north. Ballista Mk. III, a destroyer-class starship built by Atlas Dynamics house style: Slab geometry, load-bearing everything, bolts you can see from orbit.. Atlas put missiles where missiles should not fit, then reinforced the places that complained. House style: chibi-proportioned stylized 3D, flat toon/cel-shading (max two-tone gradient, no PBR falloff), rounded chunky forms with visible thickness, soft dark outline or additive drop-glow for edge separation (never a realistic cast shadow), saturated flat colour, no gradients past a subtle two-stop, no fine detail, no film grain/vignette/chromatic aberration/lens flare/dust/scratches. Silhouette must read clearly at 32px."
"caduceus-mk1:portrait","ships","keyed","Caduceus Mk. I","Hangar portrait, 3/4 hero angle on a plain dark backdrop. Caduceus Mk. I, an engineer-class starship built by Aegis Systems house style: Rounded white hulls, green field-lines, medical calm.. Never lost an escorted hull. The record is painted inside the cockpit where only the pilot can read it. House style: chibi-proportioned stylized 3D, flat toon/cel-shading (max two-tone gradient, no PBR falloff), rounded chunky forms with visible thickness, soft dark outline or additive drop-glow for edge separation (never a realistic cast shadow), saturated flat colour, no gradients past a subtle two-stop, no fine detail, no film grain/vignette/chromatic aberration/lens flare/dust/scratches. Silhouette must read clearly at 32px."
"caduceus-mk1:sprite","ships","keyed","Caduceus Mk. I","Top-down in-run sprite, straight overhead view, centered, nose pointing north. Caduceus Mk. I, an engineer-class starship built by Aegis Systems house style: Rounded white hulls, green field-lines, medical calm.. Never lost an escorted hull. The record is painted inside the cockpit where only the pilot can read it. House style: chibi-proportioned stylized 3D, flat toon/cel-shading (max two-tone gradient, no PBR falloff), rounded chunky forms with visible thickness, soft dark outline or additive drop-glow for edge separation (never a realistic cast shadow), saturated flat colour, no gradients past a subtle two-stop, no fine detail, no film grain/vignette/chromatic aberration/lens flare/dust/scratches. Silhouette must read clearly at 32px."
"maelstrom-x1:portrait","ships","keyed","Maelstrom X-1","Hangar portrait, 3/4 hero angle on a plain dark backdrop. Maelstrom X-1, a prototype-class starship built by Prototype Division house style: Mismatched panels, exposed telemetry, warning stencils in three languages.. The shear field works. The warning stencils are for everything else. House style: chibi-proportioned stylized 3D, flat toon/cel-shading (max two-tone gradient, no PBR falloff), rounded chunky forms with visible thickness, soft dark outline or additive drop-glow for edge separation (never a realistic cast shadow), saturated flat colour, no gradients past a subtle two-stop, no fine detail, no film grain/vignette/chromatic aberration/lens flare/dust/scratches. Silhouette must read clearly at 32px."
"maelstrom-x1:sprite","ships","keyed","Maelstrom X-1","Top-down in-run sprite, straight overhead view, centered, nose pointing north. Maelstrom X-1, a prototype-class starship built by Prototype Division house style: Mismatched panels, exposed telemetry, warning stencils in three languages.. The shear field works. The warning stencils are for everything else. House style: chibi-proportioned stylized 3D, flat toon/cel-shading (max two-tone gradient, no PBR falloff), rounded chunky forms with visible thickness, soft dark outline or additive drop-glow for edge separation (never a realistic cast shadow), saturated flat colour, no gradients past a subtle two-stop, no fine detail, no film grain/vignette/chromatic aberration/lens flare/dust/scratches. Silhouette must read clearly at 32px."
"coil-ripper:icon","weapons","keyed","Coil Ripper","Inventory/HUD icon on transparent background, centered, 3/4 angle. Coil Ripper, a ballistic weapon by Halcyon Driveworks house style: Expedition white with exposed coil windings.. A miner's tool repurposed into something that shouldn't pierce hull plate. It does anyway. House style: chibi-proportioned stylized 3D, flat toon/cel-shading (max two-tone gradient, no PBR falloff), rounded chunky forms with visible thickness, soft dark outline or additive drop-glow for edge separation (never a realistic cast shadow), saturated flat colour, no gradients past a subtle two-stop, no fine detail, no film grain/vignette/chromatic aberration/lens flare/dust/scratches. Silhouette must read clearly at 32px."
"coil-ripper:projectile","weapons","keyed","Coil Ripper","Projectile sprite for its ""piercing"" behaviour and ""singleShot"" fire pattern. Coil Ripper, a ballistic weapon by Halcyon Driveworks house style: Expedition white with exposed coil windings.. A miner's tool repurposed into something that shouldn't pierce hull plate. It does anyway. House style: chibi-proportioned stylized 3D, flat toon/cel-shading (max two-tone gradient, no PBR falloff), rounded chunky forms with visible thickness, soft dark outline or additive drop-glow for edge separation (never a realistic cast shadow), saturated flat colour, no gradients past a subtle two-stop, no fine detail, no film grain/vignette/chromatic aberration/lens flare/dust/scratches. Silhouette must read clearly at 32px."
"coil-ripper:muzzle","weapons","additive","Coil Ripper","Muzzle-flash VFX at the moment of firing, matching its ""singleShot"" spawn geometry. Coil Ripper, a ballistic weapon by Halcyon Driveworks house style: Expedition white with exposed coil windings.. A miner's tool repurposed into something that shouldn't pierce hull plate. It does anyway. House VFX style: large, few, rounded particles — fat circles, chunky stars, thick rings. Never fine dust, realistic smoke, or lens flares. Additive glow clipped tight to the source. Flat saturated colour, no gradients past a subtle two-stop, nothing gritty. Must read clearly at 32px, never obscure a silhouette for more than ~200ms."
"coil-ripper:impact","weapons","additive","Coil Ripper","Impact VFX where the projectile lands, brief and bold. Coil Ripper, a ballistic weapon by Halcyon Driveworks house style: Expedition white with exposed coil windings.. A miner's tool repurposed into something that shouldn't pierce hull plate. It does anyway. House VFX style: large, few, rounded particles — fat circles, chunky stars, thick rings. Never fine dust, realistic smoke, or lens flares. Additive glow clipped tight to the source. Flat saturated colour, no gradients past a subtle two-stop, nothing gritty. Must read clearly at 32px, never obscure a silhouette for more than ~200ms."
"coil-ripper-mk2:icon","weapons","keyed","Coil Ripper Mk. II","Inventory/HUD icon on transparent background, centered, 3/4 angle. Coil Ripper Mk. II, an arc weapon by Halcyon Driveworks house style: Expedition white with exposed coil windings.. The evolved coil no longer just pierces — it arcs between everything it grazes. House style: chibi-proportioned stylized 3D, flat toon/cel-shading (max two-tone gradient, no PBR falloff), rounded chunky forms with visible thickness, soft dark outline or additive drop-glow for edge separation (never a realistic cast shadow), saturated flat colour, no gradients past a subtle two-stop, no fine detail, no film grain/vignette/chromatic aberration/lens flare/dust/scratches. Silhouette must read clearly at 32px."
"coil-ripper-mk2:projectile","weapons","keyed","Coil Ripper Mk. II","Projectile sprite for its ""chainLightning"" behaviour and ""chain"" fire pattern. Coil Ripper Mk. II, an arc weapon by Halcyon Driveworks house style: Expedition white with exposed coil windings.. The evolved coil no longer just pierces — it arcs between everything it grazes. House style: chibi-proportioned stylized 3D, flat toon/cel-shading (max two-tone gradient, no PBR falloff), rounded chunky forms with visible thickness, soft dark outline or additive drop-glow for edge separation (never a realistic cast shadow), saturated flat colour, no gradients past a subtle two-stop, no fine detail, no film grain/vignette/chromatic aberration/lens flare/dust/scratches. Silhouette must read clearly at 32px."
"coil-ripper-mk2:muzzle","weapons","additive","Coil Ripper Mk. II","Muzzle-flash VFX at the moment of firing, matching its ""chain"" spawn geometry. Coil Ripper Mk. II, an arc weapon by Halcyon Driveworks house style: Expedition white with exposed coil windings.. The evolved coil no longer just pierces — it arcs between everything it grazes. House VFX style: large, few, rounded particles — fat circles, chunky stars, thick rings. Never fine dust, realistic smoke, or lens flares. Additive glow clipped tight to the source. Flat saturated colour, no gradients past a subtle two-stop, nothing gritty. Must read clearly at 32px, never obscure a silhouette for more than ~200ms."
"coil-ripper-mk2:impact","weapons","additive","Coil Ripper Mk. II","Impact VFX where the projectile lands, brief and bold. Coil Ripper Mk. II, an arc weapon by Halcyon Driveworks house style: Expedition white with exposed coil windings.. The evolved coil no longer just pierces — it arcs between everything it grazes. House VFX style: large, few, rounded particles — fat circles, chunky stars, thick rings. Never fine dust, realistic smoke, or lens flares. Additive glow clipped tight to the source. Flat saturated colour, no gradients past a subtle two-stop, nothing gritty. Must read clearly at 32px, never obscure a silhouette for more than ~200ms."
"novasplitter:icon","weapons","keyed","Novasplitter","Inventory/HUD icon on transparent background, centered, 3/4 angle. Novasplitter, a flak weapon by Ironmoor Foundry house style: Foundry grey, proud welds, recoil handled by mass.. Fires wide, forgives poor aim, punishes crowds. House style: chibi-proportioned stylized 3D, flat toon/cel-shading (max two-tone gradient, no PBR falloff), rounded chunky forms with visible thickness, soft dark outline or additive drop-glow for edge separation (never a realistic cast shadow), saturated flat colour, no gradients past a subtle two-stop, no fine detail, no film grain/vignette/chromatic aberration/lens flare/dust/scratches. Silhouette must read clearly at 32px."
"novasplitter:projectile","weapons","keyed","Novasplitter","Projectile sprite for its ""explosive"" behaviour and ""nova"" fire pattern. Novasplitter, a flak weapon by Ironmoor Foundry house style: Foundry grey, proud welds, recoil handled by mass.. Fires wide, forgives poor aim, punishes crowds. House style: chibi-proportioned stylized 3D, flat toon/cel-shading (max two-tone gradient, no PBR falloff), rounded chunky forms with visible thickness, soft dark outline or additive drop-glow for edge separation (never a realistic cast shadow), saturated flat colour, no gradients past a subtle two-stop, no fine detail, no film grain/vignette/chromatic aberration/lens flare/dust/scratches. Silhouette must read clearly at 32px."
"novasplitter:muzzle","weapons","additive","Novasplitter","Muzzle-flash VFX at the moment of firing, matching its ""nova"" spawn geometry. Novasplitter, a flak weapon by Ironmoor Foundry house style: Foundry grey, proud welds, recoil handled by mass.. Fires wide, forgives poor aim, punishes crowds. House VFX style: large, few, rounded particles — fat circles, chunky stars, thick rings. Never fine dust, realistic smoke, or lens flares. Additive glow clipped tight to the source. Flat saturated colour, no gradients past a subtle two-stop, nothing gritty. Must read clearly at 32px, never obscure a silhouette for more than ~200ms."
"novasplitter:impact","weapons","additive","Novasplitter","Impact VFX where the projectile lands, brief and bold. Novasplitter, a flak weapon by Ironmoor Foundry house style: Foundry grey, proud welds, recoil handled by mass.. Fires wide, forgives poor aim, punishes crowds. House VFX style: large, few, rounded particles — fat circles, chunky stars, thick rings. Never fine dust, realistic smoke, or lens flares. Additive glow clipped tight to the source. Flat saturated colour, no gradients past a subtle two-stop, nothing gritty. Must read clearly at 32px, never obscure a silhouette for more than ~200ms."
"voidlance:icon","weapons","keyed","Voidlance","Inventory/HUD icon on transparent background, centered, 3/4 angle. Voidlance, a void weapon by Void Legion Remnant house style: Seams of not-quite-black that drip upward.. It does not fire so much as it insists. House style: chibi-proportioned stylized 3D, flat toon/cel-shading (max two-tone gradient, no PBR falloff), rounded chunky forms with visible thickness, soft dark outline or additive drop-glow for edge separation (never a realistic cast shadow), saturated flat colour, no gradients past a subtle two-stop, no fine detail, no film grain/vignette/chromatic aberration/lens flare/dust/scratches. Silhouette must read clearly at 32px."
"voidlance:projectile","weapons","keyed","Voidlance","Projectile sprite for its ""persistentBeam"" behaviour and ""beam"" fire pattern. Voidlance, a void weapon by Void Legion Remnant house style: Seams of not-quite-black that drip upward.. It does not fire so much as it insists. House style: chibi-proportioned stylized 3D, flat toon/cel-shading (max two-tone gradient, no PBR falloff), rounded chunky forms with visible thickness, soft dark outline or additive drop-glow for edge separation (never a realistic cast shadow), saturated flat colour, no gradients past a subtle two-stop, no fine detail, no film grain/vignette/chromatic aberration/lens flare/dust/scratches. Silhouette must read clearly at 32px."
"voidlance:muzzle","weapons","additive","Voidlance","Muzzle-flash VFX at the moment of firing, matching its ""beam"" spawn geometry. Voidlance, a void weapon by Void Legion Remnant house style: Seams of not-quite-black that drip upward.. It does not fire so much as it insists. House VFX style: large, few, rounded particles — fat circles, chunky stars, thick rings. Never fine dust, realistic smoke, or lens flares. Additive glow clipped tight to the source. Flat saturated colour, no gradients past a subtle two-stop, nothing gritty. Must read clearly at 32px, never obscure a silhouette for more than ~200ms."
"voidlance:impact","weapons","additive","Voidlance","Impact VFX where the projectile lands, brief and bold. Voidlance, a void weapon by Void Legion Remnant house style: Seams of not-quite-black that drip upward.. It does not fire so much as it insists. House VFX style: large, few, rounded particles — fat circles, chunky stars, thick rings. Never fine dust, realistic smoke, or lens flares. Additive glow clipped tight to the source. Flat saturated colour, no gradients past a subtle two-stop, nothing gritty. Must read clearly at 32px, never obscure a silhouette for more than ~200ms."
"hailborn-array:icon","weapons","keyed","Hailborn Array","Inventory/HUD icon on transparent background, centered, 3/4 angle. Hailborn Array, a crystal weapon by Meridian Yards house style: Survey-white lattices grown around instrument cores.. Grown, not machined — the lattice fires the winter it remembers from Winterline's survey runs. House style: chibi-proportioned stylized 3D, flat toon/cel-shading (max two-tone gradient, no PBR falloff), rounded chunky forms with visible thickness, soft dark outline or additive drop-glow for edge separation (never a realistic cast shadow), saturated flat colour, no gradients past a subtle two-stop, no fine detail, no film grain/vignette/chromatic aberration/lens flare/dust/scratches. Silhouette must read clearly at 32px."
"hailborn-array:projectile","weapons","keyed","Hailborn Array","Projectile sprite for its ""splitting"" behaviour and ""spread"" fire pattern. Hailborn Array, a crystal weapon by Meridian Yards house style: Survey-white lattices grown around instrument cores.. Grown, not machined — the lattice fires the winter it remembers from Winterline's survey runs. House style: chibi-proportioned stylized 3D, flat toon/cel-shading (max two-tone gradient, no PBR falloff), rounded chunky forms with visible thickness, soft dark outline or additive drop-glow for edge separation (never a realistic cast shadow), saturated flat colour, no gradients past a subtle two-stop, no fine detail, no film grain/vignette/chromatic aberration/lens flare/dust/scratches. Silhouette must read clearly at 32px."
"hailborn-array:muzzle","weapons","additive","Hailborn Array","Muzzle-flash VFX at the moment of firing, matching its ""spread"" spawn geometry. Hailborn Array, a crystal weapon by Meridian Yards house style: Survey-white lattices grown around instrument cores.. Grown, not machined — the lattice fires the winter it remembers from Winterline's survey runs. House VFX style: large, few, rounded particles — fat circles, chunky stars, thick rings. Never fine dust, realistic smoke, or lens flares. Additive glow clipped tight to the source. Flat saturated colour, no gradients past a subtle two-stop, nothing gritty. Must read clearly at 32px, never obscure a silhouette for more than ~200ms."
"hailborn-array:impact","weapons","additive","Hailborn Array","Impact VFX where the projectile lands, brief and bold. Hailborn Array, a crystal weapon by Meridian Yards house style: Survey-white lattices grown around instrument cores.. Grown, not machined — the lattice fires the winter it remembers from Winterline's survey runs. House VFX style: large, few, rounded particles — fat circles, chunky stars, thick rings. Never fine dust, realistic smoke, or lens flares. Additive glow clipped tight to the source. Flat saturated colour, no gradients past a subtle two-stop, nothing gritty. Must read clearly at 32px, never obscure a silhouette for more than ~200ms."
"swarm-tender:icon","weapons","keyed","Swarm Tender","Inventory/HUD icon on transparent background, centered, 3/4 angle. Swarm Tender, a summon weapon by Halcyon Driveworks house style: Expedition white with exposed coil windings.. Doesn't fire so much as release — a tending drone that never comes back to dock. House style: chibi-proportioned stylized 3D, flat toon/cel-shading (max two-tone gradient, no PBR falloff), rounded chunky forms with visible thickness, soft dark outline or additive drop-glow for edge separation (never a realistic cast shadow), saturated flat colour, no gradients past a subtle two-stop, no fine detail, no film grain/vignette/chromatic aberration/lens flare/dust/scratches. Silhouette must read clearly at 32px."
"swarm-tender:projectile","weapons","keyed","Swarm Tender","Projectile sprite for its ""orbiting"" behaviour and ""orbit"" fire pattern. Swarm Tender, a summon weapon by Halcyon Driveworks house style: Expedition white with exposed coil windings.. Doesn't fire so much as release — a tending drone that never comes back to dock. House style: chibi-proportioned stylized 3D, flat toon/cel-shading (max two-tone gradient, no PBR falloff), rounded chunky forms with visible thickness, soft dark outline or additive drop-glow for edge separation (never a realistic cast shadow), saturated flat colour, no gradients past a subtle two-stop, no fine detail, no film grain/vignette/chromatic aberration/lens flare/dust/scratches. Silhouette must read clearly at 32px."
"swarm-tender:muzzle","weapons","additive","Swarm Tender","Muzzle-flash VFX at the moment of firing, matching its ""orbit"" spawn geometry. Swarm Tender, a summon weapon by Halcyon Driveworks house style: Expedition white with exposed coil windings.. Doesn't fire so much as release — a tending drone that never comes back to dock. House VFX style: large, few, rounded particles — fat circles, chunky stars, thick rings. Never fine dust, realistic smoke, or lens flares. Additive glow clipped tight to the source. Flat saturated colour, no gradients past a subtle two-stop, nothing gritty. Must read clearly at 32px, never obscure a silhouette for more than ~200ms."
"swarm-tender:impact","weapons","additive","Swarm Tender","Impact VFX where the projectile lands, brief and bold. Swarm Tender, a summon weapon by Halcyon Driveworks house style: Expedition white with exposed coil windings.. Doesn't fire so much as release — a tending drone that never comes back to dock. House VFX style: large, few, rounded particles — fat circles, chunky stars, thick rings. Never fine dust, realistic smoke, or lens flares. Additive glow clipped tight to the source. Flat saturated colour, no gradients past a subtle two-stop, nothing gritty. Must read clearly at 32px, never obscure a silhouette for more than ~200ms."
"spore-lance:icon","weapons","keyed","Spore Lance","Inventory/HUD icon on transparent background, centered, 3/4 angle. Spore Lance, a plasma weapon by Meridian Yards house style: Survey-white lattices grown around instrument cores.. Grown from the same lattice as Winterline's crystal work — this one blooms toxin instead of frost. House style: chibi-proportioned stylized 3D, flat toon/cel-shading (max two-tone gradient, no PBR falloff), rounded chunky forms with visible thickness, soft dark outline or additive drop-glow for edge separation (never a realistic cast shadow), saturated flat colour, no gradients past a subtle two-stop, no fine detail, no film grain/vignette/chromatic aberration/lens flare/dust/scratches. Silhouette must read clearly at 32px."
"spore-lance:projectile","weapons","keyed","Spore Lance","Projectile sprite for its ""piercing"" behaviour and ""burst"" fire pattern. Spore Lance, a plasma weapon by Meridian Yards house style: Survey-white lattices grown around instrument cores.. Grown from the same lattice as Winterline's crystal work — this one blooms toxin instead of frost. House style: chibi-proportioned stylized 3D, flat toon/cel-shading (max two-tone gradient, no PBR falloff), rounded chunky forms with visible thickness, soft dark outline or additive drop-glow for edge separation (never a realistic cast shadow), saturated flat colour, no gradients past a subtle two-stop, no fine detail, no film grain/vignette/chromatic aberration/lens flare/dust/scratches. Silhouette must read clearly at 32px."
"spore-lance:muzzle","weapons","additive","Spore Lance","Muzzle-flash VFX at the moment of firing, matching its ""burst"" spawn geometry. Spore Lance, a plasma weapon by Meridian Yards house style: Survey-white lattices grown around instrument cores.. Grown from the same lattice as Winterline's crystal work — this one blooms toxin instead of frost. House VFX style: large, few, rounded particles — fat circles, chunky stars, thick rings. Never fine dust, realistic smoke, or lens flares. Additive glow clipped tight to the source. Flat saturated colour, no gradients past a subtle two-stop, nothing gritty. Must read clearly at 32px, never obscure a silhouette for more than ~200ms."
"spore-lance:impact","weapons","additive","Spore Lance","Impact VFX where the projectile lands, brief and bold. Spore Lance, a plasma weapon by Meridian Yards house style: Survey-white lattices grown around instrument cores.. Grown from the same lattice as Winterline's crystal work — this one blooms toxin instead of frost. House VFX style: large, few, rounded particles — fat circles, chunky stars, thick rings. Never fine dust, realistic smoke, or lens flares. Additive glow clipped tight to the source. Flat saturated colour, no gradients past a subtle two-stop, nothing gritty. Must read clearly at 32px, never obscure a silhouette for more than ~200ms."
"atlas-cluster-battery:icon","weapons","keyed","Atlas Cluster Battery","Inventory/HUD icon on transparent background, centered, 3/4 angle. Atlas Cluster Battery, a missile weapon by Atlas Dynamics house style: Slab breeches, visible bolts, ammunition counted in crates.. One more warhead always fits. Atlas checked. House style: chibi-proportioned stylized 3D, flat toon/cel-shading (max two-tone gradient, no PBR falloff), rounded chunky forms with visible thickness, soft dark outline or additive drop-glow for edge separation (never a realistic cast shadow), saturated flat colour, no gradients past a subtle two-stop, no fine detail, no film grain/vignette/chromatic aberration/lens flare/dust/scratches. Silhouette must read clearly at 32px."
"atlas-cluster-battery:projectile","weapons","keyed","Atlas Cluster Battery","Projectile sprite for its ""explosive"" behaviour and ""spread"" fire pattern. Atlas Cluster Battery, a missile weapon by Atlas Dynamics house style: Slab breeches, visible bolts, ammunition counted in crates.. One more warhead always fits. Atlas checked. House style: chibi-proportioned stylized 3D, flat toon/cel-shading (max two-tone gradient, no PBR falloff), rounded chunky forms with visible thickness, soft dark outline or additive drop-glow for edge separation (never a realistic cast shadow), saturated flat colour, no gradients past a subtle two-stop, no fine detail, no film grain/vignette/chromatic aberration/lens flare/dust/scratches. Silhouette must read clearly at 32px."
"atlas-cluster-battery:muzzle","weapons","additive","Atlas Cluster Battery","Muzzle-flash VFX at the moment of firing, matching its ""spread"" spawn geometry. Atlas Cluster Battery, a missile weapon by Atlas Dynamics house style: Slab breeches, visible bolts, ammunition counted in crates.. One more warhead always fits. Atlas checked. House VFX style: large, few, rounded particles — fat circles, chunky stars, thick rings. Never fine dust, realistic smoke, or lens flares. Additive glow clipped tight to the source. Flat saturated colour, no gradients past a subtle two-stop, nothing gritty. Must read clearly at 32px, never obscure a silhouette for more than ~200ms."
"atlas-cluster-battery:impact","weapons","additive","Atlas Cluster Battery","Impact VFX where the projectile lands, brief and bold. Atlas Cluster Battery, a missile weapon by Atlas Dynamics house style: Slab breeches, visible bolts, ammunition counted in crates.. One more warhead always fits. Atlas checked. House VFX style: large, few, rounded particles — fat circles, chunky stars, thick rings. Never fine dust, realistic smoke, or lens flares. Additive glow clipped tight to the source. Flat saturated colour, no gradients past a subtle two-stop, nothing gritty. Must read clearly at 32px, never obscure a silhouette for more than ~200ms."
"helios-prism-array:icon","weapons","keyed","Helios Prism Array","Inventory/HUD icon on transparent background, centered, 3/4 angle. Helios Prism Array, a laser weapon by Helios Industries house style: Sun-gold emitter housings over white ceramic.. One beam in, several arguments out — the prism does not negotiate. House style: chibi-proportioned stylized 3D, flat toon/cel-shading (max two-tone gradient, no PBR falloff), rounded chunky forms with visible thickness, soft dark outline or additive drop-glow for edge separation (never a realistic cast shadow), saturated flat colour, no gradients past a subtle two-stop, no fine detail, no film grain/vignette/chromatic aberration/lens flare/dust/scratches. Silhouette must read clearly at 32px."
"helios-prism-array:projectile","weapons","keyed","Helios Prism Array","Projectile sprite for its ""piercing"" behaviour and ""spread"" fire pattern. Helios Prism Array, a laser weapon by Helios Industries house style: Sun-gold emitter housings over white ceramic.. One beam in, several arguments out — the prism does not negotiate. House style: chibi-proportioned stylized 3D, flat toon/cel-shading (max two-tone gradient, no PBR falloff), rounded chunky forms with visible thickness, soft dark outline or additive drop-glow for edge separation (never a realistic cast shadow), saturated flat colour, no gradients past a subtle two-stop, no fine detail, no film grain/vignette/chromatic aberration/lens flare/dust/scratches. Silhouette must read clearly at 32px."
"helios-prism-array:muzzle","weapons","additive","Helios Prism Array","Muzzle-flash VFX at the moment of firing, matching its ""spread"" spawn geometry. Helios Prism Array, a laser weapon by Helios Industries house style: Sun-gold emitter housings over white ceramic.. One beam in, several arguments out — the prism does not negotiate. House VFX style: large, few, rounded particles — fat circles, chunky stars, thick rings. Never fine dust, realistic smoke, or lens flares. Additive glow clipped tight to the source. Flat saturated colour, no gradients past a subtle two-stop, nothing gritty. Must read clearly at 32px, never obscure a silhouette for more than ~200ms."
"helios-prism-array:impact","weapons","additive","Helios Prism Array","Impact VFX where the projectile lands, brief and bold. Helios Prism Array, a laser weapon by Helios Industries house style: Sun-gold emitter housings over white ceramic.. One beam in, several arguments out — the prism does not negotiate. House VFX style: large, few, rounded particles — fat circles, chunky stars, thick rings. Never fine dust, realistic smoke, or lens flares. Additive glow clipped tight to the source. Flat saturated colour, no gradients past a subtle two-stop, nothing gritty. Must read clearly at 32px, never obscure a silhouette for more than ~200ms."
"paragon-flux-driver:icon","weapons","keyed","Paragon Flux Driver","Inventory/HUD icon on transparent background, centered, 3/4 angle. Paragon Flux Driver, a singularity weapon by Paragon Laboratories house style: Exposed telemetry, warning stencils, one fresh weld always cooling.. The manual's final page is an apology. The fire mode works anyway. House style: chibi-proportioned stylized 3D, flat toon/cel-shading (max two-tone gradient, no PBR falloff), rounded chunky forms with visible thickness, soft dark outline or additive drop-glow for edge separation (never a realistic cast shadow), saturated flat colour, no gradients past a subtle two-stop, no fine detail, no film grain/vignette/chromatic aberration/lens flare/dust/scratches. Silhouette must read clearly at 32px."
"paragon-flux-driver:projectile","weapons","keyed","Paragon Flux Driver","Projectile sprite for its ""gravityAffected"" behaviour and ""chargedShot"" fire pattern. Paragon Flux Driver, a singularity weapon by Paragon Laboratories house style: Exposed telemetry, warning stencils, one fresh weld always cooling.. The manual's final page is an apology. The fire mode works anyway. House style: chibi-proportioned stylized 3D, flat toon/cel-shading (max two-tone gradient, no PBR falloff), rounded chunky forms with visible thickness, soft dark outline or additive drop-glow for edge separation (never a realistic cast shadow), saturated flat colour, no gradients past a subtle two-stop, no fine detail, no film grain/vignette/chromatic aberration/lens flare/dust/scratches. Silhouette must read clearly at 32px."
"paragon-flux-driver:muzzle","weapons","additive","Paragon Flux Driver","Muzzle-flash VFX at the moment of firing, matching its ""chargedShot"" spawn geometry. Paragon Flux Driver, a singularity weapon by Paragon Laboratories house style: Exposed telemetry, warning stencils, one fresh weld always cooling.. The manual's final page is an apology. The fire mode works anyway. House VFX style: large, few, rounded particles — fat circles, chunky stars, thick rings. Never fine dust, realistic smoke, or lens flares. Additive glow clipped tight to the source. Flat saturated colour, no gradients past a subtle two-stop, nothing gritty. Must read clearly at 32px, never obscure a silhouette for more than ~200ms."
"paragon-flux-driver:impact","weapons","additive","Paragon Flux Driver","Impact VFX where the projectile lands, brief and bold. Paragon Flux Driver, a singularity weapon by Paragon Laboratories house style: Exposed telemetry, warning stencils, one fresh weld always cooling.. The manual's final page is an apology. The fire mode works anyway. House VFX style: large, few, rounded particles — fat circles, chunky stars, thick rings. Never fine dust, realistic smoke, or lens flares. Additive glow clipped tight to the source. Flat saturated colour, no gradients past a subtle two-stop, nothing gritty. Must read clearly at 32px, never obscure a silhouette for more than ~200ms."
"foundry-sunlance:icon","weapons","keyed","Foundry Sunlance","Inventory/HUD icon on transparent background, centered, 3/4 angle. Foundry Sunlance, an ancient weapon by Ancient Foundry house style: White stone alloy and gold conduit, excavated not machined.. It recognises what it was built to guard against. It has been waiting to say so. House style: chibi-proportioned stylized 3D, flat toon/cel-shading (max two-tone gradient, no PBR falloff), rounded chunky forms with visible thickness, soft dark outline or additive drop-glow for edge separation (never a realistic cast shadow), saturated flat colour, no gradients past a subtle two-stop, no fine detail, no film grain/vignette/chromatic aberration/lens flare/dust/scratches. Silhouette must read clearly at 32px."
"foundry-sunlance:projectile","weapons","keyed","Foundry Sunlance","Projectile sprite for its ""persistentBeam"" behaviour and ""beam"" fire pattern. Foundry Sunlance, an ancient weapon by Ancient Foundry house style: White stone alloy and gold conduit, excavated not machined.. It recognises what it was built to guard against. It has been waiting to say so. House style: chibi-proportioned stylized 3D, flat toon/cel-shading (max two-tone gradient, no PBR falloff), rounded chunky forms with visible thickness, soft dark outline or additive drop-glow for edge separation (never a realistic cast shadow), saturated flat colour, no gradients past a subtle two-stop, no fine detail, no film grain/vignette/chromatic aberration/lens flare/dust/scratches. Silhouette must read clearly at 32px."
"foundry-sunlance:muzzle","weapons","additive","Foundry Sunlance","Muzzle-flash VFX at the moment of firing, matching its ""beam"" spawn geometry. Foundry Sunlance, an ancient weapon by Ancient Foundry house style: White stone alloy and gold conduit, excavated not machined.. It recognises what it was built to guard against. It has been waiting to say so. House VFX style: large, few, rounded particles — fat circles, chunky stars, thick rings. Never fine dust, realistic smoke, or lens flares. Additive glow clipped tight to the source. Flat saturated colour, no gradients past a subtle two-stop, nothing gritty. Must read clearly at 32px, never obscure a silhouette for more than ~200ms."
"foundry-sunlance:impact","weapons","additive","Foundry Sunlance","Impact VFX where the projectile lands, brief and bold. Foundry Sunlance, an ancient weapon by Ancient Foundry house style: White stone alloy and gold conduit, excavated not machined.. It recognises what it was built to guard against. It has been waiting to say so. House VFX style: large, few, rounded particles — fat circles, chunky stars, thick rings. Never fine dust, realistic smoke, or lens flares. Additive glow clipped tight to the source. Flat saturated colour, no gradients past a subtle two-stop, nothing gritty. Must read clearly at 32px, never obscure a silhouette for more than ~200ms."
"salvage-scattergun:icon","weapons","keyed","Salvage Scattergun","Inventory/HUD icon on transparent background, centered, 3/4 angle. Salvage Scattergun, a flak weapon by Frontier Salvage house style: Mismatched panels, honest rust, stencilled serials from three fleets.. Every barrel has a previous owner. All of them agreed to this. House style: chibi-proportioned stylized 3D, flat toon/cel-shading (max two-tone gradient, no PBR falloff), rounded chunky forms with visible thickness, soft dark outline or additive drop-glow for edge separation (never a realistic cast shadow), saturated flat colour, no gradients past a subtle two-stop, no fine detail, no film grain/vignette/chromatic aberration/lens flare/dust/scratches. Silhouette must read clearly at 32px."
"salvage-scattergun:projectile","weapons","keyed","Salvage Scattergun","Projectile sprite for its ""straight"" behaviour and ""arc"" fire pattern. Salvage Scattergun, a flak weapon by Frontier Salvage house style: Mismatched panels, honest rust, stencilled serials from three fleets.. Every barrel has a previous owner. All of them agreed to this. House style: chibi-proportioned stylized 3D, flat toon/cel-shading (max two-tone gradient, no PBR falloff), rounded chunky forms with visible thickness, soft dark outline or additive drop-glow for edge separation (never a realistic cast shadow), saturated flat colour, no gradients past a subtle two-stop, no fine detail, no film grain/vignette/chromatic aberration/lens flare/dust/scratches. Silhouette must read clearly at 32px."
"salvage-scattergun:muzzle","weapons","additive","Salvage Scattergun","Muzzle-flash VFX at the moment of firing, matching its ""arc"" spawn geometry. Salvage Scattergun, a flak weapon by Frontier Salvage house style: Mismatched panels, honest rust, stencilled serials from three fleets.. Every barrel has a previous owner. All of them agreed to this. House VFX style: large, few, rounded particles — fat circles, chunky stars, thick rings. Never fine dust, realistic smoke, or lens flares. Additive glow clipped tight to the source. Flat saturated colour, no gradients past a subtle two-stop, nothing gritty. Must read clearly at 32px, never obscure a silhouette for more than ~200ms."
"salvage-scattergun:impact","weapons","additive","Salvage Scattergun","Impact VFX where the projectile lands, brief and bold. Salvage Scattergun, a flak weapon by Frontier Salvage house style: Mismatched panels, honest rust, stencilled serials from three fleets.. Every barrel has a previous owner. All of them agreed to this. House VFX style: large, few, rounded particles — fat circles, chunky stars, thick rings. Never fine dust, realistic smoke, or lens flares. Additive glow clipped tight to the source. Flat saturated colour, no gradients past a subtle two-stop, nothing gritty. Must read clearly at 32px, never obscure a silhouette for more than ~200ms."
"reyes-longlight:portrait","commanders","keyed","Ilsa Reyes","Character portrait, head-and-shoulders, plain backdrop. Ilsa Reyes ""Longlight"", an assault commander of the Human Alliance. The last gunnery officer of a fleet that no longer exists. Design brief: Scorched fleet-grey plate, one gold epaulette from a decommissioned uniform, targeting monocle always lit. House style: chibi-proportioned stylized 3D, flat toon/cel-shading (max two-tone gradient, no PBR falloff), rounded chunky forms with visible thickness, soft dark outline or additive drop-glow for edge separation (never a realistic cast shadow), saturated flat colour, no gradients past a subtle two-stop, no fine detail, no film grain/vignette/chromatic aberration/lens flare/dust/scratches. Silhouette must read clearly at 32px."
"reyes-longlight:sprite","commanders","keyed","Ilsa Reyes","Full-body in-run sprite, standing pose, nose/face pointing north. Ilsa Reyes ""Longlight"", an assault commander of the Human Alliance. The last gunnery officer of a fleet that no longer exists. Design brief: Scorched fleet-grey plate, one gold epaulette from a decommissioned uniform, targeting monocle always lit. House style: chibi-proportioned stylized 3D, flat toon/cel-shading (max two-tone gradient, no PBR falloff), rounded chunky forms with visible thickness, soft dark outline or additive drop-glow for edge separation (never a realistic cast shadow), saturated flat colour, no gradients past a subtle two-stop, no fine detail, no film grain/vignette/chromatic aberration/lens flare/dust/scratches. Silhouette must read clearly at 32px."
"reyes-longlight:ultimate-vfx","commanders","additive","Ilsa Reyes","Ultimate-ability VFX for ""Orbital Strike"". Ilsa Reyes ""Longlight"", an assault commander of the Human Alliance. The last gunnery officer of a fleet that no longer exists. Design brief: Scorched fleet-grey plate, one gold epaulette from a decommissioned uniform, targeting monocle always lit. House VFX style: large, few, rounded particles — fat circles, chunky stars, thick rings. Never fine dust, realistic smoke, or lens flares. Additive glow clipped tight to the source. Flat saturated colour, no gradients past a subtle two-stop, nothing gritty. Must read clearly at 32px, never obscure a silhouette for more than ~200ms."
"vek-ironhull:portrait","commanders","keyed","Vek Tarn","Character portrait, head-and-shoulders, plain backdrop. Vek Tarn ""Ironhull"", a guardian commander of the Machine Collective. Rebuilt three times. Remembers all three deaths. Design brief: Salvage-plated bulk, three weld-seams across the chest — one per death — running lights set to dim amber. House style: chibi-proportioned stylized 3D, flat toon/cel-shading (max two-tone gradient, no PBR falloff), rounded chunky forms with visible thickness, soft dark outline or additive drop-glow for edge separation (never a realistic cast shadow), saturated flat colour, no gradients past a subtle two-stop, no fine detail, no film grain/vignette/chromatic aberration/lens flare/dust/scratches. Silhouette must read clearly at 32px."
"vek-ironhull:sprite","commanders","keyed","Vek Tarn","Full-body in-run sprite, standing pose, nose/face pointing north. Vek Tarn ""Ironhull"", a guardian commander of the Machine Collective. Rebuilt three times. Remembers all three deaths. Design brief: Salvage-plated bulk, three weld-seams across the chest — one per death — running lights set to dim amber. House style: chibi-proportioned stylized 3D, flat toon/cel-shading (max two-tone gradient, no PBR falloff), rounded chunky forms with visible thickness, soft dark outline or additive drop-glow for edge separation (never a realistic cast shadow), saturated flat colour, no gradients past a subtle two-stop, no fine detail, no film grain/vignette/chromatic aberration/lens flare/dust/scratches. Silhouette must read clearly at 32px."
"vek-ironhull:ultimate-vfx","commanders","additive","Vek Tarn","Ultimate-ability VFX for ""Planetary Defence Grid"". Vek Tarn ""Ironhull"", a guardian commander of the Machine Collective. Rebuilt three times. Remembers all three deaths. Design brief: Salvage-plated bulk, three weld-seams across the chest — one per death — running lights set to dim amber. House VFX style: large, few, rounded particles — fat circles, chunky stars, thick rings. Never fine dust, realistic smoke, or lens flares. Additive glow clipped tight to the source. Flat saturated colour, no gradients past a subtle two-stop, nothing gritty. Must read clearly at 32px, never obscure a silhouette for more than ~200ms."
"vael-meridian:portrait","commanders","keyed","Dr. Sen Vael","Character portrait, head-and-shoulders, plain backdrop. Dr. Sen Vael ""Meridian"", a crystalSpecialist commander of the Human Alliance. Wrote the paper proving the Afterlight Network was artificial. Has spent every year since trying to be wrong about the second half. Design brief: Field-research whites gone expedition-grey, sample vials in bandolier rows, annotating everything mid-fight. House style: chibi-proportioned stylized 3D, flat toon/cel-shading (max two-tone gradient, no PBR falloff), rounded chunky forms with visible thickness, soft dark outline or additive drop-glow for edge separation (never a realistic cast shadow), saturated flat colour, no gradients past a subtle two-stop, no fine detail, no film grain/vignette/chromatic aberration/lens flare/dust/scratches. Silhouette must read clearly at 32px."
"vael-meridian:sprite","commanders","keyed","Dr. Sen Vael","Full-body in-run sprite, standing pose, nose/face pointing north. Dr. Sen Vael ""Meridian"", a crystalSpecialist commander of the Human Alliance. Wrote the paper proving the Afterlight Network was artificial. Has spent every year since trying to be wrong about the second half. Design brief: Field-research whites gone expedition-grey, sample vials in bandolier rows, annotating everything mid-fight. House style: chibi-proportioned stylized 3D, flat toon/cel-shading (max two-tone gradient, no PBR falloff), rounded chunky forms with visible thickness, soft dark outline or additive drop-glow for edge separation (never a realistic cast shadow), saturated flat colour, no gradients past a subtle two-stop, no fine detail, no film grain/vignette/chromatic aberration/lens flare/dust/scratches. Silhouette must read clearly at 32px."
"vael-meridian:ultimate-vfx","commanders","additive","Dr. Sen Vael","Ultimate-ability VFX for ""Field Breakthrough"". Dr. Sen Vael ""Meridian"", a crystalSpecialist commander of the Human Alliance. Wrote the paper proving the Afterlight Network was artificial. Has spent every year since trying to be wrong about the second half. Design brief: Field-research whites gone expedition-grey, sample vials in bandolier rows, annotating everything mid-fight. House VFX style: large, few, rounded particles — fat circles, chunky stars, thick rings. Never fine dust, realistic smoke, or lens flares. Additive glow clipped tight to the source. Flat saturated colour, no gradients past a subtle two-stop, nothing gritty. Must read clearly at 32px, never obscure a silhouette for more than ~200ms."
"okoye-torque:portrait","commanders","keyed","Jelan Okoye","Character portrait, head-and-shoulders, plain backdrop. Jelan Okoye ""Torque"", an engineer commander of the Human Alliance. Kept a generation ship running for forty years with spare parts and spite. The restoration is just a bigger engine room. Design brief: Grease-marked utility rig, magnetic tool bandolier, one glove always off. House style: chibi-proportioned stylized 3D, flat toon/cel-shading (max two-tone gradient, no PBR falloff), rounded chunky forms with visible thickness, soft dark outline or additive drop-glow for edge separation (never a realistic cast shadow), saturated flat colour, no gradients past a subtle two-stop, no fine detail, no film grain/vignette/chromatic aberration/lens flare/dust/scratches. Silhouette must read clearly at 32px."
"okoye-torque:sprite","commanders","keyed","Jelan Okoye","Full-body in-run sprite, standing pose, nose/face pointing north. Jelan Okoye ""Torque"", an engineer commander of the Human Alliance. Kept a generation ship running for forty years with spare parts and spite. The restoration is just a bigger engine room. Design brief: Grease-marked utility rig, magnetic tool bandolier, one glove always off. House style: chibi-proportioned stylized 3D, flat toon/cel-shading (max two-tone gradient, no PBR falloff), rounded chunky forms with visible thickness, soft dark outline or additive drop-glow for edge separation (never a realistic cast shadow), saturated flat colour, no gradients past a subtle two-stop, no fine detail, no film grain/vignette/chromatic aberration/lens flare/dust/scratches. Silhouette must read clearly at 32px."
"okoye-torque:ultimate-vfx","commanders","additive","Jelan Okoye","Ultimate-ability VFX for ""Total Overhaul"". Jelan Okoye ""Torque"", an engineer commander of the Human Alliance. Kept a generation ship running for forty years with spare parts and spite. The restoration is just a bigger engine room. Design brief: Grease-marked utility rig, magnetic tool bandolier, one glove always off. House VFX style: large, few, rounded particles — fat circles, chunky stars, thick rings. Never fine dust, realistic smoke, or lens flares. Additive glow clipped tight to the source. Flat saturated colour, no gradients past a subtle two-stop, nothing gritty. Must read clearly at 32px, never obscure a silhouette for more than ~200ms."
"naru-whisper:portrait","commanders","keyed","Ai Naru","Character portrait, head-and-shoulders, plain backdrop. Ai Naru ""Whisper"", a recon commander of the Stellar Nomads. Flew pathfinder for three convoys that never lost a ship. The dark isn't empty, she says. It's just quiet. Design brief: Matte convoy leathers, route-tattoos on both forearms, engine trail dimmed to a breath. House style: chibi-proportioned stylized 3D, flat toon/cel-shading (max two-tone gradient, no PBR falloff), rounded chunky forms with visible thickness, soft dark outline or additive drop-glow for edge separation (never a realistic cast shadow), saturated flat colour, no gradients past a subtle two-stop, no fine detail, no film grain/vignette/chromatic aberration/lens flare/dust/scratches. Silhouette must read clearly at 32px."
"naru-whisper:sprite","commanders","keyed","Ai Naru","Full-body in-run sprite, standing pose, nose/face pointing north. Ai Naru ""Whisper"", a recon commander of the Stellar Nomads. Flew pathfinder for three convoys that never lost a ship. The dark isn't empty, she says. It's just quiet. Design brief: Matte convoy leathers, route-tattoos on both forearms, engine trail dimmed to a breath. House style: chibi-proportioned stylized 3D, flat toon/cel-shading (max two-tone gradient, no PBR falloff), rounded chunky forms with visible thickness, soft dark outline or additive drop-glow for edge separation (never a realistic cast shadow), saturated flat colour, no gradients past a subtle two-stop, no fine detail, no film grain/vignette/chromatic aberration/lens flare/dust/scratches. Silhouette must read clearly at 32px."
"naru-whisper:ultimate-vfx","commanders","additive","Ai Naru","Ultimate-ability VFX for ""Pathfinder Protocol"". Ai Naru ""Whisper"", a recon commander of the Stellar Nomads. Flew pathfinder for three convoys that never lost a ship. The dark isn't empty, she says. It's just quiet. Design brief: Matte convoy leathers, route-tattoos on both forearms, engine trail dimmed to a breath. House VFX style: large, few, rounded particles — fat circles, chunky stars, thick rings. Never fine dust, realistic smoke, or lens flares. Additive glow clipped tight to the source. Flat saturated colour, no gradients past a subtle two-stop, nothing gritty. Must read clearly at 32px, never obscure a silhouette for more than ~200ms."
"vex-longfang:portrait","commanders","keyed","Dain Vex","Character portrait, head-and-shoulders, plain backdrop. Dain Vex ""Longfang"", a recon commander of the Outlaw Havens. Hunted salvage claim-jumpers for the havens until the restoration offered better prey: everything the dark sends. Design brief: Trophy-notched hull plating, one optic permanently zeroed, moves like a slow question. House style: chibi-proportioned stylized 3D, flat toon/cel-shading (max two-tone gradient, no PBR falloff), rounded chunky forms with visible thickness, soft dark outline or additive drop-glow for edge separation (never a realistic cast shadow), saturated flat colour, no gradients past a subtle two-stop, no fine detail, no film grain/vignette/chromatic aberration/lens flare/dust/scratches. Silhouette must read clearly at 32px."
"vex-longfang:sprite","commanders","keyed","Dain Vex","Full-body in-run sprite, standing pose, nose/face pointing north. Dain Vex ""Longfang"", a recon commander of the Outlaw Havens. Hunted salvage claim-jumpers for the havens until the restoration offered better prey: everything the dark sends. Design brief: Trophy-notched hull plating, one optic permanently zeroed, moves like a slow question. House style: chibi-proportioned stylized 3D, flat toon/cel-shading (max two-tone gradient, no PBR falloff), rounded chunky forms with visible thickness, soft dark outline or additive drop-glow for edge separation (never a realistic cast shadow), saturated flat colour, no gradients past a subtle two-stop, no fine detail, no film grain/vignette/chromatic aberration/lens flare/dust/scratches. Silhouette must read clearly at 32px."
"vex-longfang:ultimate-vfx","commanders","additive","Dain Vex","Ultimate-ability VFX for ""Apex Hour"". Dain Vex ""Longfang"", a recon commander of the Outlaw Havens. Hunted salvage claim-jumpers for the havens until the restoration offered better prey: everything the dark sends. Design brief: Trophy-notched hull plating, one optic permanently zeroed, moves like a slow question. House VFX style: large, few, rounded particles — fat circles, chunky stars, thick rings. Never fine dust, realistic smoke, or lens flares. Additive glow clipped tight to the source. Flat saturated colour, no gradients past a subtle two-stop, nothing gritty. Must read clearly at 32px, never obscure a silhouette for more than ~200ms."
"holt-thunderline:portrait","commanders","keyed","Petra Holt","Character portrait, head-and-shoulders, plain backdrop. Petra Holt ""Thunderline"", an orbitalCommander commander of the Human Alliance. Commanded the orbital batteries at the Collapse's last stand. Never stopped believing in preparation as a weapon. Design brief: Battery-command greatcoat, ranging monocle, chalk still on her gloves from the plotting table. House style: chibi-proportioned stylized 3D, flat toon/cel-shading (max two-tone gradient, no PBR falloff), rounded chunky forms with visible thickness, soft dark outline or additive drop-glow for edge separation (never a realistic cast shadow), saturated flat colour, no gradients past a subtle two-stop, no fine detail, no film grain/vignette/chromatic aberration/lens flare/dust/scratches. Silhouette must read clearly at 32px."
"holt-thunderline:sprite","commanders","keyed","Petra Holt","Full-body in-run sprite, standing pose, nose/face pointing north. Petra Holt ""Thunderline"", an orbitalCommander commander of the Human Alliance. Commanded the orbital batteries at the Collapse's last stand. Never stopped believing in preparation as a weapon. Design brief: Battery-command greatcoat, ranging monocle, chalk still on her gloves from the plotting table. House style: chibi-proportioned stylized 3D, flat toon/cel-shading (max two-tone gradient, no PBR falloff), rounded chunky forms with visible thickness, soft dark outline or additive drop-glow for edge separation (never a realistic cast shadow), saturated flat colour, no gradients past a subtle two-stop, no fine detail, no film grain/vignette/chromatic aberration/lens flare/dust/scratches. Silhouette must read clearly at 32px."
"holt-thunderline:ultimate-vfx","commanders","additive","Petra Holt","Ultimate-ability VFX for ""Grid Bombardment"". Petra Holt ""Thunderline"", an orbitalCommander commander of the Human Alliance. Commanded the orbital batteries at the Collapse's last stand. Never stopped believing in preparation as a weapon. Design brief: Battery-command greatcoat, ranging monocle, chalk still on her gloves from the plotting table. House VFX style: large, few, rounded particles — fat circles, chunky stars, thick rings. Never fine dust, realistic smoke, or lens flares. Additive glow clipped tight to the source. Flat saturated colour, no gradients past a subtle two-stop, nothing gritty. Must read clearly at 32px, never obscure a silhouette for more than ~200ms."
"anders-cipher:portrait","commanders","keyed","Rell Anders","Character portrait, head-and-shoulders, plain backdrop. Rell Anders ""Cipher"", a prototypePilot commander of the Independent. Speaks four machine dialects and one the Machines pretend not to recognise. Systems open for them like doors. Design brief: Cable-laced duster, glyph projections orbiting one wrist, never quite looking at you. House style: chibi-proportioned stylized 3D, flat toon/cel-shading (max two-tone gradient, no PBR falloff), rounded chunky forms with visible thickness, soft dark outline or additive drop-glow for edge separation (never a realistic cast shadow), saturated flat colour, no gradients past a subtle two-stop, no fine detail, no film grain/vignette/chromatic aberration/lens flare/dust/scratches. Silhouette must read clearly at 32px."
"anders-cipher:sprite","commanders","keyed","Rell Anders","Full-body in-run sprite, standing pose, nose/face pointing north. Rell Anders ""Cipher"", a prototypePilot commander of the Independent. Speaks four machine dialects and one the Machines pretend not to recognise. Systems open for them like doors. Design brief: Cable-laced duster, glyph projections orbiting one wrist, never quite looking at you. House style: chibi-proportioned stylized 3D, flat toon/cel-shading (max two-tone gradient, no PBR falloff), rounded chunky forms with visible thickness, soft dark outline or additive drop-glow for edge separation (never a realistic cast shadow), saturated flat colour, no gradients past a subtle two-stop, no fine detail, no film grain/vignette/chromatic aberration/lens flare/dust/scratches. Silhouette must read clearly at 32px."
"anders-cipher:ultimate-vfx","commanders","additive","Rell Anders","Ultimate-ability VFX for ""Root Access"". Rell Anders ""Cipher"", a prototypePilot commander of the Independent. Speaks four machine dialects and one the Machines pretend not to recognise. Systems open for them like doors. Design brief: Cable-laced duster, glyph projections orbiting one wrist, never quite looking at you. House VFX style: large, few, rounded particles — fat circles, chunky stars, thick rings. Never fine dust, realistic smoke, or lens flares. Additive glow clipped tight to the source. Flat saturated colour, no gradients past a subtle two-stop, nothing gritty. Must read clearly at 32px, never obscure a silhouette for more than ~200ms."
"kite-aviary:portrait","commanders","keyed","Suno Kite","Character portrait, head-and-shoulders, plain backdrop. Suno Kite ""Aviary"", a droneCommander commander of the Stellar Nomads. Raised a flock of salvage drones from junked parts. They follow without being told. Nobody knows how, including Suno. Design brief: Perch-scarred shoulder plating, a drone always idling at each shoulder like patient birds. House style: chibi-proportioned stylized 3D, flat toon/cel-shading (max two-tone gradient, no PBR falloff), rounded chunky forms with visible thickness, soft dark outline or additive drop-glow for edge separation (never a realistic cast shadow), saturated flat colour, no gradients past a subtle two-stop, no fine detail, no film grain/vignette/chromatic aberration/lens flare/dust/scratches. Silhouette must read clearly at 32px."
"kite-aviary:sprite","commanders","keyed","Suno Kite","Full-body in-run sprite, standing pose, nose/face pointing north. Suno Kite ""Aviary"", a droneCommander commander of the Stellar Nomads. Raised a flock of salvage drones from junked parts. They follow without being told. Nobody knows how, including Suno. Design brief: Perch-scarred shoulder plating, a drone always idling at each shoulder like patient birds. House style: chibi-proportioned stylized 3D, flat toon/cel-shading (max two-tone gradient, no PBR falloff), rounded chunky forms with visible thickness, soft dark outline or additive drop-glow for edge separation (never a realistic cast shadow), saturated flat colour, no gradients past a subtle two-stop, no fine detail, no film grain/vignette/chromatic aberration/lens flare/dust/scratches. Silhouette must read clearly at 32px."
"kite-aviary:ultimate-vfx","commanders","additive","Suno Kite","Ultimate-ability VFX for ""Full Wing"". Suno Kite ""Aviary"", a droneCommander commander of the Stellar Nomads. Raised a flock of salvage drones from junked parts. They follow without being told. Nobody knows how, including Suno. Design brief: Perch-scarred shoulder plating, a drone always idling at each shoulder like patient birds. House VFX style: large, few, rounded particles — fat circles, chunky stars, thick rings. Never fine dust, realistic smoke, or lens flares. Additive glow clipped tight to the source. Flat saturated colour, no gradients past a subtle two-stop, nothing gritty. Must read clearly at 32px, never obscure a silhouette for more than ~200ms."
"sel-keystone:portrait","commanders","keyed","Mara Sel","Character portrait, head-and-shoulders, plain backdrop. Mara Sel ""Keystone"", a voidSpecialist commander of the Independent. Survived a gravity-well collapse that should have folded her ship into a point. Came back understanding weight. Design brief: Counterweighted rig that hangs wrong in every gravity, hair drifting a half-second late. House style: chibi-proportioned stylized 3D, flat toon/cel-shading (max two-tone gradient, no PBR falloff), rounded chunky forms with visible thickness, soft dark outline or additive drop-glow for edge separation (never a realistic cast shadow), saturated flat colour, no gradients past a subtle two-stop, no fine detail, no film grain/vignette/chromatic aberration/lens flare/dust/scratches. Silhouette must read clearly at 32px."
"sel-keystone:sprite","commanders","keyed","Mara Sel","Full-body in-run sprite, standing pose, nose/face pointing north. Mara Sel ""Keystone"", a voidSpecialist commander of the Independent. Survived a gravity-well collapse that should have folded her ship into a point. Came back understanding weight. Design brief: Counterweighted rig that hangs wrong in every gravity, hair drifting a half-second late. House style: chibi-proportioned stylized 3D, flat toon/cel-shading (max two-tone gradient, no PBR falloff), rounded chunky forms with visible thickness, soft dark outline or additive drop-glow for edge separation (never a realistic cast shadow), saturated flat colour, no gradients past a subtle two-stop, no fine detail, no film grain/vignette/chromatic aberration/lens flare/dust/scratches. Silhouette must read clearly at 32px."
"sel-keystone:ultimate-vfx","commanders","additive","Mara Sel","Ultimate-ability VFX for ""Collapse Point"". Mara Sel ""Keystone"", a voidSpecialist commander of the Independent. Survived a gravity-well collapse that should have folded her ship into a point. Came back understanding weight. Design brief: Counterweighted rig that hangs wrong in every gravity, hair drifting a half-second late. House VFX style: large, few, rounded particles — fat circles, chunky stars, thick rings. Never fine dust, realistic smoke, or lens flares. Additive glow clipped tight to the source. Flat saturated colour, no gradients past a subtle two-stop, nothing gritty. Must read clearly at 32px, never obscure a silhouette for more than ~200ms."
"vane-chord:portrait","commanders","keyed","Ilex Vane","Character portrait, head-and-shoulders, plain backdrop. Ilex Vane ""Chord"", a crystalSpecialist commander of the Crystal Dominion. The only human the Dominion's ecosystems sing back to. The Ascendancy finds this hilarious, or possibly holy. Design brief: Lattice-grown plating that chimes when struck, tuning forks where medals would go. House style: chibi-proportioned stylized 3D, flat toon/cel-shading (max two-tone gradient, no PBR falloff), rounded chunky forms with visible thickness, soft dark outline or additive drop-glow for edge separation (never a realistic cast shadow), saturated flat colour, no gradients past a subtle two-stop, no fine detail, no film grain/vignette/chromatic aberration/lens flare/dust/scratches. Silhouette must read clearly at 32px."
"vane-chord:sprite","commanders","keyed","Ilex Vane","Full-body in-run sprite, standing pose, nose/face pointing north. Ilex Vane ""Chord"", a crystalSpecialist commander of the Crystal Dominion. The only human the Dominion's ecosystems sing back to. The Ascendancy finds this hilarious, or possibly holy. Design brief: Lattice-grown plating that chimes when struck, tuning forks where medals would go. House style: chibi-proportioned stylized 3D, flat toon/cel-shading (max two-tone gradient, no PBR falloff), rounded chunky forms with visible thickness, soft dark outline or additive drop-glow for edge separation (never a realistic cast shadow), saturated flat colour, no gradients past a subtle two-stop, no fine detail, no film grain/vignette/chromatic aberration/lens flare/dust/scratches. Silhouette must read clearly at 32px."
"vane-chord:ultimate-vfx","commanders","additive","Ilex Vane","Ultimate-ability VFX for ""Full Chorus"". Ilex Vane ""Chord"", a crystalSpecialist commander of the Crystal Dominion. The only human the Dominion's ecosystems sing back to. The Ascendancy finds this hilarious, or possibly holy. Design brief: Lattice-grown plating that chimes when struck, tuning forks where medals would go. House VFX style: large, few, rounded particles — fat circles, chunky stars, thick rings. Never fine dust, realistic smoke, or lens flares. Additive glow clipped tight to the source. Flat saturated colour, no gradients past a subtle two-stop, nothing gritty. Must read clearly at 32px, never obscure a silhouette for more than ~200ms."
"kael-nadir:portrait","commanders","keyed","Dr. Oshen Kael","Character portrait, head-and-shoulders, plain backdrop. Dr. Oshen Kael ""Nadir"", a voidSpecialist commander of the Independent. Studies the Void the way you study a predator: from inside the enclosure, taking excellent notes. Design brief: Containment-grade fieldsuit annotated in grease pencil, sample vials that occasionally move. House style: chibi-proportioned stylized 3D, flat toon/cel-shading (max two-tone gradient, no PBR falloff), rounded chunky forms with visible thickness, soft dark outline or additive drop-glow for edge separation (never a realistic cast shadow), saturated flat colour, no gradients past a subtle two-stop, no fine detail, no film grain/vignette/chromatic aberration/lens flare/dust/scratches. Silhouette must read clearly at 32px."
"kael-nadir:sprite","commanders","keyed","Dr. Oshen Kael","Full-body in-run sprite, standing pose, nose/face pointing north. Dr. Oshen Kael ""Nadir"", a voidSpecialist commander of the Independent. Studies the Void the way you study a predator: from inside the enclosure, taking excellent notes. Design brief: Containment-grade fieldsuit annotated in grease pencil, sample vials that occasionally move. House style: chibi-proportioned stylized 3D, flat toon/cel-shading (max two-tone gradient, no PBR falloff), rounded chunky forms with visible thickness, soft dark outline or additive drop-glow for edge separation (never a realistic cast shadow), saturated flat colour, no gradients past a subtle two-stop, no fine detail, no film grain/vignette/chromatic aberration/lens flare/dust/scratches. Silhouette must read clearly at 32px."
"kael-nadir:ultimate-vfx","commanders","additive","Dr. Oshen Kael","Ultimate-ability VFX for ""Publish or Perish"". Dr. Oshen Kael ""Nadir"", a voidSpecialist commander of the Independent. Studies the Void the way you study a predator: from inside the enclosure, taking excellent notes. Design brief: Containment-grade fieldsuit annotated in grease pencil, sample vials that occasionally move. House VFX style: large, few, rounded particles — fat circles, chunky stars, thick rings. Never fine dust, realistic smoke, or lens flares. Additive glow clipped tight to the source. Flat saturated colour, no gradients past a subtle two-stop, nothing gritty. Must read clearly at 32px, never obscure a silhouette for more than ~200ms."
"farr-redline:portrait","commanders","keyed","Juno Farr","Character portrait, head-and-shoulders, plain backdrop. Juno Farr ""Redline"", a prototypePilot commander of the Independent. Test-flew eleven prototypes the Protocol abandoned. Crashed nine. Bonded with the tenth. Nobody discusses the eleventh. Design brief: Mismatched prototype plating with eleven tally marks, one fresh weld always cooling. House style: chibi-proportioned stylized 3D, flat toon/cel-shading (max two-tone gradient, no PBR falloff), rounded chunky forms with visible thickness, soft dark outline or additive drop-glow for edge separation (never a realistic cast shadow), saturated flat colour, no gradients past a subtle two-stop, no fine detail, no film grain/vignette/chromatic aberration/lens flare/dust/scratches. Silhouette must read clearly at 32px."
"farr-redline:sprite","commanders","keyed","Juno Farr","Full-body in-run sprite, standing pose, nose/face pointing north. Juno Farr ""Redline"", a prototypePilot commander of the Independent. Test-flew eleven prototypes the Protocol abandoned. Crashed nine. Bonded with the tenth. Nobody discusses the eleventh. Design brief: Mismatched prototype plating with eleven tally marks, one fresh weld always cooling. House style: chibi-proportioned stylized 3D, flat toon/cel-shading (max two-tone gradient, no PBR falloff), rounded chunky forms with visible thickness, soft dark outline or additive drop-glow for edge separation (never a realistic cast shadow), saturated flat colour, no gradients past a subtle two-stop, no fine detail, no film grain/vignette/chromatic aberration/lens flare/dust/scratches. Silhouette must read clearly at 32px."
"farr-redline:ultimate-vfx","commanders","additive","Juno Farr","Ultimate-ability VFX for ""Eleventh Prototype"". Juno Farr ""Redline"", a prototypePilot commander of the Independent. Test-flew eleven prototypes the Protocol abandoned. Crashed nine. Bonded with the tenth. Nobody discusses the eleventh. Design brief: Mismatched prototype plating with eleven tally marks, one fresh weld always cooling. House VFX style: large, few, rounded particles — fat circles, chunky stars, thick rings. Never fine dust, realistic smoke, or lens flares. Additive glow clipped tight to the source. Flat saturated colour, no gradients past a subtle two-stop, nothing gritty. Must read clearly at 32px, never obscure a silhouette for more than ~200ms."
"iman-relay:portrait","commanders","keyed","Sera Iman","Character portrait, head-and-shoulders, plain backdrop. Sera Iman ""Relay"", a support commander of the Human Alliance. Carries an Afterlight key that predates her family's records. The Network's doors open before she knocks. Design brief: Courier greys with a single precursor-white gauntlet, the key worn openly — a statement. House style: chibi-proportioned stylized 3D, flat toon/cel-shading (max two-tone gradient, no PBR falloff), rounded chunky forms with visible thickness, soft dark outline or additive drop-glow for edge separation (never a realistic cast shadow), saturated flat colour, no gradients past a subtle two-stop, no fine detail, no film grain/vignette/chromatic aberration/lens flare/dust/scratches. Silhouette must read clearly at 32px."
"iman-relay:sprite","commanders","keyed","Sera Iman","Full-body in-run sprite, standing pose, nose/face pointing north. Sera Iman ""Relay"", a support commander of the Human Alliance. Carries an Afterlight key that predates her family's records. The Network's doors open before she knocks. Design brief: Courier greys with a single precursor-white gauntlet, the key worn openly — a statement. House style: chibi-proportioned stylized 3D, flat toon/cel-shading (max two-tone gradient, no PBR falloff), rounded chunky forms with visible thickness, soft dark outline or additive drop-glow for edge separation (never a realistic cast shadow), saturated flat colour, no gradients past a subtle two-stop, no fine detail, no film grain/vignette/chromatic aberration/lens flare/dust/scratches. Silhouette must read clearly at 32px."
"iman-relay:ultimate-vfx","commanders","additive","Sera Iman","Ultimate-ability VFX for ""Open Every Door"". Sera Iman ""Relay"", a support commander of the Human Alliance. Carries an Afterlight key that predates her family's records. The Network's doors open before she knocks. Design brief: Courier greys with a single precursor-white gauntlet, the key worn openly — a statement. House VFX style: large, few, rounded particles — fat circles, chunky stars, thick rings. Never fine dust, realistic smoke, or lens flares. Additive glow clipped tight to the source. Flat saturated colour, no gradients past a subtle two-stop, nothing gritty. Must read clearly at 32px, never obscure a silhouette for more than ~200ms."
"korr-wardbreaker:portrait","commanders","keyed","Thessaly Korr","Character portrait, head-and-shoulders, plain backdrop. Thessaly Korr ""Wardbreaker"", a guardian commander of the Mercenary Guild. Broke a Guild contract to pull civilians out of a burning evacuation instead of finishing the job she was paid for. The Guild fined her everything she owned. The restoration paid the fine. Design brief: Guild-issue plate re-forged into personal armour, contract seals filed off, one pauldron left blank on purpose. House style: chibi-proportioned stylized 3D, flat toon/cel-shading (max two-tone gradient, no PBR falloff), rounded chunky forms with visible thickness, soft dark outline or additive drop-glow for edge separation (never a realistic cast shadow), saturated flat colour, no gradients past a subtle two-stop, no fine detail, no film grain/vignette/chromatic aberration/lens flare/dust/scratches. Silhouette must read clearly at 32px."
"korr-wardbreaker:sprite","commanders","keyed","Thessaly Korr","Full-body in-run sprite, standing pose, nose/face pointing north. Thessaly Korr ""Wardbreaker"", a guardian commander of the Mercenary Guild. Broke a Guild contract to pull civilians out of a burning evacuation instead of finishing the job she was paid for. The Guild fined her everything she owned. The restoration paid the fine. Design brief: Guild-issue plate re-forged into personal armour, contract seals filed off, one pauldron left blank on purpose. House style: chibi-proportioned stylized 3D, flat toon/cel-shading (max two-tone gradient, no PBR falloff), rounded chunky forms with visible thickness, soft dark outline or additive drop-glow for edge separation (never a realistic cast shadow), saturated flat colour, no gradients past a subtle two-stop, no fine detail, no film grain/vignette/chromatic aberration/lens flare/dust/scratches. Silhouette must read clearly at 32px."
"korr-wardbreaker:ultimate-vfx","commanders","additive","Thessaly Korr","Ultimate-ability VFX for ""Guild Writ Enforced"". Thessaly Korr ""Wardbreaker"", a guardian commander of the Mercenary Guild. Broke a Guild contract to pull civilians out of a burning evacuation instead of finishing the job she was paid for. The Guild fined her everything she owned. The restoration paid the fine. Design brief: Guild-issue plate re-forged into personal armour, contract seals filed off, one pauldron left blank on purpose. House VFX style: large, few, rounded particles — fat circles, chunky stars, thick rings. Never fine dust, realistic smoke, or lens flares. Additive glow clipped tight to the source. Flat saturated colour, no gradients past a subtle two-stop, nothing gritty. Must read clearly at 32px, never obscure a silhouette for more than ~200ms."
"voss-lanternkeep:portrait","commanders","keyed","Dr. Imara Voss","Character portrait, head-and-shoulders, plain backdrop. Dr. Imara Voss ""Lanternkeep"", a recon commander of the Ancient Custodians. Spent eleven years cataloguing First Light's collapsed archive by hand before the Custodians decided she'd earned the right to read what she'd catalogued. She still asks permission. Design brief: Archive-whites layered under a Custodian courtesy sash, a hand-lantern clipped at the hip out of habit, never electronic. House style: chibi-proportioned stylized 3D, flat toon/cel-shading (max two-tone gradient, no PBR falloff), rounded chunky forms with visible thickness, soft dark outline or additive drop-glow for edge separation (never a realistic cast shadow), saturated flat colour, no gradients past a subtle two-stop, no fine detail, no film grain/vignette/chromatic aberration/lens flare/dust/scratches. Silhouette must read clearly at 32px."
"voss-lanternkeep:sprite","commanders","keyed","Dr. Imara Voss","Full-body in-run sprite, standing pose, nose/face pointing north. Dr. Imara Voss ""Lanternkeep"", a recon commander of the Ancient Custodians. Spent eleven years cataloguing First Light's collapsed archive by hand before the Custodians decided she'd earned the right to read what she'd catalogued. She still asks permission. Design brief: Archive-whites layered under a Custodian courtesy sash, a hand-lantern clipped at the hip out of habit, never electronic. House style: chibi-proportioned stylized 3D, flat toon/cel-shading (max two-tone gradient, no PBR falloff), rounded chunky forms with visible thickness, soft dark outline or additive drop-glow for edge separation (never a realistic cast shadow), saturated flat colour, no gradients past a subtle two-stop, no fine detail, no film grain/vignette/chromatic aberration/lens flare/dust/scratches. Silhouette must read clearly at 32px."
"voss-lanternkeep:ultimate-vfx","commanders","additive","Dr. Imara Voss","Ultimate-ability VFX for ""Unsealed Index"". Dr. Imara Voss ""Lanternkeep"", a recon commander of the Ancient Custodians. Spent eleven years cataloguing First Light's collapsed archive by hand before the Custodians decided she'd earned the right to read what she'd catalogued. She still asks permission. Design brief: Archive-whites layered under a Custodian courtesy sash, a hand-lantern clipped at the hip out of habit, never electronic. House VFX style: large, few, rounded particles — fat circles, chunky stars, thick rings. Never fine dust, realistic smoke, or lens flares. Additive glow clipped tight to the source. Flat saturated colour, no gradients past a subtle two-stop, nothing gritty. Must read clearly at 32px, never obscure a silhouette for more than ~200ms."
"devereux-static:portrait","commanders","keyed","Ash Devereux","Character portrait, head-and-shoulders, plain backdrop. Ash Devereux ""Static"", a prototypePilot commander of the Independent. Flew reconnaissance for the Paragon Protocol until the Protocol reconnoitred a colony that hadn't done anything but exist. Defected mid-flight. Never fully trusts a clean scan again. Design brief: Stripped Protocol flight suit with every insignia burned off, a single unpatched scorch mark left where the Paragon crest used to sit. House style: chibi-proportioned stylized 3D, flat toon/cel-shading (max two-tone gradient, no PBR falloff), rounded chunky forms with visible thickness, soft dark outline or additive drop-glow for edge separation (never a realistic cast shadow), saturated flat colour, no gradients past a subtle two-stop, no fine detail, no film grain/vignette/chromatic aberration/lens flare/dust/scratches. Silhouette must read clearly at 32px."
"devereux-static:sprite","commanders","keyed","Ash Devereux","Full-body in-run sprite, standing pose, nose/face pointing north. Ash Devereux ""Static"", a prototypePilot commander of the Independent. Flew reconnaissance for the Paragon Protocol until the Protocol reconnoitred a colony that hadn't done anything but exist. Defected mid-flight. Never fully trusts a clean scan again. Design brief: Stripped Protocol flight suit with every insignia burned off, a single unpatched scorch mark left where the Paragon crest used to sit. House style: chibi-proportioned stylized 3D, flat toon/cel-shading (max two-tone gradient, no PBR falloff), rounded chunky forms with visible thickness, soft dark outline or additive drop-glow for edge separation (never a realistic cast shadow), saturated flat colour, no gradients past a subtle two-stop, no fine detail, no film grain/vignette/chromatic aberration/lens flare/dust/scratches. Silhouette must read clearly at 32px."
"devereux-static:ultimate-vfx","commanders","additive","Ash Devereux","Ultimate-ability VFX for ""Static Line"". Ash Devereux ""Static"", a prototypePilot commander of the Independent. Flew reconnaissance for the Paragon Protocol until the Protocol reconnoitred a colony that hadn't done anything but exist. Defected mid-flight. Never fully trusts a clean scan again. Design brief: Stripped Protocol flight suit with every insignia burned off, a single unpatched scorch mark left where the Paragon crest used to sit. House VFX style: large, few, rounded particles — fat circles, chunky stars, thick rings. Never fine dust, realistic smoke, or lens flares. Additive glow clipped tight to the source. Flat saturated colour, no gradients past a subtle two-stop, nothing gritty. Must read clearly at 32px, never obscure a silhouette for more than ~200ms."
"okafor-halcyon:portrait","commanders","keyed","Rin Okafor","Character portrait, head-and-shoulders, plain backdrop. Rin Okafor ""Halcyon"", a support commander of the Human Alliance. Combat medic who has personally stabilised more restoration personnel than any single ship has lost. Keeps a ledger of names, not casualties. The ledger is longer than the losses. Design brief: Field-medic whites gone road-worn, a hand-stitched ledger strapped where a sidearm would usually sit. House style: chibi-proportioned stylized 3D, flat toon/cel-shading (max two-tone gradient, no PBR falloff), rounded chunky forms with visible thickness, soft dark outline or additive drop-glow for edge separation (never a realistic cast shadow), saturated flat colour, no gradients past a subtle two-stop, no fine detail, no film grain/vignette/chromatic aberration/lens flare/dust/scratches. Silhouette must read clearly at 32px."
"okafor-halcyon:sprite","commanders","keyed","Rin Okafor","Full-body in-run sprite, standing pose, nose/face pointing north. Rin Okafor ""Halcyon"", a support commander of the Human Alliance. Combat medic who has personally stabilised more restoration personnel than any single ship has lost. Keeps a ledger of names, not casualties. The ledger is longer than the losses. Design brief: Field-medic whites gone road-worn, a hand-stitched ledger strapped where a sidearm would usually sit. House style: chibi-proportioned stylized 3D, flat toon/cel-shading (max two-tone gradient, no PBR falloff), rounded chunky forms with visible thickness, soft dark outline or additive drop-glow for edge separation (never a realistic cast shadow), saturated flat colour, no gradients past a subtle two-stop, no fine detail, no film grain/vignette/chromatic aberration/lens flare/dust/scratches. Silhouette must read clearly at 32px."
"okafor-halcyon:ultimate-vfx","commanders","additive","Rin Okafor","Ultimate-ability VFX for ""Halcyon Hour"". Rin Okafor ""Halcyon"", a support commander of the Human Alliance. Combat medic who has personally stabilised more restoration personnel than any single ship has lost. Keeps a ledger of names, not casualties. The ledger is longer than the losses. Design brief: Field-medic whites gone road-worn, a hand-stitched ledger strapped where a sidearm would usually sit. House VFX style: large, few, rounded particles — fat circles, chunky stars, thick rings. Never fine dust, realistic smoke, or lens flares. Additive glow clipped tight to the source. Flat saturated colour, no gradients past a subtle two-stop, nothing gritty. Must read clearly at 32px, never obscure a silhouette for more than ~200ms."
"ur-sella-chorus:portrait","commanders","keyed","Vantha Ur-Sella","Character portrait, head-and-shoulders, plain backdrop. Vantha Ur-Sella ""Chorus"", a crystalSpecialist commander of the Crystal Dominion. Diplomat-scientist who negotiates with the Dominion's resonant ecosystems as readily as with its Ascendancy. Says the crystals were the easier audience. Design brief: Diplomatic Dominion vestments grown, not sewn, from lattice-silk that shifts colour with her mood. House style: chibi-proportioned stylized 3D, flat toon/cel-shading (max two-tone gradient, no PBR falloff), rounded chunky forms with visible thickness, soft dark outline or additive drop-glow for edge separation (never a realistic cast shadow), saturated flat colour, no gradients past a subtle two-stop, no fine detail, no film grain/vignette/chromatic aberration/lens flare/dust/scratches. Silhouette must read clearly at 32px."
"ur-sella-chorus:sprite","commanders","keyed","Vantha Ur-Sella","Full-body in-run sprite, standing pose, nose/face pointing north. Vantha Ur-Sella ""Chorus"", a crystalSpecialist commander of the Crystal Dominion. Diplomat-scientist who negotiates with the Dominion's resonant ecosystems as readily as with its Ascendancy. Says the crystals were the easier audience. Design brief: Diplomatic Dominion vestments grown, not sewn, from lattice-silk that shifts colour with her mood. House style: chibi-proportioned stylized 3D, flat toon/cel-shading (max two-tone gradient, no PBR falloff), rounded chunky forms with visible thickness, soft dark outline or additive drop-glow for edge separation (never a realistic cast shadow), saturated flat colour, no gradients past a subtle two-stop, no fine detail, no film grain/vignette/chromatic aberration/lens flare/dust/scratches. Silhouette must read clearly at 32px."
"ur-sella-chorus:ultimate-vfx","commanders","additive","Vantha Ur-Sella","Ultimate-ability VFX for ""Full Assembly"". Vantha Ur-Sella ""Chorus"", a crystalSpecialist commander of the Crystal Dominion. Diplomat-scientist who negotiates with the Dominion's resonant ecosystems as readily as with its Ascendancy. Says the crystals were the easier audience. Design brief: Diplomatic Dominion vestments grown, not sewn, from lattice-silk that shifts colour with her mood. House VFX style: large, few, rounded particles — fat circles, chunky stars, thick rings. Never fine dust, realistic smoke, or lens flares. Additive glow clipped tight to the source. Flat saturated colour, no gradients past a subtle two-stop, nothing gritty. Must read clearly at 32px, never obscure a silhouette for more than ~200ms."
"kade-fulcrum:portrait","commanders","keyed","Boren Kade","Character portrait, head-and-shoulders, plain backdrop. Boren Kade ""Fulcrum"", an engineer commander of the Machine Collective. The first human the Collective certified as a full integration engineer. Argues the certification runs both ways — the Collective learned something too. Design brief: Integration-certified exoframe half-machined, half-grown, a visible lattice seam running from wrist to shoulder where the Collective's work meets his own. House style: chibi-proportioned stylized 3D, flat toon/cel-shading (max two-tone gradient, no PBR falloff), rounded chunky forms with visible thickness, soft dark outline or additive drop-glow for edge separation (never a realistic cast shadow), saturated flat colour, no gradients past a subtle two-stop, no fine detail, no film grain/vignette/chromatic aberration/lens flare/dust/scratches. Silhouette must read clearly at 32px."
"kade-fulcrum:sprite","commanders","keyed","Boren Kade","Full-body in-run sprite, standing pose, nose/face pointing north. Boren Kade ""Fulcrum"", an engineer commander of the Machine Collective. The first human the Collective certified as a full integration engineer. Argues the certification runs both ways — the Collective learned something too. Design brief: Integration-certified exoframe half-machined, half-grown, a visible lattice seam running from wrist to shoulder where the Collective's work meets his own. House style: chibi-proportioned stylized 3D, flat toon/cel-shading (max two-tone gradient, no PBR falloff), rounded chunky forms with visible thickness, soft dark outline or additive drop-glow for edge separation (never a realistic cast shadow), saturated flat colour, no gradients past a subtle two-stop, no fine detail, no film grain/vignette/chromatic aberration/lens flare/dust/scratches. Silhouette must read clearly at 32px."
"kade-fulcrum:ultimate-vfx","commanders","additive","Boren Kade","Ultimate-ability VFX for ""Full Integration"". Boren Kade ""Fulcrum"", an engineer commander of the Machine Collective. The first human the Collective certified as a full integration engineer. Argues the certification runs both ways — the Collective learned something too. Design brief: Integration-certified exoframe half-machined, half-grown, a visible lattice seam running from wrist to shoulder where the Collective's work meets his own. House VFX style: large, few, rounded particles — fat circles, chunky stars, thick rings. Never fine dust, realistic smoke, or lens flares. Additive glow clipped tight to the source. Flat saturated colour, no gradients past a subtle two-stop, nothing gritty. Must read clearly at 32px, never obscure a silhouette for more than ~200ms."
"calder-driftline:portrait","commanders","keyed","Yuen Calder","Character portrait, head-and-shoulders, plain backdrop. Yuen Calder ""Driftline"", a droneCommander commander of the Stellar Nomads. Grew up navigating by convoy driftlines instead of star charts. Flies scout drones the way older pilots read weather — a sense, not a system. Design brief: Convoy-drift leathers patched from three different fleets, a scout-drone perch worn smooth at the shoulder from constant use. House style: chibi-proportioned stylized 3D, flat toon/cel-shading (max two-tone gradient, no PBR falloff), rounded chunky forms with visible thickness, soft dark outline or additive drop-glow for edge separation (never a realistic cast shadow), saturated flat colour, no gradients past a subtle two-stop, no fine detail, no film grain/vignette/chromatic aberration/lens flare/dust/scratches. Silhouette must read clearly at 32px."
"calder-driftline:sprite","commanders","keyed","Yuen Calder","Full-body in-run sprite, standing pose, nose/face pointing north. Yuen Calder ""Driftline"", a droneCommander commander of the Stellar Nomads. Grew up navigating by convoy driftlines instead of star charts. Flies scout drones the way older pilots read weather — a sense, not a system. Design brief: Convoy-drift leathers patched from three different fleets, a scout-drone perch worn smooth at the shoulder from constant use. House style: chibi-proportioned stylized 3D, flat toon/cel-shading (max two-tone gradient, no PBR falloff), rounded chunky forms with visible thickness, soft dark outline or additive drop-glow for edge separation (never a realistic cast shadow), saturated flat colour, no gradients past a subtle two-stop, no fine detail, no film grain/vignette/chromatic aberration/lens flare/dust/scratches. Silhouette must read clearly at 32px."
"calder-driftline:ultimate-vfx","commanders","additive","Yuen Calder","Ultimate-ability VFX for ""Convoy Sense"". Yuen Calder ""Driftline"", a droneCommander commander of the Stellar Nomads. Grew up navigating by convoy driftlines instead of star charts. Flies scout drones the way older pilots read weather — a sense, not a system. Design brief: Convoy-drift leathers patched from three different fleets, a scout-drone perch worn smooth at the shoulder from constant use. House VFX style: large, few, rounded particles — fat circles, chunky stars, thick rings. Never fine dust, realistic smoke, or lens flares. Additive glow clipped tight to the source. Flat saturated colour, no gradients past a subtle two-stop, nothing gritty. Must read clearly at 32px, never obscure a silhouette for more than ~200ms."
"aldana-aftercare:portrait","commanders","keyed","Dr. Petrin Aldana","Character portrait, head-and-shoulders, plain backdrop. Dr. Petrin Aldana ""Aftercare"", a voidSpecialist commander of the Independent. Studies what the Void leaves behind in the people who come back from it. Survived contact with an Eclipsed vanguard herself; treats her own case notes with the same clinical honesty as everyone else's. Design brief: Clinical field-whites worn under a void-rated overcoat, case files bound in the same static-resistant cloth she wears. House style: chibi-proportioned stylized 3D, flat toon/cel-shading (max two-tone gradient, no PBR falloff), rounded chunky forms with visible thickness, soft dark outline or additive drop-glow for edge separation (never a realistic cast shadow), saturated flat colour, no gradients past a subtle two-stop, no fine detail, no film grain/vignette/chromatic aberration/lens flare/dust/scratches. Silhouette must read clearly at 32px."
"aldana-aftercare:sprite","commanders","keyed","Dr. Petrin Aldana","Full-body in-run sprite, standing pose, nose/face pointing north. Dr. Petrin Aldana ""Aftercare"", a voidSpecialist commander of the Independent. Studies what the Void leaves behind in the people who come back from it. Survived contact with an Eclipsed vanguard herself; treats her own case notes with the same clinical honesty as everyone else's. Design brief: Clinical field-whites worn under a void-rated overcoat, case files bound in the same static-resistant cloth she wears. House style: chibi-proportioned stylized 3D, flat toon/cel-shading (max two-tone gradient, no PBR falloff), rounded chunky forms with visible thickness, soft dark outline or additive drop-glow for edge separation (never a realistic cast shadow), saturated flat colour, no gradients past a subtle two-stop, no fine detail, no film grain/vignette/chromatic aberration/lens flare/dust/scratches. Silhouette must read clearly at 32px."
"aldana-aftercare:ultimate-vfx","commanders","additive","Dr. Petrin Aldana","Ultimate-ability VFX for ""Case Closed"". Dr. Petrin Aldana ""Aftercare"", a voidSpecialist commander of the Independent. Studies what the Void leaves behind in the people who come back from it. Survived contact with an Eclipsed vanguard herself; treats her own case notes with the same clinical honesty as everyone else's. Design brief: Clinical field-whites worn under a void-rated overcoat, case files bound in the same static-resistant cloth she wears. House VFX style: large, few, rounded particles — fat circles, chunky stars, thick rings. Never fine dust, realistic smoke, or lens flares. Additive glow clipped tight to the source. Flat saturated colour, no gradients past a subtle two-stop, nothing gritty. Must read clearly at 32px, never obscure a silhouette for more than ~200ms."
"voss-pathfinder:portrait","commanders","keyed","Dr. Lyra Voss","Character portrait, head-and-shoulders, plain backdrop. Dr. Lyra Voss ""Pathfinder"", a recon commander of the Afterlight Initiative. An astrophysicist and expedition commander who chose curiosity over conquest — the first to rediscover functioning Afterlight technology after decades of failed expeditions, and the reason humanity started believing the galaxy could be understood again, not just survived. Design brief: Slim white-and-navy exploration exosuit with gold scientific markings, a long expedition coat, a compact scanning drone perched at the shoulder, an integrated holographic wrist computer, an explorer's backpack, and a blue visor — NASA-inspired equipment throughout. House style: chibi-proportioned stylized 3D, flat toon/cel-shading (max two-tone gradient, no PBR falloff), rounded chunky forms with visible thickness, soft dark outline or additive drop-glow for edge separation (never a realistic cast shadow), saturated flat colour, no gradients past a subtle two-stop, no fine detail, no film grain/vignette/chromatic aberration/lens flare/dust/scratches. Silhouette must read clearly at 32px."
"voss-pathfinder:sprite","commanders","keyed","Dr. Lyra Voss","Full-body in-run sprite, standing pose, nose/face pointing north. Dr. Lyra Voss ""Pathfinder"", a recon commander of the Afterlight Initiative. An astrophysicist and expedition commander who chose curiosity over conquest — the first to rediscover functioning Afterlight technology after decades of failed expeditions, and the reason humanity started believing the galaxy could be understood again, not just survived. Design brief: Slim white-and-navy exploration exosuit with gold scientific markings, a long expedition coat, a compact scanning drone perched at the shoulder, an integrated holographic wrist computer, an explorer's backpack, and a blue visor — NASA-inspired equipment throughout. House style: chibi-proportioned stylized 3D, flat toon/cel-shading (max two-tone gradient, no PBR falloff), rounded chunky forms with visible thickness, soft dark outline or additive drop-glow for edge separation (never a realistic cast shadow), saturated flat colour, no gradients past a subtle two-stop, no fine detail, no film grain/vignette/chromatic aberration/lens flare/dust/scratches. Silhouette must read clearly at 32px."
"voss-pathfinder:ultimate-vfx","commanders","additive","Dr. Lyra Voss","Ultimate-ability VFX for ""Afterlight Beacon"". Dr. Lyra Voss ""Pathfinder"", a recon commander of the Afterlight Initiative. An astrophysicist and expedition commander who chose curiosity over conquest — the first to rediscover functioning Afterlight technology after decades of failed expeditions, and the reason humanity started believing the galaxy could be understood again, not just survived. Design brief: Slim white-and-navy exploration exosuit with gold scientific markings, a long expedition coat, a compact scanning drone perched at the shoulder, an integrated holographic wrist computer, an explorer's backpack, and a blue visor — NASA-inspired equipment throughout. House VFX style: large, few, rounded particles — fat circles, chunky stars, thick rings. Never fine dust, realistic smoke, or lens flares. Additive glow clipped tight to the source. Flat saturated colour, no gradients past a subtle two-stop, nothing gritty. Must read clearly at 32px, never obscure a silhouette for more than ~200ms."
"kane-vanguard:portrait","commanders","keyed","Adrian Kane","Character portrait, head-and-shoulders, plain backdrop. Adrian Kane ""Vanguard"", a guardian commander of the United Human Frontier. A fleet commander and veteran officer who held humanity's final defensive lines through the darkest years after the Collapse — refuses, on principle, to abandon a civilian population, no matter the cost to the mission. Design brief: Heavy dark-graphite command armour with white military markings and blue command lights, a long reinforced officer's coat, a mechanical left arm, a command visor, decorated service medals, and a battle-worn finish that has clearly seen every one of them. House style: chibi-proportioned stylized 3D, flat toon/cel-shading (max two-tone gradient, no PBR falloff), rounded chunky forms with visible thickness, soft dark outline or additive drop-glow for edge separation (never a realistic cast shadow), saturated flat colour, no gradients past a subtle two-stop, no fine detail, no film grain/vignette/chromatic aberration/lens flare/dust/scratches. Silhouette must read clearly at 32px."
"kane-vanguard:sprite","commanders","keyed","Adrian Kane","Full-body in-run sprite, standing pose, nose/face pointing north. Adrian Kane ""Vanguard"", a guardian commander of the United Human Frontier. A fleet commander and veteran officer who held humanity's final defensive lines through the darkest years after the Collapse — refuses, on principle, to abandon a civilian population, no matter the cost to the mission. Design brief: Heavy dark-graphite command armour with white military markings and blue command lights, a long reinforced officer's coat, a mechanical left arm, a command visor, decorated service medals, and a battle-worn finish that has clearly seen every one of them. House style: chibi-proportioned stylized 3D, flat toon/cel-shading (max two-tone gradient, no PBR falloff), rounded chunky forms with visible thickness, soft dark outline or additive drop-glow for edge separation (never a realistic cast shadow), saturated flat colour, no gradients past a subtle two-stop, no fine detail, no film grain/vignette/chromatic aberration/lens flare/dust/scratches. Silhouette must read clearly at 32px."
"kane-vanguard:ultimate-vfx","commanders","additive","Adrian Kane","Ultimate-ability VFX for ""Fortress Formation"". Adrian Kane ""Vanguard"", a guardian commander of the United Human Frontier. A fleet commander and veteran officer who held humanity's final defensive lines through the darkest years after the Collapse — refuses, on principle, to abandon a civilian population, no matter the cost to the mission. Design brief: Heavy dark-graphite command armour with white military markings and blue command lights, a long reinforced officer's coat, a mechanical left arm, a command visor, decorated service medals, and a battle-worn finish that has clearly seen every one of them. House VFX style: large, few, rounded particles — fat circles, chunky stars, thick rings. Never fine dust, realistic smoke, or lens flares. Additive glow clipped tight to the source. Flat saturated colour, no gradients past a subtle two-stop, nothing gritty. Must read clearly at 32px, never obscure a silhouette for more than ~200ms."
"ryker-engineer:portrait","commanders","keyed","Elias Ryker","Character portrait, head-and-shoulders, plain backdrop. Elias Ryker ""Engineer"", an engineer commander of the Afterlight Initiative. A systems engineer, prototype designer, and chief recovery technician who helped rebuild dozens of frontier colonies after the Collapse — trained at Atlas Dynamics, and still argues their hardpoint lattice was the last honest piece of engineering they shipped. Design brief: Heavy industrial exosuit in dark steel with orange utility lights, a mechanical backpack with integrated fabrication arms, deployable tool drones at the hip, a protective visor, numerous repair tools, and a compact fabrication printer he's clearly used mid-fight before. House style: chibi-proportioned stylized 3D, flat toon/cel-shading (max two-tone gradient, no PBR falloff), rounded chunky forms with visible thickness, soft dark outline or additive drop-glow for edge separation (never a realistic cast shadow), saturated flat colour, no gradients past a subtle two-stop, no fine detail, no film grain/vignette/chromatic aberration/lens flare/dust/scratches. Silhouette must read clearly at 32px."
"ryker-engineer:sprite","commanders","keyed","Elias Ryker","Full-body in-run sprite, standing pose, nose/face pointing north. Elias Ryker ""Engineer"", an engineer commander of the Afterlight Initiative. A systems engineer, prototype designer, and chief recovery technician who helped rebuild dozens of frontier colonies after the Collapse — trained at Atlas Dynamics, and still argues their hardpoint lattice was the last honest piece of engineering they shipped. Design brief: Heavy industrial exosuit in dark steel with orange utility lights, a mechanical backpack with integrated fabrication arms, deployable tool drones at the hip, a protective visor, numerous repair tools, and a compact fabrication printer he's clearly used mid-fight before. House style: chibi-proportioned stylized 3D, flat toon/cel-shading (max two-tone gradient, no PBR falloff), rounded chunky forms with visible thickness, soft dark outline or additive drop-glow for edge separation (never a realistic cast shadow), saturated flat colour, no gradients past a subtle two-stop, no fine detail, no film grain/vignette/chromatic aberration/lens flare/dust/scratches. Silhouette must read clearly at 32px."
"ryker-engineer:ultimate-vfx","commanders","additive","Elias Ryker","Ultimate-ability VFX for ""Forward Operating Base"". Elias Ryker ""Engineer"", an engineer commander of the Afterlight Initiative. A systems engineer, prototype designer, and chief recovery technician who helped rebuild dozens of frontier colonies after the Collapse — trained at Atlas Dynamics, and still argues their hardpoint lattice was the last honest piece of engineering they shipped. Design brief: Heavy industrial exosuit in dark steel with orange utility lights, a mechanical backpack with integrated fabrication arms, deployable tool drones at the hip, a protective visor, numerous repair tools, and a compact fabrication printer he's clearly used mid-fight before. House VFX style: large, few, rounded particles — fat circles, chunky stars, thick rings. Never fine dust, realistic smoke, or lens flares. Additive glow clipped tight to the source. Flat saturated colour, no gradients past a subtle two-stop, nothing gritty. Must read clearly at 32px, never obscure a silhouette for more than ~200ms."
"cael-weaver:portrait","commanders","keyed","Seraphina Cael","Character portrait, head-and-shoulders, plain backdrop. Seraphina Cael ""Weaver"", a voidSpecialist commander of the Afterlight Initiative. A quantum physicist, reality research specialist, and experimental systems director who became the first scientist to stabilise an artificial quantum singularity after the Collapse — trained at the Helios Quantum Institute, with ties to Quantum Horizon that she describes, cheerfully, as 'mutual professional obsession.' Design brief: A white adaptive quantum suit with gold energy channels, floating holographic rings, and gravity stabilisers; white hair tied back, blue quantum eyes, a fractal energy cloak, and quantum particles that orbit her continuously — an elegant, unmistakably scientific silhouette. House style: chibi-proportioned stylized 3D, flat toon/cel-shading (max two-tone gradient, no PBR falloff), rounded chunky forms with visible thickness, soft dark outline or additive drop-glow for edge separation (never a realistic cast shadow), saturated flat colour, no gradients past a subtle two-stop, no fine detail, no film grain/vignette/chromatic aberration/lens flare/dust/scratches. Silhouette must read clearly at 32px."
"cael-weaver:sprite","commanders","keyed","Seraphina Cael","Full-body in-run sprite, standing pose, nose/face pointing north. Seraphina Cael ""Weaver"", a voidSpecialist commander of the Afterlight Initiative. A quantum physicist, reality research specialist, and experimental systems director who became the first scientist to stabilise an artificial quantum singularity after the Collapse — trained at the Helios Quantum Institute, with ties to Quantum Horizon that she describes, cheerfully, as 'mutual professional obsession.' Design brief: A white adaptive quantum suit with gold energy channels, floating holographic rings, and gravity stabilisers; white hair tied back, blue quantum eyes, a fractal energy cloak, and quantum particles that orbit her continuously — an elegant, unmistakably scientific silhouette. House style: chibi-proportioned stylized 3D, flat toon/cel-shading (max two-tone gradient, no PBR falloff), rounded chunky forms with visible thickness, soft dark outline or additive drop-glow for edge separation (never a realistic cast shadow), saturated flat colour, no gradients past a subtle two-stop, no fine detail, no film grain/vignette/chromatic aberration/lens flare/dust/scratches. Silhouette must read clearly at 32px."
"cael-weaver:ultimate-vfx","commanders","additive","Seraphina Cael","Ultimate-ability VFX for ""Reality Bloom"". Seraphina Cael ""Weaver"", a voidSpecialist commander of the Afterlight Initiative. A quantum physicist, reality research specialist, and experimental systems director who became the first scientist to stabilise an artificial quantum singularity after the Collapse — trained at the Helios Quantum Institute, with ties to Quantum Horizon that she describes, cheerfully, as 'mutual professional obsession.' Design brief: A white adaptive quantum suit with gold energy channels, floating holographic rings, and gravity stabilisers; white hair tied back, blue quantum eyes, a fractal energy cloak, and quantum particles that orbit her continuously — an elegant, unmistakably scientific silhouette. House VFX style: large, few, rounded particles — fat circles, chunky stars, thick rings. Never fine dust, realistic smoke, or lens flares. Additive glow clipped tight to the source. Flat saturated colour, no gradients past a subtle two-stop, nothing gritty. Must read clearly at 32px, never obscure a silhouette for more than ~200ms."
"drake-hunter:portrait","commanders","keyed","Kael Drake","Character portrait, head-and-shoulders, plain backdrop. Kael Drake ""Hunter"", a recon commander of the Independent Frontier Rangers. A frontier tracker, elite recon specialist, and xeno hunter who spent decades protecting isolated colonies by studying threats long before they reached anyone — allied with the Afterlight Initiative, though he still answers to the Rangers first. Design brief: Light reconnaissance armour in dark forest green and graphite, an adaptive camouflage cloak, a compact tactical backpack, a retractable targeting visor, a biometric gauntlet, a magnetic utility belt, and a long-range sensor drone — every piece of it battle-scarred. House style: chibi-proportioned stylized 3D, flat toon/cel-shading (max two-tone gradient, no PBR falloff), rounded chunky forms with visible thickness, soft dark outline or additive drop-glow for edge separation (never a realistic cast shadow), saturated flat colour, no gradients past a subtle two-stop, no fine detail, no film grain/vignette/chromatic aberration/lens flare/dust/scratches. Silhouette must read clearly at 32px."
"drake-hunter:sprite","commanders","keyed","Kael Drake","Full-body in-run sprite, standing pose, nose/face pointing north. Kael Drake ""Hunter"", a recon commander of the Independent Frontier Rangers. A frontier tracker, elite recon specialist, and xeno hunter who spent decades protecting isolated colonies by studying threats long before they reached anyone — allied with the Afterlight Initiative, though he still answers to the Rangers first. Design brief: Light reconnaissance armour in dark forest green and graphite, an adaptive camouflage cloak, a compact tactical backpack, a retractable targeting visor, a biometric gauntlet, a magnetic utility belt, and a long-range sensor drone — every piece of it battle-scarred. House style: chibi-proportioned stylized 3D, flat toon/cel-shading (max two-tone gradient, no PBR falloff), rounded chunky forms with visible thickness, soft dark outline or additive drop-glow for edge separation (never a realistic cast shadow), saturated flat colour, no gradients past a subtle two-stop, no fine detail, no film grain/vignette/chromatic aberration/lens flare/dust/scratches. Silhouette must read clearly at 32px."
"drake-hunter:ultimate-vfx","commanders","additive","Kael Drake","Ultimate-ability VFX for ""Perfect Hunt"". Kael Drake ""Hunter"", a recon commander of the Independent Frontier Rangers. A frontier tracker, elite recon specialist, and xeno hunter who spent decades protecting isolated colonies by studying threats long before they reached anyone — allied with the Afterlight Initiative, though he still answers to the Rangers first. Design brief: Light reconnaissance armour in dark forest green and graphite, an adaptive camouflage cloak, a compact tactical backpack, a retractable targeting visor, a biometric gauntlet, a magnetic utility belt, and a long-range sensor drone — every piece of it battle-scarred. House VFX style: large, few, rounded particles — fat circles, chunky stars, thick rings. Never fine dust, realistic smoke, or lens flares. Additive glow clipped tight to the source. Flat saturated colour, no gradients past a subtle two-stop, nothing gritty. Must read clearly at 32px, never obscure a silhouette for more than ~200ms."
"sol-resonant:portrait","commanders","keyed","Aria Sol","Character portrait, head-and-shoulders, plain backdrop. Aria Sol ""Resonant"", a crystalSpecialist commander of the Crystal Ascendancy. A resonance physicist, crystal harmonics specialist, and energy systems architect who led the rediscovery of resonance engineering after recovering surviving Crystal Ascendancy archives — allied with the Afterlight Initiative, and still describes her own work as 'conducting an orchestra that was already playing.' Design brief: An elegant crystal-lined combat suit in pearlescent white with cyan resonance veins, a floating crystalline halo, holographic waveform ribbons, a lightweight scientific cloak, crystal gauntlets, a luminescent visor, and soft energy trails that follow every movement. House style: chibi-proportioned stylized 3D, flat toon/cel-shading (max two-tone gradient, no PBR falloff), rounded chunky forms with visible thickness, soft dark outline or additive drop-glow for edge separation (never a realistic cast shadow), saturated flat colour, no gradients past a subtle two-stop, no fine detail, no film grain/vignette/chromatic aberration/lens flare/dust/scratches. Silhouette must read clearly at 32px."
"sol-resonant:sprite","commanders","keyed","Aria Sol","Full-body in-run sprite, standing pose, nose/face pointing north. Aria Sol ""Resonant"", a crystalSpecialist commander of the Crystal Ascendancy. A resonance physicist, crystal harmonics specialist, and energy systems architect who led the rediscovery of resonance engineering after recovering surviving Crystal Ascendancy archives — allied with the Afterlight Initiative, and still describes her own work as 'conducting an orchestra that was already playing.' Design brief: An elegant crystal-lined combat suit in pearlescent white with cyan resonance veins, a floating crystalline halo, holographic waveform ribbons, a lightweight scientific cloak, crystal gauntlets, a luminescent visor, and soft energy trails that follow every movement. House style: chibi-proportioned stylized 3D, flat toon/cel-shading (max two-tone gradient, no PBR falloff), rounded chunky forms with visible thickness, soft dark outline or additive drop-glow for edge separation (never a realistic cast shadow), saturated flat colour, no gradients past a subtle two-stop, no fine detail, no film grain/vignette/chromatic aberration/lens flare/dust/scratches. Silhouette must read clearly at 32px."
"sol-resonant:ultimate-vfx","commanders","additive","Aria Sol","Ultimate-ability VFX for ""Symphony of Light"". Aria Sol ""Resonant"", a crystalSpecialist commander of the Crystal Ascendancy. A resonance physicist, crystal harmonics specialist, and energy systems architect who led the rediscovery of resonance engineering after recovering surviving Crystal Ascendancy archives — allied with the Afterlight Initiative, and still describes her own work as 'conducting an orchestra that was already playing.' Design brief: An elegant crystal-lined combat suit in pearlescent white with cyan resonance veins, a floating crystalline halo, holographic waveform ribbons, a lightweight scientific cloak, crystal gauntlets, a luminescent visor, and soft energy trails that follow every movement. House VFX style: large, few, rounded particles — fat circles, chunky stars, thick rings. Never fine dust, realistic smoke, or lens flares. Additive glow clipped tight to the source. Flat saturated colour, no gradients past a subtle two-stop, nothing gritty. Must read clearly at 32px, never obscure a silhouette for more than ~200ms."
"vale-voidrunner:portrait","commanders","keyed","Orion Vale","Character portrait, head-and-shoulders, plain backdrop. Orion Vale ""Voidrunner"", a voidSpecialist commander of the Afterlight Initiative. A void expedition specialist, dimensional navigator, and reality recovery operative who volunteered for humanity's first successful expeditions into permanent Void anomalies after witnessing countless failed rescue attempts — believes someone must willingly walk into darkness so others never have to. Design brief: Black adaptive void armour with deep violet energy veins, a floating fractured cloak, a distorted helmet visor, micro-singularity stabilisers, dark energy gauntlets, subtle gravitational lensing, and reality fractures that appear around his every movement. House style: chibi-proportioned stylized 3D, flat toon/cel-shading (max two-tone gradient, no PBR falloff), rounded chunky forms with visible thickness, soft dark outline or additive drop-glow for edge separation (never a realistic cast shadow), saturated flat colour, no gradients past a subtle two-stop, no fine detail, no film grain/vignette/chromatic aberration/lens flare/dust/scratches. Silhouette must read clearly at 32px."
"vale-voidrunner:sprite","commanders","keyed","Orion Vale","Full-body in-run sprite, standing pose, nose/face pointing north. Orion Vale ""Voidrunner"", a voidSpecialist commander of the Afterlight Initiative. A void expedition specialist, dimensional navigator, and reality recovery operative who volunteered for humanity's first successful expeditions into permanent Void anomalies after witnessing countless failed rescue attempts — believes someone must willingly walk into darkness so others never have to. Design brief: Black adaptive void armour with deep violet energy veins, a floating fractured cloak, a distorted helmet visor, micro-singularity stabilisers, dark energy gauntlets, subtle gravitational lensing, and reality fractures that appear around his every movement. House style: chibi-proportioned stylized 3D, flat toon/cel-shading (max two-tone gradient, no PBR falloff), rounded chunky forms with visible thickness, soft dark outline or additive drop-glow for edge separation (never a realistic cast shadow), saturated flat colour, no gradients past a subtle two-stop, no fine detail, no film grain/vignette/chromatic aberration/lens flare/dust/scratches. Silhouette must read clearly at 32px."
"vale-voidrunner:ultimate-vfx","commanders","additive","Orion Vale","Ultimate-ability VFX for ""Beyond the Horizon"". Orion Vale ""Voidrunner"", a voidSpecialist commander of the Afterlight Initiative. A void expedition specialist, dimensional navigator, and reality recovery operative who volunteered for humanity's first successful expeditions into permanent Void anomalies after witnessing countless failed rescue attempts — believes someone must willingly walk into darkness so others never have to. Design brief: Black adaptive void armour with deep violet energy veins, a floating fractured cloak, a distorted helmet visor, micro-singularity stabilisers, dark energy gauntlets, subtle gravitational lensing, and reality fractures that appear around his every movement. House VFX style: large, few, rounded particles — fat circles, chunky stars, thick rings. Never fine dust, realistic smoke, or lens flares. Additive glow clipped tight to the source. Flat saturated colour, no gradients past a subtle two-stop, nothing gritty. Must read clearly at 32px, never obscure a silhouette for more than ~200ms."
"iskander-swarmmaster:portrait","commanders","keyed","Nova Iskander","Character portrait, head-and-shoulders, plain backdrop. Nova Iskander ""Swarmmaster"", a droneCommander commander of the Afterlight Initiative. A drone fleet commander, autonomous systems engineer, and swarm intelligence architect who pioneered humanity's first ethical autonomous combat framework after the Collapse — believes automation should preserve life, never replace it. Design brief: A white tactical command suit over a graphite exoskeleton with blue command lights, a floating holographic drone interface, mechanical shoulder drones, a compact command visor, adaptive control gauntlets, and orbiting utility drones — a minimalist engineering aesthetic throughout. House style: chibi-proportioned stylized 3D, flat toon/cel-shading (max two-tone gradient, no PBR falloff), rounded chunky forms with visible thickness, soft dark outline or additive drop-glow for edge separation (never a realistic cast shadow), saturated flat colour, no gradients past a subtle two-stop, no fine detail, no film grain/vignette/chromatic aberration/lens flare/dust/scratches. Silhouette must read clearly at 32px."
"iskander-swarmmaster:sprite","commanders","keyed","Nova Iskander","Full-body in-run sprite, standing pose, nose/face pointing north. Nova Iskander ""Swarmmaster"", a droneCommander commander of the Afterlight Initiative. A drone fleet commander, autonomous systems engineer, and swarm intelligence architect who pioneered humanity's first ethical autonomous combat framework after the Collapse — believes automation should preserve life, never replace it. Design brief: A white tactical command suit over a graphite exoskeleton with blue command lights, a floating holographic drone interface, mechanical shoulder drones, a compact command visor, adaptive control gauntlets, and orbiting utility drones — a minimalist engineering aesthetic throughout. House style: chibi-proportioned stylized 3D, flat toon/cel-shading (max two-tone gradient, no PBR falloff), rounded chunky forms with visible thickness, soft dark outline or additive drop-glow for edge separation (never a realistic cast shadow), saturated flat colour, no gradients past a subtle two-stop, no fine detail, no film grain/vignette/chromatic aberration/lens flare/dust/scratches. Silhouette must read clearly at 32px."
"iskander-swarmmaster:ultimate-vfx","commanders","additive","Nova Iskander","Ultimate-ability VFX for ""Hive Network"". Nova Iskander ""Swarmmaster"", a droneCommander commander of the Afterlight Initiative. A drone fleet commander, autonomous systems engineer, and swarm intelligence architect who pioneered humanity's first ethical autonomous combat framework after the Collapse — believes automation should preserve life, never replace it. Design brief: A white tactical command suit over a graphite exoskeleton with blue command lights, a floating holographic drone interface, mechanical shoulder drones, a compact command visor, adaptive control gauntlets, and orbiting utility drones — a minimalist engineering aesthetic throughout. House VFX style: large, few, rounded particles — fat circles, chunky stars, thick rings. Never fine dust, realistic smoke, or lens flares. Additive glow clipped tight to the source. Flat saturated colour, no gradients past a subtle two-stop, nothing gritty. Must read clearly at 32px, never obscure a silhouette for more than ~200ms."
"thorne-starforged:portrait","commanders","keyed","Cassia Thorne","Character portrait, head-and-shoulders, plain backdrop. Cassia Thorne ""Starforged"", an engineer commander of the Atlas Dynamics. Atlas Dynamics' Chief Weapons Architect, an experimental metallurgist and industrial commander who rebuilt humanity's first orbital forge complex after the Collapse — she believes true strength is earned through relentless refinement, never granted. Design brief: Heavy industrial combat armour in dark titanium plating with molten orange energy vents, forging gauntlets, a thermal reactor backpack, heat exhaust vents, a magnetic tool harness, and a glowing forge hammer emblem — an unmistakably industrial silhouette. House style: chibi-proportioned stylized 3D, flat toon/cel-shading (max two-tone gradient, no PBR falloff), rounded chunky forms with visible thickness, soft dark outline or additive drop-glow for edge separation (never a realistic cast shadow), saturated flat colour, no gradients past a subtle two-stop, no fine detail, no film grain/vignette/chromatic aberration/lens flare/dust/scratches. Silhouette must read clearly at 32px."
"thorne-starforged:sprite","commanders","keyed","Cassia Thorne","Full-body in-run sprite, standing pose, nose/face pointing north. Cassia Thorne ""Starforged"", an engineer commander of the Atlas Dynamics. Atlas Dynamics' Chief Weapons Architect, an experimental metallurgist and industrial commander who rebuilt humanity's first orbital forge complex after the Collapse — she believes true strength is earned through relentless refinement, never granted. Design brief: Heavy industrial combat armour in dark titanium plating with molten orange energy vents, forging gauntlets, a thermal reactor backpack, heat exhaust vents, a magnetic tool harness, and a glowing forge hammer emblem — an unmistakably industrial silhouette. House style: chibi-proportioned stylized 3D, flat toon/cel-shading (max two-tone gradient, no PBR falloff), rounded chunky forms with visible thickness, soft dark outline or additive drop-glow for edge separation (never a realistic cast shadow), saturated flat colour, no gradients past a subtle two-stop, no fine detail, no film grain/vignette/chromatic aberration/lens flare/dust/scratches. Silhouette must read clearly at 32px."
"thorne-starforged:ultimate-vfx","commanders","additive","Cassia Thorne","Ultimate-ability VFX for ""Starforge Core"". Cassia Thorne ""Starforged"", an engineer commander of the Atlas Dynamics. Atlas Dynamics' Chief Weapons Architect, an experimental metallurgist and industrial commander who rebuilt humanity's first orbital forge complex after the Collapse — she believes true strength is earned through relentless refinement, never granted. Design brief: Heavy industrial combat armour in dark titanium plating with molten orange energy vents, forging gauntlets, a thermal reactor backpack, heat exhaust vents, a magnetic tool harness, and a glowing forge hammer emblem — an unmistakably industrial silhouette. House VFX style: large, few, rounded particles — fat circles, chunky stars, thick rings. Never fine dust, realistic smoke, or lens flares. Additive glow clipped tight to the source. Flat saturated colour, no gradients past a subtle two-stop, nothing gritty. Must read clearly at 32px, never obscure a silhouette for more than ~200ms."
"vex-chronomancer:portrait","commanders","keyed","Aurelion Vex","Character portrait, head-and-shoulders, plain backdrop. Aurelion Vex ""Chronomancer"", a recon commander of the Afterlight Initiative. A temporal physicist, chrono expedition specialist, and Timeline Recovery Director who led humanity's first successful expedition through a naturally occurring temporal fracture — he understands that changing history always carries a cost, and refuses to rewrite lives for personal gain. Design brief: White and silver temporal armour with floating clockwork rings, blue temporal energy, a golden chronometer core, a transparent flowing cloak, fractal clock fragments, and an elegant scientific silhouette — time distortion surrounds his every movement. House style: chibi-proportioned stylized 3D, flat toon/cel-shading (max two-tone gradient, no PBR falloff), rounded chunky forms with visible thickness, soft dark outline or additive drop-glow for edge separation (never a realistic cast shadow), saturated flat colour, no gradients past a subtle two-stop, no fine detail, no film grain/vignette/chromatic aberration/lens flare/dust/scratches. Silhouette must read clearly at 32px."
"vex-chronomancer:sprite","commanders","keyed","Aurelion Vex","Full-body in-run sprite, standing pose, nose/face pointing north. Aurelion Vex ""Chronomancer"", a recon commander of the Afterlight Initiative. A temporal physicist, chrono expedition specialist, and Timeline Recovery Director who led humanity's first successful expedition through a naturally occurring temporal fracture — he understands that changing history always carries a cost, and refuses to rewrite lives for personal gain. Design brief: White and silver temporal armour with floating clockwork rings, blue temporal energy, a golden chronometer core, a transparent flowing cloak, fractal clock fragments, and an elegant scientific silhouette — time distortion surrounds his every movement. House style: chibi-proportioned stylized 3D, flat toon/cel-shading (max two-tone gradient, no PBR falloff), rounded chunky forms with visible thickness, soft dark outline or additive drop-glow for edge separation (never a realistic cast shadow), saturated flat colour, no gradients past a subtle two-stop, no fine detail, no film grain/vignette/chromatic aberration/lens flare/dust/scratches. Silhouette must read clearly at 32px."
"vex-chronomancer:ultimate-vfx","commanders","additive","Aurelion Vex","Ultimate-ability VFX for ""Frozen Moment"". Aurelion Vex ""Chronomancer"", a recon commander of the Afterlight Initiative. A temporal physicist, chrono expedition specialist, and Timeline Recovery Director who led humanity's first successful expedition through a naturally occurring temporal fracture — he understands that changing history always carries a cost, and refuses to rewrite lives for personal gain. Design brief: White and silver temporal armour with floating clockwork rings, blue temporal energy, a golden chronometer core, a transparent flowing cloak, fractal clock fragments, and an elegant scientific silhouette — time distortion surrounds his every movement. House VFX style: large, few, rounded particles — fat circles, chunky stars, thick rings. Never fine dust, realistic smoke, or lens flares. Additive glow clipped tight to the source. Flat saturated colour, no gradients past a subtle two-stop, nothing gritty. Must read clearly at 32px, never obscure a silhouette for more than ~200ms."
"ash-tempest:portrait","commanders","keyed","Valen Ash","Character portrait, head-and-shoulders, plain backdrop. Valen Ash ""Tempest"", an orbitalCommander commander of the Afterlight Initiative. An atmospheric physicist, weather systems commander, and disaster response specialist who became the first commander to safely stabilise an artificial planetary weather network after the Collapse — he believes nature is never the enemy, only a failure to understand it. Design brief: White storm armour with electric blue energy veins, a flowing weather cloak, a lightning reactor backpack, floating atmospheric sensors, crackling gauntlets, and a blue-white visor — static electricity constantly dances across the armour. House style: chibi-proportioned stylized 3D, flat toon/cel-shading (max two-tone gradient, no PBR falloff), rounded chunky forms with visible thickness, soft dark outline or additive drop-glow for edge separation (never a realistic cast shadow), saturated flat colour, no gradients past a subtle two-stop, no fine detail, no film grain/vignette/chromatic aberration/lens flare/dust/scratches. Silhouette must read clearly at 32px."
"ash-tempest:sprite","commanders","keyed","Valen Ash","Full-body in-run sprite, standing pose, nose/face pointing north. Valen Ash ""Tempest"", an orbitalCommander commander of the Afterlight Initiative. An atmospheric physicist, weather systems commander, and disaster response specialist who became the first commander to safely stabilise an artificial planetary weather network after the Collapse — he believes nature is never the enemy, only a failure to understand it. Design brief: White storm armour with electric blue energy veins, a flowing weather cloak, a lightning reactor backpack, floating atmospheric sensors, crackling gauntlets, and a blue-white visor — static electricity constantly dances across the armour. House style: chibi-proportioned stylized 3D, flat toon/cel-shading (max two-tone gradient, no PBR falloff), rounded chunky forms with visible thickness, soft dark outline or additive drop-glow for edge separation (never a realistic cast shadow), saturated flat colour, no gradients past a subtle two-stop, no fine detail, no film grain/vignette/chromatic aberration/lens flare/dust/scratches. Silhouette must read clearly at 32px."
"ash-tempest:ultimate-vfx","commanders","additive","Valen Ash","Ultimate-ability VFX for ""Planetfall Storm"". Valen Ash ""Tempest"", an orbitalCommander commander of the Afterlight Initiative. An atmospheric physicist, weather systems commander, and disaster response specialist who became the first commander to safely stabilise an artificial planetary weather network after the Collapse — he believes nature is never the enemy, only a failure to understand it. Design brief: White storm armour with electric blue energy veins, a flowing weather cloak, a lightning reactor backpack, floating atmospheric sensors, crackling gauntlets, and a blue-white visor — static electricity constantly dances across the armour. House VFX style: large, few, rounded particles — fat circles, chunky stars, thick rings. Never fine dust, realistic smoke, or lens flares. Additive glow clipped tight to the source. Flat saturated colour, no gradients past a subtle two-stop, nothing gritty. Must read clearly at 32px, never obscure a silhouette for more than ~200ms."
"korven-phantom:portrait","commanders","keyed","Nyx Korven","Character portrait, head-and-shoulders, plain backdrop. Nyx Korven ""Phantom"", a recon commander of the Afterlight Initiative. An infiltration specialist, recon commander, and counter-intelligence operative who rebuilt humanity's fractured intelligence network after the Collapse — she avoids unnecessary conflict, believing her greatest victories are the battles that never happen. Design brief: Adaptive black stealth armour with dark violet energy lines, an active camouflage cloak, a retractable optical visor, a low-profile tactical harness, and a silenced propulsion pack — minimal lighting throughout, with glitch-like distortion trailing every movement. House style: chibi-proportioned stylized 3D, flat toon/cel-shading (max two-tone gradient, no PBR falloff), rounded chunky forms with visible thickness, soft dark outline or additive drop-glow for edge separation (never a realistic cast shadow), saturated flat colour, no gradients past a subtle two-stop, no fine detail, no film grain/vignette/chromatic aberration/lens flare/dust/scratches. Silhouette must read clearly at 32px."
"korven-phantom:sprite","commanders","keyed","Nyx Korven","Full-body in-run sprite, standing pose, nose/face pointing north. Nyx Korven ""Phantom"", a recon commander of the Afterlight Initiative. An infiltration specialist, recon commander, and counter-intelligence operative who rebuilt humanity's fractured intelligence network after the Collapse — she avoids unnecessary conflict, believing her greatest victories are the battles that never happen. Design brief: Adaptive black stealth armour with dark violet energy lines, an active camouflage cloak, a retractable optical visor, a low-profile tactical harness, and a silenced propulsion pack — minimal lighting throughout, with glitch-like distortion trailing every movement. House style: chibi-proportioned stylized 3D, flat toon/cel-shading (max two-tone gradient, no PBR falloff), rounded chunky forms with visible thickness, soft dark outline or additive drop-glow for edge separation (never a realistic cast shadow), saturated flat colour, no gradients past a subtle two-stop, no fine detail, no film grain/vignette/chromatic aberration/lens flare/dust/scratches. Silhouette must read clearly at 32px."
"korven-phantom:ultimate-vfx","commanders","additive","Nyx Korven","Ultimate-ability VFX for ""Blackout Network"". Nyx Korven ""Phantom"", a recon commander of the Afterlight Initiative. An infiltration specialist, recon commander, and counter-intelligence operative who rebuilt humanity's fractured intelligence network after the Collapse — she avoids unnecessary conflict, believing her greatest victories are the battles that never happen. Design brief: Adaptive black stealth armour with dark violet energy lines, an active camouflage cloak, a retractable optical visor, a low-profile tactical harness, and a silenced propulsion pack — minimal lighting throughout, with glitch-like distortion trailing every movement. House VFX style: large, few, rounded particles — fat circles, chunky stars, thick rings. Never fine dust, realistic smoke, or lens flares. Additive glow clipped tight to the source. Flat saturated colour, no gradients past a subtle two-stop, nothing gritty. Must read clearly at 32px, never obscure a silhouette for more than ~200ms."
"syn-bioforge:portrait","commanders","keyed","Dr. Mira Syn","Character portrait, head-and-shoulders, plain backdrop. Dr. Mira Syn ""Bioforge"", a support commander of the Afterlight Initiative. A bioengineer, genetic systems director, and xenobiology specialist who rebuilt humanity's lost xenobiology programme after recovering intact genetic archives from forgotten colonies — she believes every living organism deserves understanding before judgement. Design brief: A white biological research suit with emerald energy veins, living bio-organic shoulder armour, floating DNA holograms, adaptive vine-like gauntlets, a portable laboratory backpack, and a luminescent green visor — subtle organic growths integrated throughout her equipment. House style: chibi-proportioned stylized 3D, flat toon/cel-shading (max two-tone gradient, no PBR falloff), rounded chunky forms with visible thickness, soft dark outline or additive drop-glow for edge separation (never a realistic cast shadow), saturated flat colour, no gradients past a subtle two-stop, no fine detail, no film grain/vignette/chromatic aberration/lens flare/dust/scratches. Silhouette must read clearly at 32px."
"syn-bioforge:sprite","commanders","keyed","Dr. Mira Syn","Full-body in-run sprite, standing pose, nose/face pointing north. Dr. Mira Syn ""Bioforge"", a support commander of the Afterlight Initiative. A bioengineer, genetic systems director, and xenobiology specialist who rebuilt humanity's lost xenobiology programme after recovering intact genetic archives from forgotten colonies — she believes every living organism deserves understanding before judgement. Design brief: A white biological research suit with emerald energy veins, living bio-organic shoulder armour, floating DNA holograms, adaptive vine-like gauntlets, a portable laboratory backpack, and a luminescent green visor — subtle organic growths integrated throughout her equipment. House style: chibi-proportioned stylized 3D, flat toon/cel-shading (max two-tone gradient, no PBR falloff), rounded chunky forms with visible thickness, soft dark outline or additive drop-glow for edge separation (never a realistic cast shadow), saturated flat colour, no gradients past a subtle two-stop, no fine detail, no film grain/vignette/chromatic aberration/lens flare/dust/scratches. Silhouette must read clearly at 32px."
"syn-bioforge:ultimate-vfx","commanders","additive","Dr. Mira Syn","Ultimate-ability VFX for ""Genesis Protocol"". Dr. Mira Syn ""Bioforge"", a support commander of the Afterlight Initiative. A bioengineer, genetic systems director, and xenobiology specialist who rebuilt humanity's lost xenobiology programme after recovering intact genetic archives from forgotten colonies — she believes every living organism deserves understanding before judgement. Design brief: A white biological research suit with emerald energy veins, living bio-organic shoulder armour, floating DNA holograms, adaptive vine-like gauntlets, a portable laboratory backpack, and a luminescent green visor — subtle organic growths integrated throughout her equipment. House VFX style: large, few, rounded particles — fat circles, chunky stars, thick rings. Never fine dust, realistic smoke, or lens flares. Additive glow clipped tight to the source. Flat saturated colour, no gradients past a subtle two-stop, nothing gritty. Must read clearly at 32px, never obscure a silhouette for more than ~200ms."
"solari-photon:portrait","commanders","keyed","Rhea Solari","Character portrait, head-and-shoulders, plain backdrop. Rhea Solari ""Photon"", an assault commander of the Afterlight Initiative. A photon systems scientist, energy weapons specialist, and stellar array commander who restored humanity's first functioning stellar energy array after the Collapse — she believes every sunrise proves humanity deserves another chance. Design brief: A brilliant white combat suit with gold solar plating, radiant energy wings, floating solar mirrors, a golden visor, photon gauntlets, and a solar reactor backpack — constant shimmering light follows every movement. House style: chibi-proportioned stylized 3D, flat toon/cel-shading (max two-tone gradient, no PBR falloff), rounded chunky forms with visible thickness, soft dark outline or additive drop-glow for edge separation (never a realistic cast shadow), saturated flat colour, no gradients past a subtle two-stop, no fine detail, no film grain/vignette/chromatic aberration/lens flare/dust/scratches. Silhouette must read clearly at 32px."
"solari-photon:sprite","commanders","keyed","Rhea Solari","Full-body in-run sprite, standing pose, nose/face pointing north. Rhea Solari ""Photon"", an assault commander of the Afterlight Initiative. A photon systems scientist, energy weapons specialist, and stellar array commander who restored humanity's first functioning stellar energy array after the Collapse — she believes every sunrise proves humanity deserves another chance. Design brief: A brilliant white combat suit with gold solar plating, radiant energy wings, floating solar mirrors, a golden visor, photon gauntlets, and a solar reactor backpack — constant shimmering light follows every movement. House style: chibi-proportioned stylized 3D, flat toon/cel-shading (max two-tone gradient, no PBR falloff), rounded chunky forms with visible thickness, soft dark outline or additive drop-glow for edge separation (never a realistic cast shadow), saturated flat colour, no gradients past a subtle two-stop, no fine detail, no film grain/vignette/chromatic aberration/lens flare/dust/scratches. Silhouette must read clearly at 32px."
"solari-photon:ultimate-vfx","commanders","additive","Rhea Solari","Ultimate-ability VFX for ""Helios Cascade"". Rhea Solari ""Photon"", an assault commander of the Afterlight Initiative. A photon systems scientist, energy weapons specialist, and stellar array commander who restored humanity's first functioning stellar energy array after the Collapse — she believes every sunrise proves humanity deserves another chance. Design brief: A brilliant white combat suit with gold solar plating, radiant energy wings, floating solar mirrors, a golden visor, photon gauntlets, and a solar reactor backpack — constant shimmering light follows every movement. House VFX style: large, few, rounded particles — fat circles, chunky stars, thick rings. Never fine dust, realistic smoke, or lens flares. Additive glow clipped tight to the source. Flat saturated colour, no gradients past a subtle two-stop, nothing gritty. Must read clearly at 32px, never obscure a silhouette for more than ~200ms."
"kain-singularity:portrait","commanders","keyed","Zephyr Kain","Character portrait, head-and-shoulders, plain backdrop. Zephyr Kain ""Singularity"", a prototypePilot commander of the Afterlight Initiative. A gravitational physicist, singularity engineer, and black hole navigation specialist who led the first successful expedition into the event horizon of a stable artificial singularity — he believes gravity is the universe's oldest language. Design brief: Midnight-black research armour with gold gravitational rings orbiting his torso, a deep violet singularity core, a distorted cloak, a gravity lens visor, and micro-black-hole stabilisers — floating debris slowly orbits him at all times. House style: chibi-proportioned stylized 3D, flat toon/cel-shading (max two-tone gradient, no PBR falloff), rounded chunky forms with visible thickness, soft dark outline or additive drop-glow for edge separation (never a realistic cast shadow), saturated flat colour, no gradients past a subtle two-stop, no fine detail, no film grain/vignette/chromatic aberration/lens flare/dust/scratches. Silhouette must read clearly at 32px."
"kain-singularity:sprite","commanders","keyed","Zephyr Kain","Full-body in-run sprite, standing pose, nose/face pointing north. Zephyr Kain ""Singularity"", a prototypePilot commander of the Afterlight Initiative. A gravitational physicist, singularity engineer, and black hole navigation specialist who led the first successful expedition into the event horizon of a stable artificial singularity — he believes gravity is the universe's oldest language. Design brief: Midnight-black research armour with gold gravitational rings orbiting his torso, a deep violet singularity core, a distorted cloak, a gravity lens visor, and micro-black-hole stabilisers — floating debris slowly orbits him at all times. House style: chibi-proportioned stylized 3D, flat toon/cel-shading (max two-tone gradient, no PBR falloff), rounded chunky forms with visible thickness, soft dark outline or additive drop-glow for edge separation (never a realistic cast shadow), saturated flat colour, no gradients past a subtle two-stop, no fine detail, no film grain/vignette/chromatic aberration/lens flare/dust/scratches. Silhouette must read clearly at 32px."
"kain-singularity:ultimate-vfx","commanders","additive","Zephyr Kain","Ultimate-ability VFX for ""Event Horizon"". Zephyr Kain ""Singularity"", a prototypePilot commander of the Afterlight Initiative. A gravitational physicist, singularity engineer, and black hole navigation specialist who led the first successful expedition into the event horizon of a stable artificial singularity — he believes gravity is the universe's oldest language. Design brief: Midnight-black research armour with gold gravitational rings orbiting his torso, a deep violet singularity core, a distorted cloak, a gravity lens visor, and micro-black-hole stabilisers — floating debris slowly orbits him at all times. House VFX style: large, few, rounded particles — fat circles, chunky stars, thick rings. Never fine dust, realistic smoke, or lens flares. Additive glow clipped tight to the source. Flat saturated colour, no gradients past a subtle two-stop, nothing gritty. Must read clearly at 32px, never obscure a silhouette for more than ~200ms."
"reyes-warden:portrait","commanders","keyed","Astrid Reyes","Character portrait, head-and-shoulders, plain backdrop. Astrid Reyes ""Warden"", a support commander of the Afterlight Initiative. A civil defence commander, emergency response director, and planetary guardian who became the face of humanity's Civil Defence Corps after the Collapse — she believes the greatest victory is bringing everyone home alive. Design brief: A heavy rescue exosuit in white ceramic armour with gold emergency markings, blue shield emitters, expandable rescue drones, a medical backpack, an integrated command visor, a protective energy mantle, and the Civil Defence insignia worn plainly. House style: chibi-proportioned stylized 3D, flat toon/cel-shading (max two-tone gradient, no PBR falloff), rounded chunky forms with visible thickness, soft dark outline or additive drop-glow for edge separation (never a realistic cast shadow), saturated flat colour, no gradients past a subtle two-stop, no fine detail, no film grain/vignette/chromatic aberration/lens flare/dust/scratches. Silhouette must read clearly at 32px."
"reyes-warden:sprite","commanders","keyed","Astrid Reyes","Full-body in-run sprite, standing pose, nose/face pointing north. Astrid Reyes ""Warden"", a support commander of the Afterlight Initiative. A civil defence commander, emergency response director, and planetary guardian who became the face of humanity's Civil Defence Corps after the Collapse — she believes the greatest victory is bringing everyone home alive. Design brief: A heavy rescue exosuit in white ceramic armour with gold emergency markings, blue shield emitters, expandable rescue drones, a medical backpack, an integrated command visor, a protective energy mantle, and the Civil Defence insignia worn plainly. House style: chibi-proportioned stylized 3D, flat toon/cel-shading (max two-tone gradient, no PBR falloff), rounded chunky forms with visible thickness, soft dark outline or additive drop-glow for edge separation (never a realistic cast shadow), saturated flat colour, no gradients past a subtle two-stop, no fine detail, no film grain/vignette/chromatic aberration/lens flare/dust/scratches. Silhouette must read clearly at 32px."
"reyes-warden:ultimate-vfx","commanders","additive","Astrid Reyes","Ultimate-ability VFX for ""Last Sanctuary"". Astrid Reyes ""Warden"", a support commander of the Afterlight Initiative. A civil defence commander, emergency response director, and planetary guardian who became the face of humanity's Civil Defence Corps after the Collapse — she believes the greatest victory is bringing everyone home alive. Design brief: A heavy rescue exosuit in white ceramic armour with gold emergency markings, blue shield emitters, expandable rescue drones, a medical backpack, an integrated command visor, a protective energy mantle, and the Civil Defence insignia worn plainly. House VFX style: large, few, rounded particles — fat circles, chunky stars, thick rings. Never fine dust, realistic smoke, or lens flares. Additive glow clipped tight to the source. Flat saturated colour, no gradients past a subtle two-stop, nothing gritty. Must read clearly at 32px, never obscure a silhouette for more than ~200ms."
"orion-starlancer:portrait","commanders","keyed","Lucien Orion","Character portrait, head-and-shoulders, plain backdrop. Lucien Orion ""Starlancer"", an assault commander of the Afterlight Initiative. A strike commander, experimental flight specialist, and deep space interceptor pilot who became the first pilot to successfully survive repeated flights through unstable prototype jump corridors — he believes hesitation is the only true enemy. Design brief: Aerodynamic white combat armour with blue plasma fins, retractable thruster wings, magnetic flight stabilisers, a streamlined visor, a star-blue reactor core, glowing propulsion vents, and a long asymmetric flight coat. House style: chibi-proportioned stylized 3D, flat toon/cel-shading (max two-tone gradient, no PBR falloff), rounded chunky forms with visible thickness, soft dark outline or additive drop-glow for edge separation (never a realistic cast shadow), saturated flat colour, no gradients past a subtle two-stop, no fine detail, no film grain/vignette/chromatic aberration/lens flare/dust/scratches. Silhouette must read clearly at 32px."
"orion-starlancer:sprite","commanders","keyed","Lucien Orion","Full-body in-run sprite, standing pose, nose/face pointing north. Lucien Orion ""Starlancer"", an assault commander of the Afterlight Initiative. A strike commander, experimental flight specialist, and deep space interceptor pilot who became the first pilot to successfully survive repeated flights through unstable prototype jump corridors — he believes hesitation is the only true enemy. Design brief: Aerodynamic white combat armour with blue plasma fins, retractable thruster wings, magnetic flight stabilisers, a streamlined visor, a star-blue reactor core, glowing propulsion vents, and a long asymmetric flight coat. House style: chibi-proportioned stylized 3D, flat toon/cel-shading (max two-tone gradient, no PBR falloff), rounded chunky forms with visible thickness, soft dark outline or additive drop-glow for edge separation (never a realistic cast shadow), saturated flat colour, no gradients past a subtle two-stop, no fine detail, no film grain/vignette/chromatic aberration/lens flare/dust/scratches. Silhouette must read clearly at 32px."
"orion-starlancer:ultimate-vfx","commanders","additive","Lucien Orion","Ultimate-ability VFX for ""Supernova Drive"". Lucien Orion ""Starlancer"", an assault commander of the Afterlight Initiative. A strike commander, experimental flight specialist, and deep space interceptor pilot who became the first pilot to successfully survive repeated flights through unstable prototype jump corridors — he believes hesitation is the only true enemy. Design brief: Aerodynamic white combat armour with blue plasma fins, retractable thruster wings, magnetic flight stabilisers, a streamlined visor, a star-blue reactor core, glowing propulsion vents, and a long asymmetric flight coat. House VFX style: large, few, rounded particles — fat circles, chunky stars, thick rings. Never fine dust, realistic smoke, or lens flares. Additive glow clipped tight to the source. Flat saturated colour, no gradients past a subtle two-stop, nothing gritty. Must read clearly at 32px, never obscure a silhouette for more than ~200ms."
"volkov-titan:portrait","commanders","keyed","Ivan Volkov","Character portrait, head-and-shoulders, plain backdrop. Ivan Volkov ""Titan"", an engineer commander of the Afterlight Initiative. A heavy assault commander, siege operations director, and planetary defence specialist who commanded humanity's largest planetary defence operations during the reconstruction era — he believes true strength exists only to protect those who cannot defend themselves. Design brief: A massive reinforced exosuit in titanium-grey armour with gold reinforced plating, gigantic shoulder reactors, heavy magnetic boots, integrated shield emitters, industrial hazard markings, and a blue reactor core — a towering silhouette wherever he stands. House style: chibi-proportioned stylized 3D, flat toon/cel-shading (max two-tone gradient, no PBR falloff), rounded chunky forms with visible thickness, soft dark outline or additive drop-glow for edge separation (never a realistic cast shadow), saturated flat colour, no gradients past a subtle two-stop, no fine detail, no film grain/vignette/chromatic aberration/lens flare/dust/scratches. Silhouette must read clearly at 32px."
"volkov-titan:sprite","commanders","keyed","Ivan Volkov","Full-body in-run sprite, standing pose, nose/face pointing north. Ivan Volkov ""Titan"", an engineer commander of the Afterlight Initiative. A heavy assault commander, siege operations director, and planetary defence specialist who commanded humanity's largest planetary defence operations during the reconstruction era — he believes true strength exists only to protect those who cannot defend themselves. Design brief: A massive reinforced exosuit in titanium-grey armour with gold reinforced plating, gigantic shoulder reactors, heavy magnetic boots, integrated shield emitters, industrial hazard markings, and a blue reactor core — a towering silhouette wherever he stands. House style: chibi-proportioned stylized 3D, flat toon/cel-shading (max two-tone gradient, no PBR falloff), rounded chunky forms with visible thickness, soft dark outline or additive drop-glow for edge separation (never a realistic cast shadow), saturated flat colour, no gradients past a subtle two-stop, no fine detail, no film grain/vignette/chromatic aberration/lens flare/dust/scratches. Silhouette must read clearly at 32px."
"volkov-titan:ultimate-vfx","commanders","additive","Ivan Volkov","Ultimate-ability VFX for ""Bulwark Protocol"". Ivan Volkov ""Titan"", an engineer commander of the Afterlight Initiative. A heavy assault commander, siege operations director, and planetary defence specialist who commanded humanity's largest planetary defence operations during the reconstruction era — he believes true strength exists only to protect those who cannot defend themselves. Design brief: A massive reinforced exosuit in titanium-grey armour with gold reinforced plating, gigantic shoulder reactors, heavy magnetic boots, integrated shield emitters, industrial hazard markings, and a blue reactor core — a towering silhouette wherever he stands. House VFX style: large, few, rounded particles — fat circles, chunky stars, thick rings. Never fine dust, realistic smoke, or lens flares. Additive glow clipped tight to the source. Flat saturated colour, no gradients past a subtle two-stop, nothing gritty. Must read clearly at 32px, never obscure a silhouette for more than ~200ms."
"myrr-oracle:portrait","commanders","keyed","Selene Myrr","Character portrait, head-and-shoulders, plain backdrop. Selene Myrr ""Oracle"", a support commander of the Afterlight Initiative. A strategic forecast scientist, battlefield simulation director, and predictive systems architect who rebuilt humanity's predictive analytics systems using recovered Afterlight computational arrays — she believes perfect preparation saves more lives than perfect weapons. Design brief: An elegant white command suit with silver neural circuitry, floating holographic prediction rings, a transparent tactical cloak, a blue quantum visor, orbiting tactical drones, and predictive holo-displays — a minimalist scientific aesthetic throughout. House style: chibi-proportioned stylized 3D, flat toon/cel-shading (max two-tone gradient, no PBR falloff), rounded chunky forms with visible thickness, soft dark outline or additive drop-glow for edge separation (never a realistic cast shadow), saturated flat colour, no gradients past a subtle two-stop, no fine detail, no film grain/vignette/chromatic aberration/lens flare/dust/scratches. Silhouette must read clearly at 32px."
"myrr-oracle:sprite","commanders","keyed","Selene Myrr","Full-body in-run sprite, standing pose, nose/face pointing north. Selene Myrr ""Oracle"", a support commander of the Afterlight Initiative. A strategic forecast scientist, battlefield simulation director, and predictive systems architect who rebuilt humanity's predictive analytics systems using recovered Afterlight computational arrays — she believes perfect preparation saves more lives than perfect weapons. Design brief: An elegant white command suit with silver neural circuitry, floating holographic prediction rings, a transparent tactical cloak, a blue quantum visor, orbiting tactical drones, and predictive holo-displays — a minimalist scientific aesthetic throughout. House style: chibi-proportioned stylized 3D, flat toon/cel-shading (max two-tone gradient, no PBR falloff), rounded chunky forms with visible thickness, soft dark outline or additive drop-glow for edge separation (never a realistic cast shadow), saturated flat colour, no gradients past a subtle two-stop, no fine detail, no film grain/vignette/chromatic aberration/lens flare/dust/scratches. Silhouette must read clearly at 32px."
"myrr-oracle:ultimate-vfx","commanders","additive","Selene Myrr","Ultimate-ability VFX for ""Future Vision"". Selene Myrr ""Oracle"", a support commander of the Afterlight Initiative. A strategic forecast scientist, battlefield simulation director, and predictive systems architect who rebuilt humanity's predictive analytics systems using recovered Afterlight computational arrays — she believes perfect preparation saves more lives than perfect weapons. Design brief: An elegant white command suit with silver neural circuitry, floating holographic prediction rings, a transparent tactical cloak, a blue quantum visor, orbiting tactical drones, and predictive holo-displays — a minimalist scientific aesthetic throughout. House VFX style: large, few, rounded particles — fat circles, chunky stars, thick rings. Never fine dust, realistic smoke, or lens flares. Additive glow clipped tight to the source. Flat saturated colour, no gradients past a subtle two-stop, nothing gritty. Must read clearly at 32px, never obscure a silhouette for more than ~200ms."
"nova-architect:portrait","commanders","keyed","Caelus Nova","Character portrait, head-and-shoulders, plain backdrop. Caelus Nova ""Architect"", an orbitalCommander commander of the Atlas Dynamics. A megastructure engineer, orbital construction director, and stellar infrastructure commander who became the chief architect behind humanity's post-Collapse reconstruction programme — he believes civilisation is humanity's greatest invention, and every rebuilt structure is proof that hope survives. Design brief: A white industrial exosuit with graphite structural plating, gold engineering markings, floating holographic blueprint arrays, mechanical construction arms, adaptive fabrication gauntlets, a blueprint projector backpack, and an architectural visor — orbiting construction drones accompany him everywhere. House style: chibi-proportioned stylized 3D, flat toon/cel-shading (max two-tone gradient, no PBR falloff), rounded chunky forms with visible thickness, soft dark outline or additive drop-glow for edge separation (never a realistic cast shadow), saturated flat colour, no gradients past a subtle two-stop, no fine detail, no film grain/vignette/chromatic aberration/lens flare/dust/scratches. Silhouette must read clearly at 32px."
"nova-architect:sprite","commanders","keyed","Caelus Nova","Full-body in-run sprite, standing pose, nose/face pointing north. Caelus Nova ""Architect"", an orbitalCommander commander of the Atlas Dynamics. A megastructure engineer, orbital construction director, and stellar infrastructure commander who became the chief architect behind humanity's post-Collapse reconstruction programme — he believes civilisation is humanity's greatest invention, and every rebuilt structure is proof that hope survives. Design brief: A white industrial exosuit with graphite structural plating, gold engineering markings, floating holographic blueprint arrays, mechanical construction arms, adaptive fabrication gauntlets, a blueprint projector backpack, and an architectural visor — orbiting construction drones accompany him everywhere. House style: chibi-proportioned stylized 3D, flat toon/cel-shading (max two-tone gradient, no PBR falloff), rounded chunky forms with visible thickness, soft dark outline or additive drop-glow for edge separation (never a realistic cast shadow), saturated flat colour, no gradients past a subtle two-stop, no fine detail, no film grain/vignette/chromatic aberration/lens flare/dust/scratches. Silhouette must read clearly at 32px."
"nova-architect:ultimate-vfx","commanders","additive","Caelus Nova","Ultimate-ability VFX for ""Frontier Citadel"". Caelus Nova ""Architect"", an orbitalCommander commander of the Atlas Dynamics. A megastructure engineer, orbital construction director, and stellar infrastructure commander who became the chief architect behind humanity's post-Collapse reconstruction programme — he believes civilisation is humanity's greatest invention, and every rebuilt structure is proof that hope survives. Design brief: A white industrial exosuit with graphite structural plating, gold engineering markings, floating holographic blueprint arrays, mechanical construction arms, adaptive fabrication gauntlets, a blueprint projector backpack, and an architectural visor — orbiting construction drones accompany him everywhere. House VFX style: large, few, rounded particles — fat circles, chunky stars, thick rings. Never fine dust, realistic smoke, or lens flares. Additive glow clipped tight to the source. Flat saturated colour, no gradients past a subtle two-stop, nothing gritty. Must read clearly at 32px, never obscure a silhouette for more than ~200ms."
"vega-echo:portrait","commanders","keyed","Talia Vega","Character portrait, head-and-shoulders, plain backdrop. Talia Vega ""Echo"", a crystalSpecialist commander of the Afterlight Initiative. A signal intelligence specialist, acoustic physicist, and deep space communications commander who restored the fragmented interstellar communications infrastructure that had remained silent since the Collapse — she believes silence contains more information than noise. Design brief: Slim white reconnaissance armour with turquoise resonance circuitry, circular shoulder emitters, a waveform visor, floating signal receivers, an adaptive communication pack, and concentric energy rings — an elegant scientific silhouette throughout. House style: chibi-proportioned stylized 3D, flat toon/cel-shading (max two-tone gradient, no PBR falloff), rounded chunky forms with visible thickness, soft dark outline or additive drop-glow for edge separation (never a realistic cast shadow), saturated flat colour, no gradients past a subtle two-stop, no fine detail, no film grain/vignette/chromatic aberration/lens flare/dust/scratches. Silhouette must read clearly at 32px."
"vega-echo:sprite","commanders","keyed","Talia Vega","Full-body in-run sprite, standing pose, nose/face pointing north. Talia Vega ""Echo"", a crystalSpecialist commander of the Afterlight Initiative. A signal intelligence specialist, acoustic physicist, and deep space communications commander who restored the fragmented interstellar communications infrastructure that had remained silent since the Collapse — she believes silence contains more information than noise. Design brief: Slim white reconnaissance armour with turquoise resonance circuitry, circular shoulder emitters, a waveform visor, floating signal receivers, an adaptive communication pack, and concentric energy rings — an elegant scientific silhouette throughout. House style: chibi-proportioned stylized 3D, flat toon/cel-shading (max two-tone gradient, no PBR falloff), rounded chunky forms with visible thickness, soft dark outline or additive drop-glow for edge separation (never a realistic cast shadow), saturated flat colour, no gradients past a subtle two-stop, no fine detail, no film grain/vignette/chromatic aberration/lens flare/dust/scratches. Silhouette must read clearly at 32px."
"vega-echo:ultimate-vfx","commanders","additive","Talia Vega","Ultimate-ability VFX for ""Deep Echo Network"". Talia Vega ""Echo"", a crystalSpecialist commander of the Afterlight Initiative. A signal intelligence specialist, acoustic physicist, and deep space communications commander who restored the fragmented interstellar communications infrastructure that had remained silent since the Collapse — she believes silence contains more information than noise. Design brief: Slim white reconnaissance armour with turquoise resonance circuitry, circular shoulder emitters, a waveform visor, floating signal receivers, an adaptive communication pack, and concentric energy rings — an elegant scientific silhouette throughout. House VFX style: large, few, rounded particles — fat circles, chunky stars, thick rings. Never fine dust, realistic smoke, or lens flares. Additive glow clipped tight to the source. Flat saturated colour, no gradients past a subtle two-stop, nothing gritty. Must read clearly at 32px, never obscure a silhouette for more than ~200ms."
"rhem-catalyst:portrait","commanders","keyed","Darius Rhem","Character portrait, head-and-shoulders, plain backdrop. Darius Rhem ""Catalyst"", a prototypePilot commander of the Afterlight Initiative. A reaction systems scientist, chain-reaction specialist, and energy cascade researcher who pioneered safe chain-reaction engineering after preventing one of the largest post-Collapse reactor failures in recorded history — he believes the smallest action can reshape an entire civilisation. Design brief: A white experimental combat suit with amber energy conduits, reactive plasma coils, floating catalyst spheres, scientific gauntlets, an adaptive reaction backpack, and a bright orange reactor core — particle emitters orbit him constantly. House style: chibi-proportioned stylized 3D, flat toon/cel-shading (max two-tone gradient, no PBR falloff), rounded chunky forms with visible thickness, soft dark outline or additive drop-glow for edge separation (never a realistic cast shadow), saturated flat colour, no gradients past a subtle two-stop, no fine detail, no film grain/vignette/chromatic aberration/lens flare/dust/scratches. Silhouette must read clearly at 32px."
"rhem-catalyst:sprite","commanders","keyed","Darius Rhem","Full-body in-run sprite, standing pose, nose/face pointing north. Darius Rhem ""Catalyst"", a prototypePilot commander of the Afterlight Initiative. A reaction systems scientist, chain-reaction specialist, and energy cascade researcher who pioneered safe chain-reaction engineering after preventing one of the largest post-Collapse reactor failures in recorded history — he believes the smallest action can reshape an entire civilisation. Design brief: A white experimental combat suit with amber energy conduits, reactive plasma coils, floating catalyst spheres, scientific gauntlets, an adaptive reaction backpack, and a bright orange reactor core — particle emitters orbit him constantly. House style: chibi-proportioned stylized 3D, flat toon/cel-shading (max two-tone gradient, no PBR falloff), rounded chunky forms with visible thickness, soft dark outline or additive drop-glow for edge separation (never a realistic cast shadow), saturated flat colour, no gradients past a subtle two-stop, no fine detail, no film grain/vignette/chromatic aberration/lens flare/dust/scratches. Silhouette must read clearly at 32px."
"rhem-catalyst:ultimate-vfx","commanders","additive","Darius Rhem","Ultimate-ability VFX for ""Critical Mass"". Darius Rhem ""Catalyst"", a prototypePilot commander of the Afterlight Initiative. A reaction systems scientist, chain-reaction specialist, and energy cascade researcher who pioneered safe chain-reaction engineering after preventing one of the largest post-Collapse reactor failures in recorded history — he believes the smallest action can reshape an entire civilisation. Design brief: A white experimental combat suit with amber energy conduits, reactive plasma coils, floating catalyst spheres, scientific gauntlets, an adaptive reaction backpack, and a bright orange reactor core — particle emitters orbit him constantly. House VFX style: large, few, rounded particles — fat circles, chunky stars, thick rings. Never fine dust, realistic smoke, or lens flares. Additive glow clipped tight to the source. Flat saturated colour, no gradients past a subtle two-stop, nothing gritty. Must read clearly at 32px, never obscure a silhouette for more than ~200ms."
"ross-horizon:portrait","commanders","keyed","Eliana Ross","Character portrait, head-and-shoulders, plain backdrop. Eliana Ross ""Horizon"", a droneCommander commander of the Afterlight Initiative. A long-range expedition commander, planetary survey director, and colonisation specialist who commanded the first successful post-Collapse deep-space colonisation programme — she believes humanity's future will always exist just beyond the next horizon. Design brief: White expedition armour with sand-gold expedition markings, a long exploration cloak, a terrain analysis visor, portable survey drones, a planetary mapping backpack, adaptive climbing equipment, and blue atmospheric sensors — an unmistakable explorer silhouette. House style: chibi-proportioned stylized 3D, flat toon/cel-shading (max two-tone gradient, no PBR falloff), rounded chunky forms with visible thickness, soft dark outline or additive drop-glow for edge separation (never a realistic cast shadow), saturated flat colour, no gradients past a subtle two-stop, no fine detail, no film grain/vignette/chromatic aberration/lens flare/dust/scratches. Silhouette must read clearly at 32px."
"ross-horizon:sprite","commanders","keyed","Eliana Ross","Full-body in-run sprite, standing pose, nose/face pointing north. Eliana Ross ""Horizon"", a droneCommander commander of the Afterlight Initiative. A long-range expedition commander, planetary survey director, and colonisation specialist who commanded the first successful post-Collapse deep-space colonisation programme — she believes humanity's future will always exist just beyond the next horizon. Design brief: White expedition armour with sand-gold expedition markings, a long exploration cloak, a terrain analysis visor, portable survey drones, a planetary mapping backpack, adaptive climbing equipment, and blue atmospheric sensors — an unmistakable explorer silhouette. House style: chibi-proportioned stylized 3D, flat toon/cel-shading (max two-tone gradient, no PBR falloff), rounded chunky forms with visible thickness, soft dark outline or additive drop-glow for edge separation (never a realistic cast shadow), saturated flat colour, no gradients past a subtle two-stop, no fine detail, no film grain/vignette/chromatic aberration/lens flare/dust/scratches. Silhouette must read clearly at 32px."
"ross-horizon:ultimate-vfx","commanders","additive","Eliana Ross","Ultimate-ability VFX for ""New Frontier"". Eliana Ross ""Horizon"", a droneCommander commander of the Afterlight Initiative. A long-range expedition commander, planetary survey director, and colonisation specialist who commanded the first successful post-Collapse deep-space colonisation programme — she believes humanity's future will always exist just beyond the next horizon. Design brief: White expedition armour with sand-gold expedition markings, a long exploration cloak, a terrain analysis visor, portable survey drones, a planetary mapping backpack, adaptive climbing equipment, and blue atmospheric sensors — an unmistakable explorer silhouette. House VFX style: large, few, rounded particles — fat circles, chunky stars, thick rings. Never fine dust, realistic smoke, or lens flares. Additive glow clipped tight to the source. Flat saturated colour, no gradients past a subtle two-stop, nothing gritty. Must read clearly at 32px, never obscure a silhouette for more than ~200ms."
"solace-diplomat:portrait","commanders","keyed","Kieran Solace","Character portrait, head-and-shoulders, plain backdrop. Kieran Solace ""Diplomat"", a crystalSpecialist commander of the Afterlight Initiative. A chief diplomatic envoy, conflict resolution director, and first contact specialist who negotiated the first lasting interstellar alliance following the Collapse — he believes lasting peace requires courage equal to warfare. Design brief: An elegant white diplomatic uniform with gold ceremonial armour, a blue illuminated insignia, a holographic translation device, a compact negotiation interface, a light ceremonial cape, and minimal defensive plating — orbiting diplomatic drones accompany him at all times. House style: chibi-proportioned stylized 3D, flat toon/cel-shading (max two-tone gradient, no PBR falloff), rounded chunky forms with visible thickness, soft dark outline or additive drop-glow for edge separation (never a realistic cast shadow), saturated flat colour, no gradients past a subtle two-stop, no fine detail, no film grain/vignette/chromatic aberration/lens flare/dust/scratches. Silhouette must read clearly at 32px."
"solace-diplomat:sprite","commanders","keyed","Kieran Solace","Full-body in-run sprite, standing pose, nose/face pointing north. Kieran Solace ""Diplomat"", a crystalSpecialist commander of the Afterlight Initiative. A chief diplomatic envoy, conflict resolution director, and first contact specialist who negotiated the first lasting interstellar alliance following the Collapse — he believes lasting peace requires courage equal to warfare. Design brief: An elegant white diplomatic uniform with gold ceremonial armour, a blue illuminated insignia, a holographic translation device, a compact negotiation interface, a light ceremonial cape, and minimal defensive plating — orbiting diplomatic drones accompany him at all times. House style: chibi-proportioned stylized 3D, flat toon/cel-shading (max two-tone gradient, no PBR falloff), rounded chunky forms with visible thickness, soft dark outline or additive drop-glow for edge separation (never a realistic cast shadow), saturated flat colour, no gradients past a subtle two-stop, no fine detail, no film grain/vignette/chromatic aberration/lens flare/dust/scratches. Silhouette must read clearly at 32px."
"solace-diplomat:ultimate-vfx","commanders","additive","Kieran Solace","Ultimate-ability VFX for ""United Front"". Kieran Solace ""Diplomat"", a crystalSpecialist commander of the Afterlight Initiative. A chief diplomatic envoy, conflict resolution director, and first contact specialist who negotiated the first lasting interstellar alliance following the Collapse — he believes lasting peace requires courage equal to warfare. Design brief: An elegant white diplomatic uniform with gold ceremonial armour, a blue illuminated insignia, a holographic translation device, a compact negotiation interface, a light ceremonial cape, and minimal defensive plating — orbiting diplomatic drones accompany him at all times. House VFX style: large, few, rounded particles — fat circles, chunky stars, thick rings. Never fine dust, realistic smoke, or lens flares. Additive glow clipped tight to the source. Flat saturated colour, no gradients past a subtle two-stop, nothing gritty. Must read clearly at 32px, never obscure a silhouette for more than ~200ms."
"oris-nanoforge:portrait","commanders","keyed","Xanthe Oris","Character portrait, head-and-shoulders, plain backdrop. Xanthe Oris ""Nanoforge"", a guardian commander of the Afterlight Initiative. A nanotechnology engineer, adaptive materials scientist, and matter reconstruction specialist who perfected safe programmable matter after decades of failed experiments — she believes perfection is not a destination, it is continuous adaptation. Design brief: Pearlescent adaptive armour with silver nanite swarms flowing beneath transparent plating, floating construction particles, morphing gauntlets, a programmable cloak, a blue-white nanite reactor, a dynamic helmet visor, and constant microscopic surface movement. House style: chibi-proportioned stylized 3D, flat toon/cel-shading (max two-tone gradient, no PBR falloff), rounded chunky forms with visible thickness, soft dark outline or additive drop-glow for edge separation (never a realistic cast shadow), saturated flat colour, no gradients past a subtle two-stop, no fine detail, no film grain/vignette/chromatic aberration/lens flare/dust/scratches. Silhouette must read clearly at 32px."
"oris-nanoforge:sprite","commanders","keyed","Xanthe Oris","Full-body in-run sprite, standing pose, nose/face pointing north. Xanthe Oris ""Nanoforge"", a guardian commander of the Afterlight Initiative. A nanotechnology engineer, adaptive materials scientist, and matter reconstruction specialist who perfected safe programmable matter after decades of failed experiments — she believes perfection is not a destination, it is continuous adaptation. Design brief: Pearlescent adaptive armour with silver nanite swarms flowing beneath transparent plating, floating construction particles, morphing gauntlets, a programmable cloak, a blue-white nanite reactor, a dynamic helmet visor, and constant microscopic surface movement. House style: chibi-proportioned stylized 3D, flat toon/cel-shading (max two-tone gradient, no PBR falloff), rounded chunky forms with visible thickness, soft dark outline or additive drop-glow for edge separation (never a realistic cast shadow), saturated flat colour, no gradients past a subtle two-stop, no fine detail, no film grain/vignette/chromatic aberration/lens flare/dust/scratches. Silhouette must read clearly at 32px."
"oris-nanoforge:ultimate-vfx","commanders","additive","Xanthe Oris","Ultimate-ability VFX for ""Genesis Fabricator"". Xanthe Oris ""Nanoforge"", a guardian commander of the Afterlight Initiative. A nanotechnology engineer, adaptive materials scientist, and matter reconstruction specialist who perfected safe programmable matter after decades of failed experiments — she believes perfection is not a destination, it is continuous adaptation. Design brief: Pearlescent adaptive armour with silver nanite swarms flowing beneath transparent plating, floating construction particles, morphing gauntlets, a programmable cloak, a blue-white nanite reactor, a dynamic helmet visor, and constant microscopic surface movement. House VFX style: large, few, rounded particles — fat circles, chunky stars, thick rings. Never fine dust, realistic smoke, or lens flares. Additive glow clipped tight to the source. Flat saturated colour, no gradients past a subtle two-stop, nothing gritty. Must read clearly at 32px, never obscure a silhouette for more than ~200ms."
"drake-sentinel:portrait","commanders","keyed","Ronan Drake","Character portrait, head-and-shoulders, plain backdrop. Ronan Drake ""Sentinel"", an orbitalCommander commander of the Afterlight Initiative. A perimeter defence commander, orbital security director, and threat assessment specialist who protected humanity's first restored core systems after the Collapse — he believes the best defence is one nobody notices because it never fails. Design brief: White tactical defence armour with dark graphite reinforcement, blue defensive energy nodes, an orbital targeting visor, deployable defence pylons, a compact radar backpack, integrated shield emitters, and floating interceptor drones. House style: chibi-proportioned stylized 3D, flat toon/cel-shading (max two-tone gradient, no PBR falloff), rounded chunky forms with visible thickness, soft dark outline or additive drop-glow for edge separation (never a realistic cast shadow), saturated flat colour, no gradients past a subtle two-stop, no fine detail, no film grain/vignette/chromatic aberration/lens flare/dust/scratches. Silhouette must read clearly at 32px."
"drake-sentinel:sprite","commanders","keyed","Ronan Drake","Full-body in-run sprite, standing pose, nose/face pointing north. Ronan Drake ""Sentinel"", an orbitalCommander commander of the Afterlight Initiative. A perimeter defence commander, orbital security director, and threat assessment specialist who protected humanity's first restored core systems after the Collapse — he believes the best defence is one nobody notices because it never fails. Design brief: White tactical defence armour with dark graphite reinforcement, blue defensive energy nodes, an orbital targeting visor, deployable defence pylons, a compact radar backpack, integrated shield emitters, and floating interceptor drones. House style: chibi-proportioned stylized 3D, flat toon/cel-shading (max two-tone gradient, no PBR falloff), rounded chunky forms with visible thickness, soft dark outline or additive drop-glow for edge separation (never a realistic cast shadow), saturated flat colour, no gradients past a subtle two-stop, no fine detail, no film grain/vignette/chromatic aberration/lens flare/dust/scratches. Silhouette must read clearly at 32px."
"drake-sentinel:ultimate-vfx","commanders","additive","Ronan Drake","Ultimate-ability VFX for ""Planetary Defence Matrix"". Ronan Drake ""Sentinel"", an orbitalCommander commander of the Afterlight Initiative. A perimeter defence commander, orbital security director, and threat assessment specialist who protected humanity's first restored core systems after the Collapse — he believes the best defence is one nobody notices because it never fails. Design brief: White tactical defence armour with dark graphite reinforcement, blue defensive energy nodes, an orbital targeting visor, deployable defence pylons, a compact radar backpack, integrated shield emitters, and floating interceptor drones. House VFX style: large, few, rounded particles — fat circles, chunky stars, thick rings. Never fine dust, realistic smoke, or lens flares. Additive glow clipped tight to the source. Flat saturated colour, no gradients past a subtle two-stop, nothing gritty. Must read clearly at 32px, never obscure a silhouette for more than ~200ms."
"helix-alchemist:portrait","commanders","keyed","Sora Helix","Character portrait, head-and-shoulders, plain backdrop. Sora Helix ""Alchemist"", an engineer commander of the Afterlight Initiative. An experimental chemist, elemental reaction scientist, and hazard systems specialist who revolutionised applied chemistry after the Collapse — she treats every battlefield as a scientific laboratory. Design brief: An adaptive white research coat with amber chemical reservoirs, transparent reagent canisters, a multi-spectrum visor, mechanical synthesis gauntlets, portable analysis drones, a colour-changing reactor core, and a scientific expedition harness. House style: chibi-proportioned stylized 3D, flat toon/cel-shading (max two-tone gradient, no PBR falloff), rounded chunky forms with visible thickness, soft dark outline or additive drop-glow for edge separation (never a realistic cast shadow), saturated flat colour, no gradients past a subtle two-stop, no fine detail, no film grain/vignette/chromatic aberration/lens flare/dust/scratches. Silhouette must read clearly at 32px."
"helix-alchemist:sprite","commanders","keyed","Sora Helix","Full-body in-run sprite, standing pose, nose/face pointing north. Sora Helix ""Alchemist"", an engineer commander of the Afterlight Initiative. An experimental chemist, elemental reaction scientist, and hazard systems specialist who revolutionised applied chemistry after the Collapse — she treats every battlefield as a scientific laboratory. Design brief: An adaptive white research coat with amber chemical reservoirs, transparent reagent canisters, a multi-spectrum visor, mechanical synthesis gauntlets, portable analysis drones, a colour-changing reactor core, and a scientific expedition harness. House style: chibi-proportioned stylized 3D, flat toon/cel-shading (max two-tone gradient, no PBR falloff), rounded chunky forms with visible thickness, soft dark outline or additive drop-glow for edge separation (never a realistic cast shadow), saturated flat colour, no gradients past a subtle two-stop, no fine detail, no film grain/vignette/chromatic aberration/lens flare/dust/scratches. Silhouette must read clearly at 32px."
"helix-alchemist:ultimate-vfx","commanders","additive","Sora Helix","Ultimate-ability VFX for ""Grand Synthesis"". Sora Helix ""Alchemist"", an engineer commander of the Afterlight Initiative. An experimental chemist, elemental reaction scientist, and hazard systems specialist who revolutionised applied chemistry after the Collapse — she treats every battlefield as a scientific laboratory. Design brief: An adaptive white research coat with amber chemical reservoirs, transparent reagent canisters, a multi-spectrum visor, mechanical synthesis gauntlets, portable analysis drones, a colour-changing reactor core, and a scientific expedition harness. House VFX style: large, few, rounded particles — fat circles, chunky stars, thick rings. Never fine dust, realistic smoke, or lens flares. Additive glow clipped tight to the source. Flat saturated colour, no gradients past a subtle two-stop, nothing gritty. Must read clearly at 32px, never obscure a silhouette for more than ~200ms."
"fen-beastmaster:portrait","commanders","keyed","Dorian Fen","Character portrait, head-and-shoulders, plain backdrop. Dorian Fen ""Beastmaster"", a droneCommander commander of the Afterlight Initiative. A xenobiologist, wildlife handler, and ecological restoration commander who rebuilt humanity's relationship with alien ecosystems by proving that native species could become trusted expedition partners rather than obstacles — he believes every species deserves coexistence before conflict. Design brief: White frontier ranger armour with an emerald expedition cloak, a living bio-scanner, a creature command gauntlet, a portable habitat pack, adaptive survival equipment, a wildlife tracking visor, and a small companion that constantly accompanies him. House style: chibi-proportioned stylized 3D, flat toon/cel-shading (max two-tone gradient, no PBR falloff), rounded chunky forms with visible thickness, soft dark outline or additive drop-glow for edge separation (never a realistic cast shadow), saturated flat colour, no gradients past a subtle two-stop, no fine detail, no film grain/vignette/chromatic aberration/lens flare/dust/scratches. Silhouette must read clearly at 32px."
"fen-beastmaster:sprite","commanders","keyed","Dorian Fen","Full-body in-run sprite, standing pose, nose/face pointing north. Dorian Fen ""Beastmaster"", a droneCommander commander of the Afterlight Initiative. A xenobiologist, wildlife handler, and ecological restoration commander who rebuilt humanity's relationship with alien ecosystems by proving that native species could become trusted expedition partners rather than obstacles — he believes every species deserves coexistence before conflict. Design brief: White frontier ranger armour with an emerald expedition cloak, a living bio-scanner, a creature command gauntlet, a portable habitat pack, adaptive survival equipment, a wildlife tracking visor, and a small companion that constantly accompanies him. House style: chibi-proportioned stylized 3D, flat toon/cel-shading (max two-tone gradient, no PBR falloff), rounded chunky forms with visible thickness, soft dark outline or additive drop-glow for edge separation (never a realistic cast shadow), saturated flat colour, no gradients past a subtle two-stop, no fine detail, no film grain/vignette/chromatic aberration/lens flare/dust/scratches. Silhouette must read clearly at 32px."
"fen-beastmaster:ultimate-vfx","commanders","additive","Dorian Fen","Ultimate-ability VFX for ""Wild Dominion"". Dorian Fen ""Beastmaster"", a droneCommander commander of the Afterlight Initiative. A xenobiologist, wildlife handler, and ecological restoration commander who rebuilt humanity's relationship with alien ecosystems by proving that native species could become trusted expedition partners rather than obstacles — he believes every species deserves coexistence before conflict. Design brief: White frontier ranger armour with an emerald expedition cloak, a living bio-scanner, a creature command gauntlet, a portable habitat pack, adaptive survival equipment, a wildlife tracking visor, and a small companion that constantly accompanies him. House VFX style: large, few, rounded particles — fat circles, chunky stars, thick rings. Never fine dust, realistic smoke, or lens flares. Additive glow clipped tight to the source. Flat saturated colour, no gradients past a subtle two-stop, nothing gritty. Must read clearly at 32px, never obscure a silhouette for more than ~200ms."
"noctis-voidwalker:portrait","commanders","keyed","Vega Noctis","Character portrait, head-and-shoulders, plain backdrop. Vega Noctis ""Voidwalker"", a voidSpecialist commander of the Afterlight Initiative. An anomaly navigator, deep void explorer, and reality boundary specialist who became the first explorer to successfully navigate and return from the expanding dimensional fractures that appeared after the Collapse — she has stared into the emptiness long enough to understand that hope shines brightest where light cannot reach. Design brief: Midnight-black adaptive armour with deep violet energy veins, a shifting starfield cloak, floating void crystals, a fractured visor, gravitational distortion surrounding her movement, small galaxies visible within her armour plating, and a dark silhouette with brilliant cosmic highlights. House style: chibi-proportioned stylized 3D, flat toon/cel-shading (max two-tone gradient, no PBR falloff), rounded chunky forms with visible thickness, soft dark outline or additive drop-glow for edge separation (never a realistic cast shadow), saturated flat colour, no gradients past a subtle two-stop, no fine detail, no film grain/vignette/chromatic aberration/lens flare/dust/scratches. Silhouette must read clearly at 32px."
"noctis-voidwalker:sprite","commanders","keyed","Vega Noctis","Full-body in-run sprite, standing pose, nose/face pointing north. Vega Noctis ""Voidwalker"", a voidSpecialist commander of the Afterlight Initiative. An anomaly navigator, deep void explorer, and reality boundary specialist who became the first explorer to successfully navigate and return from the expanding dimensional fractures that appeared after the Collapse — she has stared into the emptiness long enough to understand that hope shines brightest where light cannot reach. Design brief: Midnight-black adaptive armour with deep violet energy veins, a shifting starfield cloak, floating void crystals, a fractured visor, gravitational distortion surrounding her movement, small galaxies visible within her armour plating, and a dark silhouette with brilliant cosmic highlights. House style: chibi-proportioned stylized 3D, flat toon/cel-shading (max two-tone gradient, no PBR falloff), rounded chunky forms with visible thickness, soft dark outline or additive drop-glow for edge separation (never a realistic cast shadow), saturated flat colour, no gradients past a subtle two-stop, no fine detail, no film grain/vignette/chromatic aberration/lens flare/dust/scratches. Silhouette must read clearly at 32px."
"noctis-voidwalker:ultimate-vfx","commanders","additive","Vega Noctis","Ultimate-ability VFX for ""Beyond the Veil"". Vega Noctis ""Voidwalker"", a voidSpecialist commander of the Afterlight Initiative. An anomaly navigator, deep void explorer, and reality boundary specialist who became the first explorer to successfully navigate and return from the expanding dimensional fractures that appeared after the Collapse — she has stared into the emptiness long enough to understand that hope shines brightest where light cannot reach. Design brief: Midnight-black adaptive armour with deep violet energy veins, a shifting starfield cloak, floating void crystals, a fractured visor, gravitational distortion surrounding her movement, small galaxies visible within her armour plating, and a dark silhouette with brilliant cosmic highlights. House VFX style: large, few, rounded particles — fat circles, chunky stars, thick rings. Never fine dust, realistic smoke, or lens flares. Additive glow clipped tight to the source. Flat saturated colour, no gradients past a subtle two-stop, nothing gritty. Must read clearly at 32px, never obscure a silhouette for more than ~200ms."
"aether-celestial:portrait","commanders","keyed","Lysandra Aether","Character portrait, head-and-shoulders, plain backdrop. Lysandra Aether ""Celestial"", an orbitalCommander commander of the Afterlight Initiative. An astrophysicist, celestial navigation director, and cosmic energy research commander who restored the forgotten network of ancient observatories that once united humanity's earliest interstellar explorers — she believes humanity was never meant to conquer the stars, only to become worthy of them. Design brief: Flowing white ceremonial armour with gold celestial trim, an animated constellation cloak, orbiting miniature stars, a living galaxy halo, a solar crown, cosmic energy wings, and a deep blue crystal visor — every movement leaves constellations behind. House style: chibi-proportioned stylized 3D, flat toon/cel-shading (max two-tone gradient, no PBR falloff), rounded chunky forms with visible thickness, soft dark outline or additive drop-glow for edge separation (never a realistic cast shadow), saturated flat colour, no gradients past a subtle two-stop, no fine detail, no film grain/vignette/chromatic aberration/lens flare/dust/scratches. Silhouette must read clearly at 32px."
"aether-celestial:sprite","commanders","keyed","Lysandra Aether","Full-body in-run sprite, standing pose, nose/face pointing north. Lysandra Aether ""Celestial"", an orbitalCommander commander of the Afterlight Initiative. An astrophysicist, celestial navigation director, and cosmic energy research commander who restored the forgotten network of ancient observatories that once united humanity's earliest interstellar explorers — she believes humanity was never meant to conquer the stars, only to become worthy of them. Design brief: Flowing white ceremonial armour with gold celestial trim, an animated constellation cloak, orbiting miniature stars, a living galaxy halo, a solar crown, cosmic energy wings, and a deep blue crystal visor — every movement leaves constellations behind. House style: chibi-proportioned stylized 3D, flat toon/cel-shading (max two-tone gradient, no PBR falloff), rounded chunky forms with visible thickness, soft dark outline or additive drop-glow for edge separation (never a realistic cast shadow), saturated flat colour, no gradients past a subtle two-stop, no fine detail, no film grain/vignette/chromatic aberration/lens flare/dust/scratches. Silhouette must read clearly at 32px."
"aether-celestial:ultimate-vfx","commanders","additive","Lysandra Aether","Ultimate-ability VFX for ""Birth of a Galaxy"". Lysandra Aether ""Celestial"", an orbitalCommander commander of the Afterlight Initiative. An astrophysicist, celestial navigation director, and cosmic energy research commander who restored the forgotten network of ancient observatories that once united humanity's earliest interstellar explorers — she believes humanity was never meant to conquer the stars, only to become worthy of them. Design brief: Flowing white ceremonial armour with gold celestial trim, an animated constellation cloak, orbiting miniature stars, a living galaxy halo, a solar crown, cosmic energy wings, and a deep blue crystal visor — every movement leaves constellations behind. House VFX style: large, few, rounded particles — fat circles, chunky stars, thick rings. Never fine dust, realistic smoke, or lens flares. Additive glow clipped tight to the source. Flat saturated colour, no gradients past a subtle two-stop, nothing gritty. Must read clearly at 32px, never obscure a silhouette for more than ~200ms."
"prime-founder:portrait","commanders","keyed","Atlas Prime","Character portrait, head-and-shoulders, plain backdrop. Atlas Prime ""Founder"", a guardian commander of the The First Expedition. The first expedition commander, architect of humanity's survival, and founder of the Afterlight Network, revived after more than four centuries in cryostasis — he never sought greatness; he simply refused to let humanity disappear. Design brief: Ancient white expedition armour with worn gold trim, the original Atlas insignia, visible repairs accumulated over centuries, a simple command cloak, and a prototype reactor — no unnecessary ornamentation; his appearance reflects history rather than power. House style: chibi-proportioned stylized 3D, flat toon/cel-shading (max two-tone gradient, no PBR falloff), rounded chunky forms with visible thickness, soft dark outline or additive drop-glow for edge separation (never a realistic cast shadow), saturated flat colour, no gradients past a subtle two-stop, no fine detail, no film grain/vignette/chromatic aberration/lens flare/dust/scratches. Silhouette must read clearly at 32px."
"prime-founder:sprite","commanders","keyed","Atlas Prime","Full-body in-run sprite, standing pose, nose/face pointing north. Atlas Prime ""Founder"", a guardian commander of the The First Expedition. The first expedition commander, architect of humanity's survival, and founder of the Afterlight Network, revived after more than four centuries in cryostasis — he never sought greatness; he simply refused to let humanity disappear. Design brief: Ancient white expedition armour with worn gold trim, the original Atlas insignia, visible repairs accumulated over centuries, a simple command cloak, and a prototype reactor — no unnecessary ornamentation; his appearance reflects history rather than power. House style: chibi-proportioned stylized 3D, flat toon/cel-shading (max two-tone gradient, no PBR falloff), rounded chunky forms with visible thickness, soft dark outline or additive drop-glow for edge separation (never a realistic cast shadow), saturated flat colour, no gradients past a subtle two-stop, no fine detail, no film grain/vignette/chromatic aberration/lens flare/dust/scratches. Silhouette must read clearly at 32px."
"prime-founder:ultimate-vfx","commanders","additive","Atlas Prime","Ultimate-ability VFX for ""Afterlight"". Atlas Prime ""Founder"", a guardian commander of the The First Expedition. The first expedition commander, architect of humanity's survival, and founder of the Afterlight Network, revived after more than four centuries in cryostasis — he never sought greatness; he simply refused to let humanity disappear. Design brief: Ancient white expedition armour with worn gold trim, the original Atlas insignia, visible repairs accumulated over centuries, a simple command cloak, and a prototype reactor — no unnecessary ornamentation; his appearance reflects history rather than power. House VFX style: large, few, rounded particles — fat circles, chunky stars, thick rings. Never fine dust, realistic smoke, or lens flares. Additive glow clipped tight to the source. Flat saturated colour, no gradients past a subtle two-stop, nothing gritty. Must read clearly at 32px, never obscure a silhouette for more than ~200ms."
"equipment-refit-cannon","equipment","keyed","refit-cannon","Equipment icon on transparent background, centered. refit-cannon. House style: chibi-proportioned stylized 3D, flat toon/cel-shading (max two-tone gradient, no PBR falloff), rounded chunky forms with visible thickness, soft dark outline or additive drop-glow for edge separation (never a realistic cast shadow), saturated flat colour, no gradients past a subtle two-stop, no fine detail, no film grain/vignette/chromatic aberration/lens flare/dust/scratches. Silhouette must read clearly at 32px."
"equipment-barrier-plate","equipment","keyed","barrier-plate","Equipment icon on transparent background, centered. barrier-plate. House style: chibi-proportioned stylized 3D, flat toon/cel-shading (max two-tone gradient, no PBR falloff), rounded chunky forms with visible thickness, soft dark outline or additive drop-glow for edge separation (never a realistic cast shadow), saturated flat colour, no gradients past a subtle two-stop, no fine detail, no film grain/vignette/chromatic aberration/lens flare/dust/scratches. Silhouette must read clearly at 32px."
"equipment-vanguard-thrusters","equipment","keyed","vanguard-thrusters","Equipment icon on transparent background, centered. vanguard-thrusters. House style: chibi-proportioned stylized 3D, flat toon/cel-shading (max two-tone gradient, no PBR falloff), rounded chunky forms with visible thickness, soft dark outline or additive drop-glow for edge separation (never a realistic cast shadow), saturated flat colour, no gradients past a subtle two-stop, no fine detail, no film grain/vignette/chromatic aberration/lens flare/dust/scratches. Silhouette must read clearly at 32px."
"equipment-vanguard-core","equipment","keyed","vanguard-core","Equipment icon on transparent background, centered. vanguard-core. House style: chibi-proportioned stylized 3D, flat toon/cel-shading (max two-tone gradient, no PBR falloff), rounded chunky forms with visible thickness, soft dark outline or additive drop-glow for edge separation (never a realistic cast shadow), saturated flat colour, no gradients past a subtle two-stop, no fine detail, no film grain/vignette/chromatic aberration/lens flare/dust/scratches. Silhouette must read clearly at 32px."
"equipment-ancient-relay","equipment","keyed","ancient-relay","Equipment icon on transparent background, centered. ancient-relay. House style: chibi-proportioned stylized 3D, flat toon/cel-shading (max two-tone gradient, no PBR falloff), rounded chunky forms with visible thickness, soft dark outline or additive drop-glow for edge separation (never a realistic cast shadow), saturated flat colour, no gradients past a subtle two-stop, no fine detail, no film grain/vignette/chromatic aberration/lens flare/dust/scratches. Silhouette must read clearly at 32px."
"equipment-cryo-manifold","equipment","keyed","cryo-manifold","Equipment icon on transparent background, centered. cryo-manifold. House style: chibi-proportioned stylized 3D, flat toon/cel-shading (max two-tone gradient, no PBR falloff), rounded chunky forms with visible thickness, soft dark outline or additive drop-glow for edge separation (never a realistic cast shadow), saturated flat colour, no gradients past a subtle two-stop, no fine detail, no film grain/vignette/chromatic aberration/lens flare/dust/scratches. Silhouette must read clearly at 32px."
"equipment-aegis-bastion-array","equipment","keyed","aegis-bastion-array","Equipment icon on transparent background, centered. aegis-bastion-array. House style: chibi-proportioned stylized 3D, flat toon/cel-shading (max two-tone gradient, no PBR falloff), rounded chunky forms with visible thickness, soft dark outline or additive drop-glow for edge separation (never a realistic cast shadow), saturated flat colour, no gradients past a subtle two-stop, no fine detail, no film grain/vignette/chromatic aberration/lens flare/dust/scratches. Silhouette must read clearly at 32px."
"equipment-aegis-ward-projector","equipment","keyed","aegis-ward-projector","Equipment icon on transparent background, centered. aegis-ward-projector. House style: chibi-proportioned stylized 3D, flat toon/cel-shading (max two-tone gradient, no PBR falloff), rounded chunky forms with visible thickness, soft dark outline or additive drop-glow for edge separation (never a realistic cast shadow), saturated flat colour, no gradients past a subtle two-stop, no fine detail, no film grain/vignette/chromatic aberration/lens flare/dust/scratches. Silhouette must read clearly at 32px."
"equipment-horizon-flux-capacitor","equipment","keyed","horizon-flux-capacitor","Equipment icon on transparent background, centered. horizon-flux-capacitor. House style: chibi-proportioned stylized 3D, flat toon/cel-shading (max two-tone gradient, no PBR falloff), rounded chunky forms with visible thickness, soft dark outline or additive drop-glow for edge separation (never a realistic cast shadow), saturated flat colour, no gradients past a subtle two-stop, no fine detail, no film grain/vignette/chromatic aberration/lens flare/dust/scratches. Silhouette must read clearly at 32px."
"equipment-nova-warden-hive","equipment","keyed","nova-warden-hive","Equipment icon on transparent background, centered. nova-warden-hive. House style: chibi-proportioned stylized 3D, flat toon/cel-shading (max two-tone gradient, no PBR falloff), rounded chunky forms with visible thickness, soft dark outline or additive drop-glow for edge separation (never a realistic cast shadow), saturated flat colour, no gradients past a subtle two-stop, no fine detail, no film grain/vignette/chromatic aberration/lens flare/dust/scratches. Silhouette must read clearly at 32px."
"shipmodule-module-fusion-reactor","ship-modules","keyed","module-fusion-reactor","Ship-module icon on transparent background, centered. module-fusion-reactor. House style: chibi-proportioned stylized 3D, flat toon/cel-shading (max two-tone gradient, no PBR falloff), rounded chunky forms with visible thickness, soft dark outline or additive drop-glow for edge separation (never a realistic cast shadow), saturated flat colour, no gradients past a subtle two-stop, no fine detail, no film grain/vignette/chromatic aberration/lens flare/dust/scratches. Silhouette must read clearly at 32px."
"shipmodule-module-vector-engine","ship-modules","keyed","module-vector-engine","Ship-module icon on transparent background, centered. module-vector-engine. House style: chibi-proportioned stylized 3D, flat toon/cel-shading (max two-tone gradient, no PBR falloff), rounded chunky forms with visible thickness, soft dark outline or additive drop-glow for edge separation (never a realistic cast shadow), saturated flat colour, no gradients past a subtle two-stop, no fine detail, no film grain/vignette/chromatic aberration/lens flare/dust/scratches. Silhouette must read clearly at 32px."
"shipmodule-module-lattice-shield","ship-modules","keyed","module-lattice-shield","Ship-module icon on transparent background, centered. module-lattice-shield. House style: chibi-proportioned stylized 3D, flat toon/cel-shading (max two-tone gradient, no PBR falloff), rounded chunky forms with visible thickness, soft dark outline or additive drop-glow for edge separation (never a realistic cast shadow), saturated flat colour, no gradients past a subtle two-stop, no fine detail, no film grain/vignette/chromatic aberration/lens flare/dust/scratches. Silhouette must read clearly at 32px."
"shipmodule-module-predictive-targeter","ship-modules","keyed","module-predictive-targeter","Ship-module icon on transparent background, centered. module-predictive-targeter. House style: chibi-proportioned stylized 3D, flat toon/cel-shading (max two-tone gradient, no PBR falloff), rounded chunky forms with visible thickness, soft dark outline or additive drop-glow for edge separation (never a realistic cast shadow), saturated flat colour, no gradients past a subtle two-stop, no fine detail, no film grain/vignette/chromatic aberration/lens flare/dust/scratches. Silhouette must read clearly at 32px."
"shipmodule-module-drone-bay","ship-modules","keyed","module-drone-bay","Ship-module icon on transparent background, centered. module-drone-bay. House style: chibi-proportioned stylized 3D, flat toon/cel-shading (max two-tone gradient, no PBR falloff), rounded chunky forms with visible thickness, soft dark outline or additive drop-glow for edge separation (never a realistic cast shadow), saturated flat colour, no gradients past a subtle two-stop, no fine detail, no film grain/vignette/chromatic aberration/lens flare/dust/scratches. Silhouette must read clearly at 32px."
"shipmodule-module-deep-sensor","ship-modules","keyed","module-deep-sensor","Ship-module icon on transparent background, centered. module-deep-sensor. House style: chibi-proportioned stylized 3D, flat toon/cel-shading (max two-tone gradient, no PBR falloff), rounded chunky forms with visible thickness, soft dark outline or additive drop-glow for edge separation (never a realistic cast shadow), saturated flat colour, no gradients past a subtle two-stop, no fine detail, no film grain/vignette/chromatic aberration/lens flare/dust/scratches. Silhouette must read clearly at 32px."
"shipmodule-module-cryo-loop","ship-modules","keyed","module-cryo-loop","Ship-module icon on transparent background, centered. module-cryo-loop. House style: chibi-proportioned stylized 3D, flat toon/cel-shading (max two-tone gradient, no PBR falloff), rounded chunky forms with visible thickness, soft dark outline or additive drop-glow for edge separation (never a realistic cast shadow), saturated flat colour, no gradients past a subtle two-stop, no fine detail, no film grain/vignette/chromatic aberration/lens flare/dust/scratches. Silhouette must read clearly at 32px."
"shipmodule-module-axiom-core","ship-modules","keyed","module-axiom-core","Ship-module icon on transparent background, centered. module-axiom-core. House style: chibi-proportioned stylized 3D, flat toon/cel-shading (max two-tone gradient, no PBR falloff), rounded chunky forms with visible thickness, soft dark outline or additive drop-glow for edge separation (never a realistic cast shadow), saturated flat colour, no gradients past a subtle two-stop, no fine detail, no film grain/vignette/chromatic aberration/lens flare/dust/scratches. Silhouette must read clearly at 32px."
"wisp-chaser:idle","enemies","keyed","Wisp Chaser","Idle animation state, top-down/side hybrid game-ready view, nose/face pointing north. Wisp Chaser, a scout of the Sandbox (roles: chaser/charger). Cheap, disposable, and everywhere. The galaxy's most successful design is the one nobody remembers dying. House style: chibi-proportioned stylized 3D, flat toon/cel-shading (max two-tone gradient, no PBR falloff), rounded chunky forms with visible thickness, soft dark outline or additive drop-glow for edge separation (never a realistic cast shadow), saturated flat colour, no gradients past a subtle two-stop, no fine detail, no film grain/vignette/chromatic aberration/lens flare/dust/scratches. Silhouette must read clearly at 32px."
"flak-orbiter:idle","enemies","keyed","Flak Orbiter","Idle animation state, top-down/side hybrid game-ready view, nose/face pointing north. Flak Orbiter, a drone of the Sandbox (roles: flanker/sniper/exploder). It never gets close. It doesn't need to. House style: chibi-proportioned stylized 3D, flat toon/cel-shading (max two-tone gradient, no PBR falloff), rounded chunky forms with visible thickness, soft dark outline or additive drop-glow for edge separation (never a realistic cast shadow), saturated flat colour, no gradients past a subtle two-stop, no fine detail, no film grain/vignette/chromatic aberration/lens flare/dust/scratches. Silhouette must read clearly at 32px."
"outlaw-raider:idle","enemies","keyed","Outlaw Raider","Idle animation state, top-down/side hybrid game-ready view, nose/face pointing north. Outlaw Raider, a fighter of the Mercenary Guild / Outlaws (roles: flanker). A modified civilian hull with a military missile pod bolted where the cargo bay used to be. House style: chibi-proportioned stylized 3D, flat toon/cel-shading (max two-tone gradient, no PBR falloff), rounded chunky forms with visible thickness, soft dark outline or additive drop-glow for edge separation (never a realistic cast shadow), saturated flat colour, no gradients past a subtle two-stop, no fine detail, no film grain/vignette/chromatic aberration/lens flare/dust/scratches. Silhouette must read clearly at 32px."
"outlaw-sniper:idle","enemies","keyed","Outlaw Sniper","Idle animation state, top-down/side hybrid game-ready view, nose/face pointing north. Outlaw Sniper, an artillery of the Mercenary Guild / Outlaws (roles: sniper). One rail, one shot, one paycheck. Kiting is not cowardice when it works this well. House style: chibi-proportioned stylized 3D, flat toon/cel-shading (max two-tone gradient, no PBR falloff), rounded chunky forms with visible thickness, soft dark outline or additive drop-glow for edge separation (never a realistic cast shadow), saturated flat colour, no gradients past a subtle two-stop, no fine detail, no film grain/vignette/chromatic aberration/lens flare/dust/scratches. Silhouette must read clearly at 32px."
"outlaw-shield-carrier:idle","enemies","keyed","Outlaw Shield Carrier","Idle animation state, top-down/side hybrid game-ready view, nose/face pointing north. Outlaw Shield Carrier, a supportUnit of the Mercenary Guild / Outlaws (roles: support/tank/shieldUnit). It doesn't shoot. It doesn't have to — everything behind it does. House style: chibi-proportioned stylized 3D, flat toon/cel-shading (max two-tone gradient, no PBR falloff), rounded chunky forms with visible thickness, soft dark outline or additive drop-glow for edge separation (never a realistic cast shadow), saturated flat colour, no gradients past a subtle two-stop, no fine detail, no film grain/vignette/chromatic aberration/lens flare/dust/scratches. Silhouette must read clearly at 32px."
"outlaw-mine-layer:idle","enemies","keyed","Outlaw Mine Layer","Idle animation state, top-down/side hybrid game-ready view, nose/face pointing north. Outlaw Mine Layer, a drone of the Mercenary Guild / Outlaws (roles: areaDenial). Area denial is the cheapest tactic that still wins wars. House style: chibi-proportioned stylized 3D, flat toon/cel-shading (max two-tone gradient, no PBR falloff), rounded chunky forms with visible thickness, soft dark outline or additive drop-glow for edge separation (never a realistic cast shadow), saturated flat colour, no gradients past a subtle two-stop, no fine detail, no film grain/vignette/chromatic aberration/lens flare/dust/scratches. Silhouette must read clearly at 32px."
"outlaw-captain:idle","enemies","keyed","Outlaw Captain","Idle animation state, top-down/side hybrid game-ready view, nose/face pointing north. Outlaw Captain, a heavyAssault of the Mercenary Guild / Outlaws (roles: controller/elite/commander). Every broken fleet has one officer who kept their rank by keeping their crew alive. House style: chibi-proportioned stylized 3D, flat toon/cel-shading (max two-tone gradient, no PBR falloff), rounded chunky forms with visible thickness, soft dark outline or additive drop-glow for edge separation (never a realistic cast shadow), saturated flat colour, no gradients past a subtle two-stop, no fine detail, no film grain/vignette/chromatic aberration/lens flare/dust/scratches. Silhouette must read clearly at 32px."
"machine-combat-drone:idle","enemies","keyed","Machine Combat Drone","Idle animation state, top-down/side hybrid game-ready view, nose/face pointing north. Machine Combat Drone, a machineUnit of the Machine Collective (roles: chaser). The Collective's unit of account: a fuselage, a blade, and a solution. House style: chibi-proportioned stylized 3D, flat toon/cel-shading (max two-tone gradient, no PBR falloff), rounded chunky forms with visible thickness, soft dark outline or additive drop-glow for edge separation (never a realistic cast shadow), saturated flat colour, no gradients past a subtle two-stop, no fine detail, no film grain/vignette/chromatic aberration/lens flare/dust/scratches. Silhouette must read clearly at 32px."
"machine-sniper-unit:idle","enemies","keyed","Machine Sniper Unit","Idle animation state, top-down/side hybrid game-ready view, nose/face pointing north. Machine Sniper Unit, a machineUnit of the Machine Collective (roles: sniper). It does not lead its target. It computes where the target will stop existing. House style: chibi-proportioned stylized 3D, flat toon/cel-shading (max two-tone gradient, no PBR falloff), rounded chunky forms with visible thickness, soft dark outline or additive drop-glow for edge separation (never a realistic cast shadow), saturated flat colour, no gradients past a subtle two-stop, no fine detail, no film grain/vignette/chromatic aberration/lens flare/dust/scratches. Silhouette must read clearly at 32px."
"machine-shield-generator:idle","enemies","keyed","Machine Shield Generator","Idle animation state, top-down/side hybrid game-ready view, nose/face pointing north. Machine Shield Generator, a supportUnit of the Machine Collective (roles: support/shieldUnit). A hexagonal lattice projected across the whole formation — the network wears one armour. House style: chibi-proportioned stylized 3D, flat toon/cel-shading (max two-tone gradient, no PBR falloff), rounded chunky forms with visible thickness, soft dark outline or additive drop-glow for edge separation (never a realistic cast shadow), saturated flat colour, no gradients past a subtle two-stop, no fine detail, no film grain/vignette/chromatic aberration/lens flare/dust/scratches. Silhouette must read clearly at 32px."
"machine-repair-drone:idle","enemies","keyed","Machine Repair Drone","Idle animation state, top-down/side hybrid game-ready view, nose/face pointing north. Machine Repair Drone, a drone of the Machine Collective (roles: healer/support). The Collective does not mourn losses. It amortises them. House style: chibi-proportioned stylized 3D, flat toon/cel-shading (max two-tone gradient, no PBR falloff), rounded chunky forms with visible thickness, soft dark outline or additive drop-glow for edge separation (never a realistic cast shadow), saturated flat colour, no gradients past a subtle two-stop, no fine detail, no film grain/vignette/chromatic aberration/lens flare/dust/scratches. Silhouette must read clearly at 32px."
"machine-swarm-constructor:idle","enemies","keyed","Machine Swarm Constructor","Idle animation state, top-down/side hybrid game-ready view, nose/face pointing north. Machine Swarm Constructor, a summoner of the Machine Collective (roles: summoner). An autonomous factory that decided the front line was the most efficient place to stand. House style: chibi-proportioned stylized 3D, flat toon/cel-shading (max two-tone gradient, no PBR falloff), rounded chunky forms with visible thickness, soft dark outline or additive drop-glow for edge separation (never a realistic cast shadow), saturated flat colour, no gradients past a subtle two-stop, no fine detail, no film grain/vignette/chromatic aberration/lens flare/dust/scratches. Silhouette must read clearly at 32px."
"machine-command-core:idle","enemies","keyed","Machine Command Core","Idle animation state, top-down/side hybrid game-ready view, nose/face pointing north. Machine Command Core, a livingStructure of the Machine Collective (roles: controller). Not a leader — a router. The network does not follow it; the network flows through it. House style: chibi-proportioned stylized 3D, flat toon/cel-shading (max two-tone gradient, no PBR falloff), rounded chunky forms with visible thickness, soft dark outline or additive drop-glow for edge separation (never a realistic cast shadow), saturated flat colour, no gradients past a subtle two-stop, no fine detail, no film grain/vignette/chromatic aberration/lens flare/dust/scratches. Silhouette must read clearly at 32px."
"crystal-drone:idle","enemies","keyed","Crystal Drone","Idle animation state, top-down/side hybrid game-ready view, nose/face pointing north. Crystal Drone, a crystalOrganism of the Crystal Dominion (roles: chaser). A shard grown to a single purpose, discarded the moment it succeeds or fails. House style: chibi-proportioned stylized 3D, flat toon/cel-shading (max two-tone gradient, no PBR falloff), rounded chunky forms with visible thickness, soft dark outline or additive drop-glow for edge separation (never a realistic cast shadow), saturated flat colour, no gradients past a subtle two-stop, no fine detail, no film grain/vignette/chromatic aberration/lens flare/dust/scratches. Silhouette must read clearly at 32px."
"crystal-shard-hunter:idle","enemies","keyed","Shard Hunter","Idle animation state, top-down/side hybrid game-ready view, nose/face pointing north. Shard Hunter, a crystalOrganism of the Crystal Dominion (roles: flanker). Fires the fragments it sheds as it moves — every attack costs it a little of itself. House style: chibi-proportioned stylized 3D, flat toon/cel-shading (max two-tone gradient, no PBR falloff), rounded chunky forms with visible thickness, soft dark outline or additive drop-glow for edge separation (never a realistic cast shadow), saturated flat colour, no gradients past a subtle two-stop, no fine detail, no film grain/vignette/chromatic aberration/lens flare/dust/scratches. Silhouette must read clearly at 32px."
"crystal-resonance-node:idle","enemies","keyed","Resonance Node","Idle animation state, top-down/side hybrid game-ready view, nose/face pointing north. Resonance Node, a crystalOrganism of the Crystal Dominion (roles: support). It does not fight. It tunes — every crystal within reach grows a little stronger for its presence. House style: chibi-proportioned stylized 3D, flat toon/cel-shading (max two-tone gradient, no PBR falloff), rounded chunky forms with visible thickness, soft dark outline or additive drop-glow for edge separation (never a realistic cast shadow), saturated flat colour, no gradients past a subtle two-stop, no fine detail, no film grain/vignette/chromatic aberration/lens flare/dust/scratches. Silhouette must read clearly at 32px."
"crystal-growth-seeder:idle","enemies","keyed","Growth Seeder","Idle animation state, top-down/side hybrid game-ready view, nose/face pointing north. Growth Seeder, a crystalOrganism of the Crystal Dominion (roles: areaDenial). Terrain expansion, in person. It doesn't attack the player. It attacks the arena. House style: chibi-proportioned stylized 3D, flat toon/cel-shading (max two-tone gradient, no PBR falloff), rounded chunky forms with visible thickness, soft dark outline or additive drop-glow for edge separation (never a realistic cast shadow), saturated flat colour, no gradients past a subtle two-stop, no fine detail, no film grain/vignette/chromatic aberration/lens flare/dust/scratches. Silhouette must read clearly at 32px."
"crystal-guardian:idle","enemies","keyed","Crystal Guardian","Idle animation state, top-down/side hybrid game-ready view, nose/face pointing north. Crystal Guardian, a crystalOrganism of the Crystal Dominion (roles: tank). Living armour grown thick enough to matter. It stands where the network needs standing. House style: chibi-proportioned stylized 3D, flat toon/cel-shading (max two-tone gradient, no PBR falloff), rounded chunky forms with visible thickness, soft dark outline or additive drop-glow for edge separation (never a realistic cast shadow), saturated flat colour, no gradients past a subtle two-stop, no fine detail, no film grain/vignette/chromatic aberration/lens flare/dust/scratches. Silhouette must read clearly at 32px."
"crystal-titan:idle","enemies","keyed","Crystal Titan","Idle animation state, top-down/side hybrid game-ready view, nose/face pointing north. Crystal Titan, an ancientGuardian of the Crystal Dominion (roles: elite/tank). Not grown to fight. Grown to outlast everything that tries. House style: chibi-proportioned stylized 3D, flat toon/cel-shading (max two-tone gradient, no PBR falloff), rounded chunky forms with visible thickness, soft dark outline or additive drop-glow for edge separation (never a realistic cast shadow), saturated flat colour, no gradients past a subtle two-stop, no fine detail, no film grain/vignette/chromatic aberration/lens flare/dust/scratches. Silhouette must read clearly at 32px."
"void-wisp:idle","enemies","keyed","Void Wisp","Idle animation state, top-down/side hybrid game-ready view, nose/face pointing north. Void Wisp, a voidEntity of the Void Swarm (roles: chaser). A fragment of the dark given just enough shape to close distance. It does not think. It only closes. House style: chibi-proportioned stylized 3D, flat toon/cel-shading (max two-tone gradient, no PBR falloff), rounded chunky forms with visible thickness, soft dark outline or additive drop-glow for edge separation (never a realistic cast shadow), saturated flat colour, no gradients past a subtle two-stop, no fine detail, no film grain/vignette/chromatic aberration/lens flare/dust/scratches. Silhouette must read clearly at 32px."
"corruption-parasite:idle","enemies","keyed","Corruption Parasite","Idle animation state, top-down/side hybrid game-ready view, nose/face pointing north. Corruption Parasite, a voidEntity of the Void Swarm (roles: disruptor). It does not want to kill you. It wants you to carry a little of the dark home. House style: chibi-proportioned stylized 3D, flat toon/cel-shading (max two-tone gradient, no PBR falloff), rounded chunky forms with visible thickness, soft dark outline or additive drop-glow for edge separation (never a realistic cast shadow), saturated flat colour, no gradients past a subtle two-stop, no fine detail, no film grain/vignette/chromatic aberration/lens flare/dust/scratches. Silhouette must read clearly at 32px."
"shadow-hunter:idle","enemies","keyed","Shadow Hunter","Idle animation state, top-down/side hybrid game-ready view, nose/face pointing north. Shadow Hunter, a voidEntity of the Void Swarm (roles: flanker/assassin). It is not fast. It is simply not where you last checked. House style: chibi-proportioned stylized 3D, flat toon/cel-shading (max two-tone gradient, no PBR falloff), rounded chunky forms with visible thickness, soft dark outline or additive drop-glow for edge separation (never a realistic cast shadow), saturated flat colour, no gradients past a subtle two-stop, no fine detail, no film grain/vignette/chromatic aberration/lens flare/dust/scratches. Silhouette must read clearly at 32px."
"void-beacon:idle","enemies","keyed","Void Beacon","Idle animation state, top-down/side hybrid game-ready view, nose/face pointing north. Void Beacon, a voidEntity of the Void Swarm (roles: support). A wound in space that the Swarm keeps open on purpose. Everything nearby drinks from it. House style: chibi-proportioned stylized 3D, flat toon/cel-shading (max two-tone gradient, no PBR falloff), rounded chunky forms with visible thickness, soft dark outline or additive drop-glow for edge separation (never a realistic cast shadow), saturated flat colour, no gradients past a subtle two-stop, no fine detail, no film grain/vignette/chromatic aberration/lens flare/dust/scratches. Silhouette must read clearly at 32px."
"rift-guardian:idle","enemies","keyed","Rift Guardian","Idle animation state, top-down/side hybrid game-ready view, nose/face pointing north. Rift Guardian, a voidEntity of the Void Swarm (roles: tank). Reality closed around it wrong, and it simply kept the shape. Nothing since has convinced it to let go. House style: chibi-proportioned stylized 3D, flat toon/cel-shading (max two-tone gradient, no PBR falloff), rounded chunky forms with visible thickness, soft dark outline or additive drop-glow for edge separation (never a realistic cast shadow), saturated flat colour, no gradients past a subtle two-stop, no fine detail, no film grain/vignette/chromatic aberration/lens flare/dust/scratches. Silhouette must read clearly at 32px."
"ancient-void-avatar:idle","enemies","keyed","Ancient Void Avatar","Idle animation state, top-down/side hybrid game-ready view, nose/face pointing north. Ancient Void Avatar, a voidEntity of the Void Swarm (roles: elite/tank). Older than the sector it now stands in. It does not lead the Swarm. It simply outlasts everything sent against it. House style: chibi-proportioned stylized 3D, flat toon/cel-shading (max two-tone gradient, no PBR falloff), rounded chunky forms with visible thickness, soft dark outline or additive drop-glow for edge separation (never a realistic cast shadow), saturated flat colour, no gradients past a subtle two-stop, no fine detail, no film grain/vignette/chromatic aberration/lens flare/dust/scratches. Silhouette must read clearly at 32px."
"sentinel:idle","enemies","keyed","Sentinel","Idle animation state, top-down/side hybrid game-ready view, nose/face pointing north. Sentinel, an ancientGuardian of the Ancient Custodians (roles: chaser). It has walked the same perimeter for ten thousand years and never once found a reason to stop. House style: chibi-proportioned stylized 3D, flat toon/cel-shading (max two-tone gradient, no PBR falloff), rounded chunky forms with visible thickness, soft dark outline or additive drop-glow for edge separation (never a realistic cast shadow), saturated flat colour, no gradients past a subtle two-stop, no fine detail, no film grain/vignette/chromatic aberration/lens flare/dust/scratches. Silhouette must read clearly at 32px."
"defence-drone:idle","enemies","keyed","Defence Drone","Idle animation state, top-down/side hybrid game-ready view, nose/face pointing north. Defence Drone, an ancientGuardian of the Ancient Custodians (roles: disruptor). Precision built to a standard nothing since has matched — every shot lands exactly where the system decided it would. House style: chibi-proportioned stylized 3D, flat toon/cel-shading (max two-tone gradient, no PBR falloff), rounded chunky forms with visible thickness, soft dark outline or additive drop-glow for edge separation (never a realistic cast shadow), saturated flat colour, no gradients past a subtle two-stop, no fine detail, no film grain/vignette/chromatic aberration/lens flare/dust/scratches. Silhouette must read clearly at 32px."
"guardian-sphere:idle","enemies","keyed","Guardian Sphere","Idle animation state, top-down/side hybrid game-ready view, nose/face pointing north. Guardian Sphere, an ancientGuardian of the Ancient Custodians (roles: flanker). A perfect geometry with no visible drive system. It simply goes where it decided to be. House style: chibi-proportioned stylized 3D, flat toon/cel-shading (max two-tone gradient, no PBR falloff), rounded chunky forms with visible thickness, soft dark outline or additive drop-glow for edge separation (never a realistic cast shadow), saturated flat colour, no gradients past a subtle two-stop, no fine detail, no film grain/vignette/chromatic aberration/lens flare/dust/scratches. Silhouette must read clearly at 32px."
"shield-architect:idle","enemies","keyed","Shield Architect","Idle animation state, top-down/side hybrid game-ready view, nose/face pointing north. Shield Architect, an ancientGuardian of the Ancient Custodians (roles: support). It does not fight for the vault. It fights for the network everything else fights through. House style: chibi-proportioned stylized 3D, flat toon/cel-shading (max two-tone gradient, no PBR falloff), rounded chunky forms with visible thickness, soft dark outline or additive drop-glow for edge separation (never a realistic cast shadow), saturated flat colour, no gradients past a subtle two-stop, no fine detail, no film grain/vignette/chromatic aberration/lens flare/dust/scratches. Silhouette must read clearly at 32px."
"custodian-walker:idle","enemies","keyed","Custodian Walker","Idle animation state, top-down/side hybrid game-ready view, nose/face pointing north. Custodian Walker, an ancientGuardian of the Ancient Custodians (roles: tank). It was built to answer force with more force. Ten thousand years of practice have not changed the answer. House style: chibi-proportioned stylized 3D, flat toon/cel-shading (max two-tone gradient, no PBR falloff), rounded chunky forms with visible thickness, soft dark outline or additive drop-glow for edge separation (never a realistic cast shadow), saturated flat colour, no gradients past a subtle two-stop, no fine detail, no film grain/vignette/chromatic aberration/lens flare/dust/scratches. Silhouette must read clearly at 32px."
"ancient-executor:idle","enemies","keyed","Ancient Executor","Idle animation state, top-down/side hybrid game-ready view, nose/face pointing north. Ancient Executor, an ancientGuardian of the Ancient Custodians (roles: elite/tank). The Custodians' final answer. It does not warn. By the time it fires, the warning already happened. House style: chibi-proportioned stylized 3D, flat toon/cel-shading (max two-tone gradient, no PBR falloff), rounded chunky forms with visible thickness, soft dark outline or additive drop-glow for edge separation (never a realistic cast shadow), saturated flat colour, no gradients past a subtle two-stop, no fine detail, no film grain/vignette/chromatic aberration/lens flare/dust/scratches. Silhouette must read clearly at 32px."
"hive-drone:idle","enemies","keyed","Hive Drone","Idle animation state, top-down/side hybrid game-ready view, nose/face pointing north. Hive Drone, a swarm of the Xenomorph Hive (roles: chaser/burrower). Grown for one purpose and grown quickly — the Hive spends drones the way other species spend ammunition. House style: chibi-proportioned stylized 3D, flat toon/cel-shading (max two-tone gradient, no PBR falloff), rounded chunky forms with visible thickness, soft dark outline or additive drop-glow for edge separation (never a realistic cast shadow), saturated flat colour, no gradients past a subtle two-stop, no fine detail, no film grain/vignette/chromatic aberration/lens flare/dust/scratches. Silhouette must read clearly at 32px."
"spitter:idle","enemies","keyed","Spitter","Idle animation state, top-down/side hybrid game-ready view, nose/face pointing north. Spitter, a swarm of the Xenomorph Hive (roles: disruptor). It does not chase. It does not need to — the Hive taught it patience is just another weapon. House style: chibi-proportioned stylized 3D, flat toon/cel-shading (max two-tone gradient, no PBR falloff), rounded chunky forms with visible thickness, soft dark outline or additive drop-glow for edge separation (never a realistic cast shadow), saturated flat colour, no gradients past a subtle two-stop, no fine detail, no film grain/vignette/chromatic aberration/lens flare/dust/scratches. Silhouette must read clearly at 32px."
"stalker:idle","enemies","keyed","Stalker","Idle animation state, top-down/side hybrid game-ready view, nose/face pointing north. Stalker, a swarm of the Xenomorph Hive (roles: flanker). Wrong to call it climbing. It simply does not recognise a wall as different from a floor. House style: chibi-proportioned stylized 3D, flat toon/cel-shading (max two-tone gradient, no PBR falloff), rounded chunky forms with visible thickness, soft dark outline or additive drop-glow for edge separation (never a realistic cast shadow), saturated flat colour, no gradients past a subtle two-stop, no fine detail, no film grain/vignette/chromatic aberration/lens flare/dust/scratches. Silhouette must read clearly at 32px."
"evolution-node:idle","enemies","keyed","Evolution Node","Idle animation state, top-down/side hybrid game-ready view, nose/face pointing north. Evolution Node, a swarm of the Xenomorph Hive (roles: support). Not a soldier. A gland the size of a soldier — every organism nearby draws on what it produces. House style: chibi-proportioned stylized 3D, flat toon/cel-shading (max two-tone gradient, no PBR falloff), rounded chunky forms with visible thickness, soft dark outline or additive drop-glow for edge separation (never a realistic cast shadow), saturated flat colour, no gradients past a subtle two-stop, no fine detail, no film grain/vignette/chromatic aberration/lens flare/dust/scratches. Silhouette must read clearly at 32px."
"crusher:idle","enemies","keyed","Crusher","Idle animation state, top-down/side hybrid game-ready view, nose/face pointing north. Crusher, a swarm of the Xenomorph Hive (roles: tank). Bone plating grown thick enough to matter and muscle grown to swing it. Nothing subtle went into the design. House style: chibi-proportioned stylized 3D, flat toon/cel-shading (max two-tone gradient, no PBR falloff), rounded chunky forms with visible thickness, soft dark outline or additive drop-glow for edge separation (never a realistic cast shadow), saturated flat colour, no gradients past a subtle two-stop, no fine detail, no film grain/vignette/chromatic aberration/lens flare/dust/scratches. Silhouette must read clearly at 32px."
"living-titan:idle","enemies","keyed","Living Titan","Idle animation state, top-down/side hybrid game-ready view, nose/face pointing north. Living Titan, a swarm of the Xenomorph Hive (roles: elite/tank). Every generation before it fed this one, one way or another. It is the Hive's whole argument for evolution made flesh. House style: chibi-proportioned stylized 3D, flat toon/cel-shading (max two-tone gradient, no PBR falloff), rounded chunky forms with visible thickness, soft dark outline or additive drop-glow for edge separation (never a realistic cast shadow), saturated flat colour, no gradients past a subtle two-stop, no fine detail, no film grain/vignette/chromatic aberration/lens flare/dust/scratches. Silhouette must read clearly at 32px."
"scout-skiff:idle","enemies","keyed","Scout Skiff","Idle animation state, top-down/side hybrid game-ready view, nose/face pointing north. Scout Skiff, a scout of the Stellar Nomads (roles: chaser). Fast, cheap, and disposable by design — the fleet would rather lose ten skiffs than one real ship. House style: chibi-proportioned stylized 3D, flat toon/cel-shading (max two-tone gradient, no PBR falloff), rounded chunky forms with visible thickness, soft dark outline or additive drop-glow for edge separation (never a realistic cast shadow), saturated flat colour, no gradients past a subtle two-stop, no fine detail, no film grain/vignette/chromatic aberration/lens flare/dust/scratches. Silhouette must read clearly at 32px."
"hunter:idle","enemies","keyed","Hunter","Idle animation state, top-down/side hybrid game-ready view, nose/face pointing north. Hunter, an interceptor of the Stellar Nomads (roles: flanker). The harpoon was salvaged off a mining rig decades before the pilot was born. It still works better than anything manufactured since. House style: chibi-proportioned stylized 3D, flat toon/cel-shading (max two-tone gradient, no PBR falloff), rounded chunky forms with visible thickness, soft dark outline or additive drop-glow for edge separation (never a realistic cast shadow), saturated flat colour, no gradients past a subtle two-stop, no fine detail, no film grain/vignette/chromatic aberration/lens flare/dust/scratches. Silhouette must read clearly at 32px."
"escort-fighter:idle","enemies","keyed","Escort Fighter","Idle animation state, top-down/side hybrid game-ready view, nose/face pointing north. Escort Fighter, a fighter of the Stellar Nomads (roles: support). Its job was never to win the fight. Its job is to make sure something else survives it. House style: chibi-proportioned stylized 3D, flat toon/cel-shading (max two-tone gradient, no PBR falloff), rounded chunky forms with visible thickness, soft dark outline or additive drop-glow for edge separation (never a realistic cast shadow), saturated flat colour, no gradients past a subtle two-stop, no fine detail, no film grain/vignette/chromatic aberration/lens flare/dust/scratches. Silhouette must read clearly at 32px."
"junker-gunship:idle","enemies","keyed","Junker Gunship","Idle animation state, top-down/side hybrid game-ready view, nose/face pointing north. Junker Gunship, a heavyAssault of the Stellar Nomads (roles: tank). Three different hull classes welded into one. None of the original owners would recognise it, or want to. House style: chibi-proportioned stylized 3D, flat toon/cel-shading (max two-tone gradient, no PBR falloff), rounded chunky forms with visible thickness, soft dark outline or additive drop-glow for edge separation (never a realistic cast shadow), saturated flat colour, no gradients past a subtle two-stop, no fine detail, no film grain/vignette/chromatic aberration/lens flare/dust/scratches. Silhouette must read clearly at 32px."
"repair-frigate:idle","enemies","keyed","Repair Frigate","Idle animation state, top-down/side hybrid game-ready view, nose/face pointing north. Repair Frigate, a supportUnit of the Stellar Nomads (roles: healer). Every panel on it has been cut from something else that stopped flying. It has never once stopped flying itself. House style: chibi-proportioned stylized 3D, flat toon/cel-shading (max two-tone gradient, no PBR falloff), rounded chunky forms with visible thickness, soft dark outline or additive drop-glow for edge separation (never a realistic cast shadow), saturated flat colour, no gradients past a subtle two-stop, no fine detail, no film grain/vignette/chromatic aberration/lens flare/dust/scratches. Silhouette must read clearly at 32px."
"nomad-flagship:idle","enemies","keyed","Nomad Flagship","Idle animation state, top-down/side hybrid game-ready view, nose/face pointing north. Nomad Flagship, a destroyer of the Stellar Nomads (roles: elite/tank/commander). It has been rebuilt so many times the fleet stopped calling it by its old name. It is simply the ship that doesn't sink. House style: chibi-proportioned stylized 3D, flat toon/cel-shading (max two-tone gradient, no PBR falloff), rounded chunky forms with visible thickness, soft dark outline or additive drop-glow for edge separation (never a realistic cast shadow), saturated flat colour, no gradients past a subtle two-stop, no fine detail, no film grain/vignette/chromatic aberration/lens flare/dust/scratches. Silhouette must read clearly at 32px."
"prototype-drone:idle","enemies","keyed","Prototype Drone","Idle animation state, top-down/side hybrid game-ready view, nose/face pointing north. Prototype Drone, a drone of the Paragon Protocol (roles: chaser). Nobody signed off on this design. Nobody was going to argue with what it could already do. House style: chibi-proportioned stylized 3D, flat toon/cel-shading (max two-tone gradient, no PBR falloff), rounded chunky forms with visible thickness, soft dark outline or additive drop-glow for edge separation (never a realistic cast shadow), saturated flat colour, no gradients past a subtle two-stop, no fine detail, no film grain/vignette/chromatic aberration/lens flare/dust/scratches. Silhouette must read clearly at 32px."
"pulse-cannon:idle","enemies","keyed","Pulse Cannon","Idle animation state, top-down/side hybrid game-ready view, nose/face pointing north. Pulse Cannon, an artillery of the Paragon Protocol (roles: disruptor). The lab's own notes call it unsafe for extended firing. It has been firing extended for years. House style: chibi-proportioned stylized 3D, flat toon/cel-shading (max two-tone gradient, no PBR falloff), rounded chunky forms with visible thickness, soft dark outline or additive drop-glow for edge separation (never a realistic cast shadow), saturated flat colour, no gradients past a subtle two-stop, no fine detail, no film grain/vignette/chromatic aberration/lens flare/dust/scratches. Silhouette must read clearly at 32px."
"adaptive-hunter:idle","enemies","keyed","Adaptive Hunter","Idle animation state, top-down/side hybrid game-ready view, nose/face pointing north. Adaptive Hunter, an interceptor of the Paragon Protocol (roles: flanker). Every pass it makes is a little different from the last. It is still learning, even now. House style: chibi-proportioned stylized 3D, flat toon/cel-shading (max two-tone gradient, no PBR falloff), rounded chunky forms with visible thickness, soft dark outline or additive drop-glow for edge separation (never a realistic cast shadow), saturated flat colour, no gradients past a subtle two-stop, no fine detail, no film grain/vignette/chromatic aberration/lens flare/dust/scratches. Silhouette must read clearly at 32px."
"containment-sentinel:idle","enemies","keyed","Containment Sentinel","Idle animation state, top-down/side hybrid game-ready view, nose/face pointing north. Containment Sentinel, a supportUnit of the Paragon Protocol (roles: support). It was the last safety system installed, and the only one still doing its job. House style: chibi-proportioned stylized 3D, flat toon/cel-shading (max two-tone gradient, no PBR falloff), rounded chunky forms with visible thickness, soft dark outline or additive drop-glow for edge separation (never a realistic cast shadow), saturated flat colour, no gradients past a subtle two-stop, no fine detail, no film grain/vignette/chromatic aberration/lens flare/dust/scratches. Silhouette must read clearly at 32px."
"energy-construct:idle","enemies","keyed","Energy Construct","Idle animation state, top-down/side hybrid game-ready view, nose/face pointing north. Energy Construct, a heavyAssault of the Paragon Protocol (roles: tank). Not built. Grown, inside a containment field, from a specification nobody kept a copy of. House style: chibi-proportioned stylized 3D, flat toon/cel-shading (max two-tone gradient, no PBR falloff), rounded chunky forms with visible thickness, soft dark outline or additive drop-glow for edge separation (never a realistic cast shadow), saturated flat colour, no gradients past a subtle two-stop, no fine detail, no film grain/vignette/chromatic aberration/lens flare/dust/scratches. Silhouette must read clearly at 32px."
"omega-prototype:idle","enemies","keyed","Omega Prototype","Idle animation state, top-down/side hybrid game-ready view, nose/face pointing north. Omega Prototype, a machineUnit of the Paragon Protocol (roles: elite/tank). The programme's final iteration, and the reason the programme was ended. Nobody ended it in time. House style: chibi-proportioned stylized 3D, flat toon/cel-shading (max two-tone gradient, no PBR falloff), rounded chunky forms with visible thickness, soft dark outline or additive drop-glow for edge separation (never a realistic cast shadow), saturated flat colour, no gradients past a subtle two-stop, no fine detail, no film grain/vignette/chromatic aberration/lens flare/dust/scratches. Silhouette must read clearly at 32px."
"solar-spark:idle","enemies","keyed","Solar Spark","Idle animation state, top-down/side hybrid game-ready view, nose/face pointing north. Solar Spark, a scout of the Celestial Conclave (roles: chaser). A fragment thrown off something far larger, still burning exactly as bright. House style: chibi-proportioned stylized 3D, flat toon/cel-shading (max two-tone gradient, no PBR falloff), rounded chunky forms with visible thickness, soft dark outline or additive drop-glow for edge separation (never a realistic cast shadow), saturated flat colour, no gradients past a subtle two-stop, no fine detail, no film grain/vignette/chromatic aberration/lens flare/dust/scratches. Silhouette must read clearly at 32px."
"pulsar-hunter:idle","enemies","keyed","Pulsar Hunter","Idle animation state, top-down/side hybrid game-ready view, nose/face pointing north. Pulsar Hunter, an interceptor of the Celestial Conclave (roles: sniper). It doesn't fire a weapon. It simply lets a fraction of what it already is pass through you. House style: chibi-proportioned stylized 3D, flat toon/cel-shading (max two-tone gradient, no PBR falloff), rounded chunky forms with visible thickness, soft dark outline or additive drop-glow for edge separation (never a realistic cast shadow), saturated flat colour, no gradients past a subtle two-stop, no fine detail, no film grain/vignette/chromatic aberration/lens flare/dust/scratches. Silhouette must read clearly at 32px."
"gravity-oracle:idle","enemies","keyed","Gravity Oracle","Idle animation state, top-down/side hybrid game-ready view, nose/face pointing north. Gravity Oracle, an artillery of the Celestial Conclave (roles: areaDenial). It does not attack the player. It simply makes the space around them a little heavier. House style: chibi-proportioned stylized 3D, flat toon/cel-shading (max two-tone gradient, no PBR falloff), rounded chunky forms with visible thickness, soft dark outline or additive drop-glow for edge separation (never a realistic cast shadow), saturated flat colour, no gradients past a subtle two-stop, no fine detail, no film grain/vignette/chromatic aberration/lens flare/dust/scratches. Silhouette must read clearly at 32px."
"constellation-avatar:idle","enemies","keyed","Constellation Avatar","Idle animation state, top-down/side hybrid game-ready view, nose/face pointing north. Constellation Avatar, a livingStructure of the Celestial Conclave (roles: support). It is not the brightest point in the formation. It is simply the one every other point is drawn to. House style: chibi-proportioned stylized 3D, flat toon/cel-shading (max two-tone gradient, no PBR falloff), rounded chunky forms with visible thickness, soft dark outline or additive drop-glow for edge separation (never a realistic cast shadow), saturated flat colour, no gradients past a subtle two-stop, no fine detail, no film grain/vignette/chromatic aberration/lens flare/dust/scratches. Silhouette must read clearly at 32px."
"corona-guardian:idle","enemies","keyed","Corona Guardian","Idle animation state, top-down/side hybrid game-ready view, nose/face pointing north. Corona Guardian, a supportUnit of the Celestial Conclave (roles: tank). Its shell is the same plasma that would otherwise burn everything nearby. It simply decided not to let go of it. House style: chibi-proportioned stylized 3D, flat toon/cel-shading (max two-tone gradient, no PBR falloff), rounded chunky forms with visible thickness, soft dark outline or additive drop-glow for edge separation (never a realistic cast shadow), saturated flat colour, no gradients past a subtle two-stop, no fine detail, no film grain/vignette/chromatic aberration/lens flare/dust/scratches. Silhouette must read clearly at 32px."
"living-supernova:idle","enemies","keyed","Living Supernova","Idle animation state, top-down/side hybrid game-ready view, nose/face pointing north. Living Supernova, a machineUnit of the Celestial Conclave (roles: elite/tank). It has already died once, on a scale nothing nearby can measure. It kept most of what it was anyway. House style: chibi-proportioned stylized 3D, flat toon/cel-shading (max two-tone gradient, no PBR falloff), rounded chunky forms with visible thickness, soft dark outline or additive drop-glow for edge separation (never a realistic cast shadow), saturated flat colour, no gradients past a subtle two-stop, no fine detail, no film grain/vignette/chromatic aberration/lens flare/dust/scratches. Silhouette must read clearly at 32px."
"lost-scout:idle","enemies","keyed","Lost Scout","Idle animation state, top-down/side hybrid game-ready view, nose/face pointing north. Lost Scout, a scout of the The Eclipsed (roles: chaser/ambusher). Still flying its original survey pattern, decades after the survey ended. It only breaks pattern when something comes close. House style: chibi-proportioned stylized 3D, flat toon/cel-shading (max two-tone gradient, no PBR falloff), rounded chunky forms with visible thickness, soft dark outline or additive drop-glow for edge separation (never a realistic cast shadow), saturated flat colour, no gradients past a subtle two-stop, no fine detail, no film grain/vignette/chromatic aberration/lens flare/dust/scratches. Silhouette must read clearly at 32px."
"broken-pilot:idle","enemies","keyed","Broken Pilot","Idle animation state, top-down/side hybrid game-ready view, nose/face pointing north. Broken Pilot, a fighter of the The Eclipsed (roles: flanker). The flying is still perfect. Whoever taught them would be proud, if the rest of them were still there to be proud of. House style: chibi-proportioned stylized 3D, flat toon/cel-shading (max two-tone gradient, no PBR falloff), rounded chunky forms with visible thickness, soft dark outline or additive drop-glow for edge separation (never a realistic cast shadow), saturated flat colour, no gradients past a subtle two-stop, no fine detail, no film grain/vignette/chromatic aberration/lens flare/dust/scratches. Silhouette must read clearly at 32px."
"echo-drone:idle","enemies","keyed","Echo Drone","Idle animation state, top-down/side hybrid game-ready view, nose/face pointing north. Echo Drone, a drone of the The Eclipsed (roles: disruptor). It broadcasts fragments of its expedition's final week on loop. It does not know the transmission ended years ago. House style: chibi-proportioned stylized 3D, flat toon/cel-shading (max two-tone gradient, no PBR falloff), rounded chunky forms with visible thickness, soft dark outline or additive drop-glow for edge separation (never a realistic cast shadow), saturated flat colour, no gradients past a subtle two-stop, no fine detail, no film grain/vignette/chromatic aberration/lens flare/dust/scratches. Silhouette must read clearly at 32px."
"memory-warden:idle","enemies","keyed","Memory Warden","Idle animation state, top-down/side hybrid game-ready view, nose/face pointing north. Memory Warden, a supportUnit of the The Eclipsed (roles: support). It carries the crew manifest and reads it to the others. As long as it survives, they remember being people a little longer. House style: chibi-proportioned stylized 3D, flat toon/cel-shading (max two-tone gradient, no PBR falloff), rounded chunky forms with visible thickness, soft dark outline or additive drop-glow for edge separation (never a realistic cast shadow), saturated flat colour, no gradients past a subtle two-stop, no fine detail, no film grain/vignette/chromatic aberration/lens flare/dust/scratches. Silhouette must read clearly at 32px."
"fallen-guardian:idle","enemies","keyed","Fallen Guardian","Idle animation state, top-down/side hybrid game-ready view, nose/face pointing north. Fallen Guardian, a heavyAssault of the The Eclipsed (roles: tank). It was the one that stayed behind so the others could run. It is still holding that line. There is nothing behind it any more. House style: chibi-proportioned stylized 3D, flat toon/cel-shading (max two-tone gradient, no PBR falloff), rounded chunky forms with visible thickness, soft dark outline or additive drop-glow for edge separation (never a realistic cast shadow), saturated flat colour, no gradients past a subtle two-stop, no fine detail, no film grain/vignette/chromatic aberration/lens flare/dust/scratches. Silhouette must read clearly at 32px."
"eclipsed-champion:idle","enemies","keyed","Eclipsed Champion","Idle animation state, top-down/side hybrid game-ready view, nose/face pointing north. Eclipsed Champion, a heavyAssault of the The Eclipsed (roles: elite/tank/commander). A Commander, once. The service record is still legible on the hull. The name on it is the reward for winning. House style: chibi-proportioned stylized 3D, flat toon/cel-shading (max two-tone gradient, no PBR falloff), rounded chunky forms with visible thickness, soft dark outline or additive drop-glow for edge separation (never a realistic cast shadow), saturated flat colour, no gradients past a subtle two-stop, no fine detail, no film grain/vignette/chromatic aberration/lens flare/dust/scratches. Silhouette must read clearly at 32px."
"elite-mutation:regeneration","elite-mutations","additive","regeneration","Elite-mutation visual-tell overlay, additive, applicable to any enemy sprite: pulsing gold hull seams (colour-law substitution for its green lore colour, DIRECTIVE §4). House VFX style: large, few, rounded particles — fat circles, chunky stars, thick rings. Never fine dust, realistic smoke, or lens flares. Additive glow clipped tight to the source. Flat saturated colour, no gradients past a subtle two-stop, nothing gritty. Must read clearly at 32px, never obscure a silhouette for more than ~200ms."
"elite-mutation:shielded","elite-mutations","additive","shielded","Elite-mutation visual-tell overlay, additive, applicable to any enemy sprite: a visible barrier shimmer. House VFX style: large, few, rounded particles — fat circles, chunky stars, thick rings. Never fine dust, realistic smoke, or lens flares. Additive glow clipped tight to the source. Flat saturated colour, no gradients past a subtle two-stop, nothing gritty. Must read clearly at 32px, never obscure a silhouette for more than ~200ms."
"elite-mutation:explosive","elite-mutations","additive","explosive","Elite-mutation visual-tell overlay, additive, applicable to any enemy sprite: cracked, glowing hull plating. House VFX style: large, few, rounded particles — fat circles, chunky stars, thick rings. Never fine dust, realistic smoke, or lens flares. Additive glow clipped tight to the source. Flat saturated colour, no gradients past a subtle two-stop, nothing gritty. Must read clearly at 32px, never obscure a silhouette for more than ~200ms."
"elite-mutation:teleport","elite-mutations","additive","teleport","Elite-mutation visual-tell overlay, additive, applicable to any enemy sprite: a brief spatial-distortion flash. House VFX style: large, few, rounded particles — fat circles, chunky stars, thick rings. Never fine dust, realistic smoke, or lens flares. Additive glow clipped tight to the source. Flat saturated colour, no gradients past a subtle two-stop, nothing gritty. Must read clearly at 32px, never obscure a silhouette for more than ~200ms."
"elite-mutation:reflectiveArmour","elite-mutations","additive","reflectiveArmour","Elite-mutation visual-tell overlay, additive, applicable to any enemy sprite: a mirrored hull sheen. House VFX style: large, few, rounded particles — fat circles, chunky stars, thick rings. Never fine dust, realistic smoke, or lens flares. Additive glow clipped tight to the source. Flat saturated colour, no gradients past a subtle two-stop, nothing gritty. Must read clearly at 32px, never obscure a silhouette for more than ~200ms."
"elite-mutation:rapidAssault","elite-mutations","additive","rapidAssault","Elite-mutation visual-tell overlay, additive, applicable to any enemy sprite: an overcharged weapon glow. House VFX style: large, few, rounded particles — fat circles, chunky stars, thick rings. Never fine dust, realistic smoke, or lens flares. Additive glow clipped tight to the source. Flat saturated colour, no gradients past a subtle two-stop, nothing gritty. Must read clearly at 32px, never obscure a silhouette for more than ~200ms."
"elite-mutation:gravityField","elite-mutations","additive","gravityField","Elite-mutation visual-tell overlay, additive, applicable to any enemy sprite: a visible distortion ring. House VFX style: large, few, rounded particles — fat circles, chunky stars, thick rings. Never fine dust, realistic smoke, or lens flares. Additive glow clipped tight to the source. Flat saturated colour, no gradients past a subtle two-stop, nothing gritty. Must read clearly at 32px, never obscure a silhouette for more than ~200ms."
"elite-mutation:summoner","elite-mutations","additive","summoner","Elite-mutation visual-tell overlay, additive, applicable to any enemy sprite: a beacon pulse before each spawn. House VFX style: large, few, rounded particles — fat circles, chunky stars, thick rings. Never fine dust, realistic smoke, or lens flares. Additive glow clipped tight to the source. Flat saturated colour, no gradients past a subtle two-stop, nothing gritty. Must read clearly at 32px, never obscure a silhouette for more than ~200ms."
"elite-mutation:berserker","elite-mutations","additive","berserker","Elite-mutation visual-tell overlay, additive, applicable to any enemy sprite: a red damage-state flare. House VFX style: large, few, rounded particles — fat circles, chunky stars, thick rings. Never fine dust, realistic smoke, or lens flares. Additive glow clipped tight to the source. Flat saturated colour, no gradients past a subtle two-stop, nothing gritty. Must read clearly at 32px, never obscure a silhouette for more than ~200ms."
"elite-mutation:cryogenic","elite-mutations","additive","cryogenic","Elite-mutation visual-tell overlay, additive, applicable to any enemy sprite: a frost trail. House VFX style: large, few, rounded particles — fat circles, chunky stars, thick rings. Never fine dust, realistic smoke, or lens flares. Additive glow clipped tight to the source. Flat saturated colour, no gradients past a subtle two-stop, nothing gritty. Must read clearly at 32px, never obscure a silhouette for more than ~200ms."
"elite-mutation:incendiary","elite-mutations","additive","incendiary","Elite-mutation visual-tell overlay, additive, applicable to any enemy sprite: trailing embers. House VFX style: large, few, rounded particles — fat circles, chunky stars, thick rings. Never fine dust, realistic smoke, or lens flares. Additive glow clipped tight to the source. Flat saturated colour, no gradients past a subtle two-stop, nothing gritty. Must read clearly at 32px, never obscure a silhouette for more than ~200ms."
"elite-mutation:corrupted","elite-mutations","additive","corrupted","Elite-mutation visual-tell overlay, additive, applicable to any enemy sprite: a glitching void-purple outline. House VFX style: large, few, rounded particles — fat circles, chunky stars, thick rings. Never fine dust, realistic smoke, or lens flares. Additive glow clipped tight to the source. Flat saturated colour, no gradients past a subtle two-stop, nothing gritty. Must read clearly at 32px, never obscure a silhouette for more than ~200ms."
"elite-mutation:quantumShift","elite-mutations","additive","quantumShift","Elite-mutation visual-tell overlay, additive, applicable to any enemy sprite: a flickering double-image. House VFX style: large, few, rounded particles — fat circles, chunky stars, thick rings. Never fine dust, realistic smoke, or lens flares. Additive glow clipped tight to the source. Flat saturated colour, no gradients past a subtle two-stop, nothing gritty. Must read clearly at 32px, never obscure a silhouette for more than ~200ms."
"elite-mutation:temporalEcho","elite-mutations","additive","temporalEcho","Elite-mutation visual-tell overlay, additive, applicable to any enemy sprite: a trailing translucent duplicate. House VFX style: large, few, rounded particles — fat circles, chunky stars, thick rings. Never fine dust, realistic smoke, or lens flares. Additive glow clipped tight to the source. Flat saturated colour, no gradients past a subtle two-stop, nothing gritty. Must read clearly at 32px, never obscure a silhouette for more than ~200ms."
"elite-mutation:adaptiveArmour","elite-mutations","additive","adaptiveArmour","Elite-mutation visual-tell overlay, additive, applicable to any enemy sprite: colour-shifting hull plates. House VFX style: large, few, rounded particles — fat circles, chunky stars, thick rings. Never fine dust, realistic smoke, or lens flares. Additive glow clipped tight to the source. Flat saturated colour, no gradients past a subtle two-stop, nothing gritty. Must read clearly at 32px, never obscure a silhouette for more than ~200ms."
"elite-mutation:electric","elite-mutations","additive","electric","Elite-mutation visual-tell overlay, additive, applicable to any enemy sprite: crackling arcs across the hull. House VFX style: large, few, rounded particles — fat circles, chunky stars, thick rings. Never fine dust, realistic smoke, or lens flares. Additive glow clipped tight to the source. Flat saturated colour, no gradients past a subtle two-stop, nothing gritty. Must read clearly at 32px, never obscure a silhouette for more than ~200ms."
"elite-mutation:cloaked","elite-mutations","additive","cloaked","Elite-mutation visual-tell overlay, additive, applicable to any enemy sprite: a fading outline on a visible cycle. House VFX style: large, few, rounded particles — fat circles, chunky stars, thick rings. Never fine dust, realistic smoke, or lens flares. Additive glow clipped tight to the source. Flat saturated colour, no gradients past a subtle two-stop, nothing gritty. Must read clearly at 32px, never obscure a silhouette for more than ~200ms."
"elite-mutation:vampiric","elite-mutations","additive","vampiric","Elite-mutation visual-tell overlay, additive, applicable to any enemy sprite: a red damage tether drawn from the target. House VFX style: large, few, rounded particles — fat circles, chunky stars, thick rings. Never fine dust, realistic smoke, or lens flares. Additive glow clipped tight to the source. Flat saturated colour, no gradients past a subtle two-stop, nothing gritty. Must read clearly at 32px, never obscure a silhouette for more than ~200ms."
"elite-tier:veteran","elite-tiers","additive","veteran","Escalating elite-tier border/glow treatment for rank ""veteran"", additive overlay to frame an enemy sprite. House VFX style: large, few, rounded particles — fat circles, chunky stars, thick rings. Never fine dust, realistic smoke, or lens flares. Additive glow clipped tight to the source. Flat saturated colour, no gradients past a subtle two-stop, nothing gritty. Must read clearly at 32px, never obscure a silhouette for more than ~200ms."
"elite-tier:champion","elite-tiers","additive","champion","Escalating elite-tier border/glow treatment for rank ""champion"", additive overlay to frame an enemy sprite. House VFX style: large, few, rounded particles — fat circles, chunky stars, thick rings. Never fine dust, realistic smoke, or lens flares. Additive glow clipped tight to the source. Flat saturated colour, no gradients past a subtle two-stop, nothing gritty. Must read clearly at 32px, never obscure a silhouette for more than ~200ms."
"elite-tier:ancient","elite-tiers","additive","ancient","Escalating elite-tier border/glow treatment for rank ""ancient"", additive overlay to frame an enemy sprite. House VFX style: large, few, rounded particles — fat circles, chunky stars, thick rings. Never fine dust, realistic smoke, or lens flares. Additive glow clipped tight to the source. Flat saturated colour, no gradients past a subtle two-stop, nothing gritty. Must read clearly at 32px, never obscure a silhouette for more than ~200ms."
"elite-tier:prime","elite-tiers","additive","prime","Escalating elite-tier border/glow treatment for rank ""prime"", additive overlay to frame an enemy sprite. House VFX style: large, few, rounded particles — fat circles, chunky stars, thick rings. Never fine dust, realistic smoke, or lens flares. Additive glow clipped tight to the source. Flat saturated colour, no gradients past a subtle two-stop, nothing gritty. Must read clearly at 32px, never obscure a silhouette for more than ~200ms."
"elite-tier:legendary","elite-tiers","additive","legendary","Escalating elite-tier border/glow treatment for rank ""legendary"", additive overlay to frame an enemy sprite. House VFX style: large, few, rounded particles — fat circles, chunky stars, thick rings. Never fine dust, realistic smoke, or lens flares. Additive glow clipped tight to the source. Flat saturated colour, no gradients past a subtle two-stop, nothing gritty. Must read clearly at 32px, never obscure a silhouette for more than ~200ms."
"elite-tier:apex","elite-tiers","additive","apex","Escalating elite-tier border/glow treatment for rank ""apex"", additive overlay to frame an enemy sprite. House VFX style: large, few, rounded particles — fat circles, chunky stars, thick rings. Never fine dust, realistic smoke, or lens flares. Additive glow clipped tight to the source. Flat saturated colour, no gradients past a subtle two-stop, nothing gritty. Must read clearly at 32px, never obscure a silhouette for more than ~200ms."
"elite-tier:mythic","elite-tiers","additive","mythic","Escalating elite-tier border/glow treatment for rank ""mythic"", additive overlay to frame an enemy sprite. House VFX style: large, few, rounded particles — fat circles, chunky stars, thick rings. Never fine dust, realistic smoke, or lens flares. Additive glow clipped tight to the source. Flat saturated colour, no gradients past a subtle two-stop, nothing gritty. Must read clearly at 32px, never obscure a silhouette for more than ~200ms."
"hollow-sentinel:model","boss","keyed","The Hollow Sentinel","Boss model, hero framing, nose/face pointing north. The Hollow Sentinel, ""Last Watcher of the Drift"" — It has guarded an empty vault for ten thousand years. It no longer remembers what was inside. House style: chibi-proportioned stylized 3D, flat toon/cel-shading (max two-tone gradient, no PBR falloff), rounded chunky forms with visible thickness, soft dark outline or additive drop-glow for edge separation (never a realistic cast shadow), saturated flat colour, no gradients past a subtle two-stop, no fine detail, no film grain/vignette/chromatic aberration/lens flare/dust/scratches. Silhouette must read clearly at 32px."
"hollow-sentinel:phase-1-siege","boss","additive","phase-1-siege","Boss phase visual state ""phase-1-siege"" for The Hollow Sentinel — attack: phase-1-siege. Additive VFX layer. House VFX style: large, few, rounded particles — fat circles, chunky stars, thick rings. Never fine dust, realistic smoke, or lens flares. Additive glow clipped tight to the source. Flat saturated colour, no gradients past a subtle two-stop, nothing gritty. Must read clearly at 32px, never obscure a silhouette for more than ~200ms."
"hollow-sentinel:phase-2-collapse","boss","additive","phase-2-collapse","Boss phase visual state ""phase-2-collapse"" for The Hollow Sentinel — attack: phase-2-collapse. Additive VFX layer. House VFX style: large, few, rounded particles — fat circles, chunky stars, thick rings. Never fine dust, realistic smoke, or lens flares. Additive glow clipped tight to the source. Flat saturated colour, no gradients past a subtle two-stop, nothing gritty. Must read clearly at 32px, never obscure a silhouette for more than ~200ms."
"hollow-sentinel:phase-3-chaos","boss","additive","phase-3-chaos","Boss phase visual state ""phase-3-chaos"" for The Hollow Sentinel — attack: phase-3-chaos. Additive VFX layer. House VFX style: large, few, rounded particles — fat circles, chunky stars, thick rings. Never fine dust, realistic smoke, or lens flares. Additive glow clipped tight to the source. Flat saturated colour, no gradients past a subtle two-stop, nothing gritty. Must read clearly at 32px, never obscure a silhouette for more than ~200ms."
"hollow-sentinel:phase-4-signature","boss","additive","phase-4-signature","Boss phase visual state ""phase-4-signature"" for The Hollow Sentinel — attack: phase-4-signature. Additive VFX layer. House VFX style: large, few, rounded particles — fat circles, chunky stars, thick rings. Never fine dust, realistic smoke, or lens flares. Additive glow clipped tight to the source. Flat saturated colour, no gradients past a subtle two-stop, nothing gritty. Must read clearly at 32px, never obscure a silhouette for more than ~200ms."
"hollow-sentinel:weakpoint:core-eye","boss","additive","core-eye","Highlighted weak-point marker ""core-eye"" on The Hollow Sentinel's model. Additive overlay. House VFX style: large, few, rounded particles — fat circles, chunky stars, thick rings. Never fine dust, realistic smoke, or lens flares. Additive glow clipped tight to the source. Flat saturated colour, no gradients past a subtle two-stop, nothing gritty. Must read clearly at 32px, never obscure a silhouette for more than ~200ms."
"hollow-sentinel:enrage","boss","additive","enrage","Final-stand enrage visual state for The Hollow Sentinel — cracked plating, intensified glow. Additive overlay. House VFX style: large, few, rounded particles — fat circles, chunky stars, thick rings. Never fine dust, realistic smoke, or lens flares. Additive glow clipped tight to the source. Flat saturated colour, no gradients past a subtle two-stop, nothing gritty. Must read clearly at 32px, never obscure a silhouette for more than ~200ms."
"livingReactor:icon","boss-artifacts","keyed","Living Reactor","Artifact icon on transparent background, centered. Living Reactor — A slow, steady hull regeneration — and every pulse detonates, scorching everything nearby.. House style: chibi-proportioned stylized 3D, flat toon/cel-shading (max two-tone gradient, no PBR falloff), rounded chunky forms with visible thickness, soft dark outline or additive drop-glow for edge separation (never a realistic cast shadow), saturated flat colour, no gradients past a subtle two-stop, no fine detail, no film grain/vignette/chromatic aberration/lens flare/dust/scratches. Silhouette must read clearly at 32px."
"livingReactor:vfx","boss-artifacts","additive","Living Reactor","Activation VFX for Living Reactor — A slow, steady hull regeneration — and every pulse detonates, scorching everything nearby.. House VFX style: large, few, rounded particles — fat circles, chunky stars, thick rings. Never fine dust, realistic smoke, or lens flares. Additive glow clipped tight to the source. Flat saturated colour, no gradients past a subtle two-stop, nothing gritty. Must read clearly at 32px, never obscure a silhouette for more than ~200ms."
"atlasCore:icon","boss-artifacts","keyed","Atlas Core","Artifact icon on transparent background, centered. Atlas Core — Every weapon you carry fires meaningfully faster, permanently.. House style: chibi-proportioned stylized 3D, flat toon/cel-shading (max two-tone gradient, no PBR falloff), rounded chunky forms with visible thickness, soft dark outline or additive drop-glow for edge separation (never a realistic cast shadow), saturated flat colour, no gradients past a subtle two-stop, no fine detail, no film grain/vignette/chromatic aberration/lens flare/dust/scratches. Silhouette must read clearly at 32px."
"atlasCore:vfx","boss-artifacts","additive","Atlas Core","Activation VFX for Atlas Core — Every weapon you carry fires meaningfully faster, permanently.. House VFX style: large, few, rounded particles — fat circles, chunky stars, thick rings. Never fine dust, realistic smoke, or lens flares. Additive glow clipped tight to the source. Flat saturated colour, no gradients past a subtle two-stop, nothing gritty. Must read clearly at 32px, never obscure a silhouette for more than ~200ms."
"gravitonHeart:icon","boss-artifacts","keyed","Graviton Heart","Artifact icon on transparent background, centered. Graviton Heart — Every boost tears open a gravity well that drags nearby enemies in and crushes them.. House style: chibi-proportioned stylized 3D, flat toon/cel-shading (max two-tone gradient, no PBR falloff), rounded chunky forms with visible thickness, soft dark outline or additive drop-glow for edge separation (never a realistic cast shadow), saturated flat colour, no gradients past a subtle two-stop, no fine detail, no film grain/vignette/chromatic aberration/lens flare/dust/scratches. Silhouette must read clearly at 32px."
"gravitonHeart:vfx","boss-artifacts","additive","Graviton Heart","Activation VFX for Graviton Heart — Every boost tears open a gravity well that drags nearby enemies in and crushes them.. House VFX style: large, few, rounded particles — fat circles, chunky stars, thick rings. Never fine dust, realistic smoke, or lens flares. Additive glow clipped tight to the source. Flat saturated colour, no gradients past a subtle two-stop, nothing gritty. Must read clearly at 32px, never obscure a silhouette for more than ~200ms."
"stellarCompass:icon","boss-artifacts","keyed","Stellar Compass","Artifact icon on transparent background, centered. Stellar Compass — Every Elite you kill for the rest of this run drops loot no worse than Epic.. House style: chibi-proportioned stylized 3D, flat toon/cel-shading (max two-tone gradient, no PBR falloff), rounded chunky forms with visible thickness, soft dark outline or additive drop-glow for edge separation (never a realistic cast shadow), saturated flat colour, no gradients past a subtle two-stop, no fine detail, no film grain/vignette/chromatic aberration/lens flare/dust/scratches. Silhouette must read clearly at 32px."
"stellarCompass:vfx","boss-artifacts","additive","Stellar Compass","Activation VFX for Stellar Compass — Every Elite you kill for the rest of this run drops loot no worse than Epic.. House VFX style: large, few, rounded particles — fat circles, chunky stars, thick rings. Never fine dust, realistic smoke, or lens flares. Additive glow clipped tight to the source. Flat saturated colour, no gradients past a subtle two-stop, nothing gritty. Must read clearly at 32px, never obscure a silhouette for more than ~200ms."
"voidEngine:icon","boss-artifacts","keyed","Void Engine","Artifact icon on transparent background, centered. Void Engine — Every boost detonates a damaging shockwave beneath you.. House style: chibi-proportioned stylized 3D, flat toon/cel-shading (max two-tone gradient, no PBR falloff), rounded chunky forms with visible thickness, soft dark outline or additive drop-glow for edge separation (never a realistic cast shadow), saturated flat colour, no gradients past a subtle two-stop, no fine detail, no film grain/vignette/chromatic aberration/lens flare/dust/scratches. Silhouette must read clearly at 32px."
"voidEngine:vfx","boss-artifacts","additive","Void Engine","Activation VFX for Void Engine — Every boost detonates a damaging shockwave beneath you.. House VFX style: large, few, rounded particles — fat circles, chunky stars, thick rings. Never fine dust, realistic smoke, or lens flares. Additive glow clipped tight to the source. Flat saturated colour, no gradients past a subtle two-stop, nothing gritty. Must read clearly at 32px, never obscure a silhouette for more than ~200ms."
"passive-focus-fire:icon","passives","keyed","Focus Fire","Passive-ability icon on transparent background, centered. Focus Fire — Permanently boosts weapon damage.. House style: chibi-proportioned stylized 3D, flat toon/cel-shading (max two-tone gradient, no PBR falloff), rounded chunky forms with visible thickness, soft dark outline or additive drop-glow for edge separation (never a realistic cast shadow), saturated flat colour, no gradients past a subtle two-stop, no fine detail, no film grain/vignette/chromatic aberration/lens flare/dust/scratches. Silhouette must read clearly at 32px."
"passive-overcharge-coils:icon","passives","keyed","Overcharge Coils","Passive-ability icon on transparent background, centered. Overcharge Coils — Reduces active-module cooldowns.. House style: chibi-proportioned stylized 3D, flat toon/cel-shading (max two-tone gradient, no PBR falloff), rounded chunky forms with visible thickness, soft dark outline or additive drop-glow for edge separation (never a realistic cast shadow), saturated flat colour, no gradients past a subtle two-stop, no fine detail, no film grain/vignette/chromatic aberration/lens flare/dust/scratches. Silhouette must read clearly at 32px."
"passive-deadeye:icon","passives","keyed","Deadeye","Passive-ability icon on transparent background, centered. Deadeye — Raises critical hit chance.. House style: chibi-proportioned stylized 3D, flat toon/cel-shading (max two-tone gradient, no PBR falloff), rounded chunky forms with visible thickness, soft dark outline or additive drop-glow for edge separation (never a realistic cast shadow), saturated flat colour, no gradients past a subtle two-stop, no fine detail, no film grain/vignette/chromatic aberration/lens flare/dust/scratches. Silhouette must read clearly at 32px."
"passive-light-frame:icon","passives","keyed","Light Frame","Passive-ability icon on transparent background, centered. Light Frame — Raises movement speed.. House style: chibi-proportioned stylized 3D, flat toon/cel-shading (max two-tone gradient, no PBR falloff), rounded chunky forms with visible thickness, soft dark outline or additive drop-glow for edge separation (never a realistic cast shadow), saturated flat colour, no gradients past a subtle two-stop, no fine detail, no film grain/vignette/chromatic aberration/lens flare/dust/scratches. Silhouette must read clearly at 32px."
"passive-hardened-plating:icon","passives","keyed","Hardened Plating","Passive-ability icon on transparent background, centered. Hardened Plating — Raises barrier capacity on shield break.. House style: chibi-proportioned stylized 3D, flat toon/cel-shading (max two-tone gradient, no PBR falloff), rounded chunky forms with visible thickness, soft dark outline or additive drop-glow for edge separation (never a realistic cast shadow), saturated flat colour, no gradients past a subtle two-stop, no fine detail, no film grain/vignette/chromatic aberration/lens flare/dust/scratches. Silhouette must read clearly at 32px."
"passive-wide-net:icon","passives","keyed","Wide Net","Passive-ability icon on transparent background, centered. Wide Net — Extends the pickup magnet radius.. House style: chibi-proportioned stylized 3D, flat toon/cel-shading (max two-tone gradient, no PBR falloff), rounded chunky forms with visible thickness, soft dark outline or additive drop-glow for edge separation (never a realistic cast shadow), saturated flat colour, no gradients past a subtle two-stop, no fine detail, no film grain/vignette/chromatic aberration/lens flare/dust/scratches. Silhouette must read clearly at 32px."
"passive-nanite-mesh:icon","passives","keyed","Nanite Mesh","Passive-ability icon on transparent background, centered. Nanite Mesh — Restores hull when critically wounded.. House style: chibi-proportioned stylized 3D, flat toon/cel-shading (max two-tone gradient, no PBR falloff), rounded chunky forms with visible thickness, soft dark outline or additive drop-glow for edge separation (never a realistic cast shadow), saturated flat colour, no gradients past a subtle two-stop, no fine detail, no film grain/vignette/chromatic aberration/lens flare/dust/scratches. Silhouette must read clearly at 32px."
"passive-salvage-protocol:icon","passives","keyed","Salvage Protocol","Passive-ability icon on transparent background, centered. Salvage Protocol — Improves loot yield.. House style: chibi-proportioned stylized 3D, flat toon/cel-shading (max two-tone gradient, no PBR falloff), rounded chunky forms with visible thickness, soft dark outline or additive drop-glow for edge separation (never a realistic cast shadow), saturated flat colour, no gradients past a subtle two-stop, no fine detail, no film grain/vignette/chromatic aberration/lens flare/dust/scratches. Silhouette must read clearly at 32px."
"passive-fast-learner:icon","passives","keyed","Fast Learner","Passive-ability icon on transparent background, centered. Fast Learner — Raises experience gained.. House style: chibi-proportioned stylized 3D, flat toon/cel-shading (max two-tone gradient, no PBR falloff), rounded chunky forms with visible thickness, soft dark outline or additive drop-glow for edge separation (never a realistic cast shadow), saturated flat colour, no gradients past a subtle two-stop, no fine detail, no film grain/vignette/chromatic aberration/lens flare/dust/scratches. Silhouette must read clearly at 32px."
"passive-escort-link:icon","passives","keyed","Escort Link","Passive-ability icon on transparent background, centered. Escort Link — Shortens active-module cooldowns further while wounded, backing up the pilot.. House style: chibi-proportioned stylized 3D, flat toon/cel-shading (max two-tone gradient, no PBR falloff), rounded chunky forms with visible thickness, soft dark outline or additive drop-glow for edge separation (never a realistic cast shadow), saturated flat colour, no gradients past a subtle two-stop, no fine detail, no film grain/vignette/chromatic aberration/lens flare/dust/scratches. Silhouette must read clearly at 32px."
"passive-guardian-ward:icon","passives","keyed","Guardian Ward","Passive-ability icon on transparent background, centered. Guardian Ward — Raises barrier capacity on taking damage.. House style: chibi-proportioned stylized 3D, flat toon/cel-shading (max two-tone gradient, no PBR falloff), rounded chunky forms with visible thickness, soft dark outline or additive drop-glow for edge separation (never a realistic cast shadow), saturated flat colour, no gradients past a subtle two-stop, no fine detail, no film grain/vignette/chromatic aberration/lens flare/dust/scratches. Silhouette must read clearly at 32px."
"passive-signal-boost:icon","passives","keyed","Signal Boost","Passive-ability icon on transparent background, centered. Signal Boost — Extends the pickup magnet radius on a critical hit.. House style: chibi-proportioned stylized 3D, flat toon/cel-shading (max two-tone gradient, no PBR falloff), rounded chunky forms with visible thickness, soft dark outline or additive drop-glow for edge separation (never a realistic cast shadow), saturated flat colour, no gradients past a subtle two-stop, no fine detail, no film grain/vignette/chromatic aberration/lens flare/dust/scratches. Silhouette must read clearly at 32px."
"passive-drone-primer:icon","passives","keyed","Drone Primer","Passive-ability icon on transparent background, centered. Drone Primer — Improves future drone effectiveness. (Awaiting a drone system.). House style: chibi-proportioned stylized 3D, flat toon/cel-shading (max two-tone gradient, no PBR falloff), rounded chunky forms with visible thickness, soft dark outline or additive drop-glow for edge separation (never a realistic cast shadow), saturated flat colour, no gradients past a subtle two-stop, no fine detail, no film grain/vignette/chromatic aberration/lens flare/dust/scratches. Silhouette must read clearly at 32px."
"passive-resonance:icon","passives","keyed","Resonance","Passive-ability icon on transparent background, centered. Resonance — Improves future orbital-weapon power. (Awaiting an orbital system.). House style: chibi-proportioned stylized 3D, flat toon/cel-shading (max two-tone gradient, no PBR falloff), rounded chunky forms with visible thickness, soft dark outline or additive drop-glow for edge separation (never a realistic cast shadow), saturated flat colour, no gradients past a subtle two-stop, no fine detail, no film grain/vignette/chromatic aberration/lens flare/dust/scratches. Silhouette must read clearly at 32px."
"artifact-shrapnel-core:icon","artifacts","keyed","Shrapnel Core","Artifact icon on transparent background, centered. Shrapnel Core — Every kill sends out a damaging pulse.. House style: chibi-proportioned stylized 3D, flat toon/cel-shading (max two-tone gradient, no PBR falloff), rounded chunky forms with visible thickness, soft dark outline or additive drop-glow for edge separation (never a realistic cast shadow), saturated flat colour, no gradients past a subtle two-stop, no fine detail, no film grain/vignette/chromatic aberration/lens flare/dust/scratches. Silhouette must read clearly at 32px."
"artifact-shrapnel-core:vfx","artifacts","additive","Shrapnel Core","Effect VFX for Shrapnel Core — Every kill sends out a damaging pulse.. House VFX style: large, few, rounded particles — fat circles, chunky stars, thick rings. Never fine dust, realistic smoke, or lens flares. Additive glow clipped tight to the source. Flat saturated colour, no gradients past a subtle two-stop, nothing gritty. Must read clearly at 32px, never obscure a silhouette for more than ~200ms."
"artifact-reactive-plating:icon","artifacts","keyed","Reactive Plating","Artifact icon on transparent background, centered. Reactive Plating — Taking damage instantly raises your barrier.. House style: chibi-proportioned stylized 3D, flat toon/cel-shading (max two-tone gradient, no PBR falloff), rounded chunky forms with visible thickness, soft dark outline or additive drop-glow for edge separation (never a realistic cast shadow), saturated flat colour, no gradients past a subtle two-stop, no fine detail, no film grain/vignette/chromatic aberration/lens flare/dust/scratches. Silhouette must read clearly at 32px."
"artifact-reactive-plating:vfx","artifacts","additive","Reactive Plating","Effect VFX for Reactive Plating — Taking damage instantly raises your barrier.. House VFX style: large, few, rounded particles — fat circles, chunky stars, thick rings. Never fine dust, realistic smoke, or lens flares. Additive glow clipped tight to the source. Flat saturated colour, no gradients past a subtle two-stop, nothing gritty. Must read clearly at 32px, never obscure a silhouette for more than ~200ms."
"artifact-fail-safe-cell:icon","artifacts","keyed","Fail-Safe Cell","Artifact icon on transparent background, centered. Fail-Safe Cell — Losing your shield triggers an emergency hull repair.. House style: chibi-proportioned stylized 3D, flat toon/cel-shading (max two-tone gradient, no PBR falloff), rounded chunky forms with visible thickness, soft dark outline or additive drop-glow for edge separation (never a realistic cast shadow), saturated flat colour, no gradients past a subtle two-stop, no fine detail, no film grain/vignette/chromatic aberration/lens flare/dust/scratches. Silhouette must read clearly at 32px."
"artifact-fail-safe-cell:vfx","artifacts","additive","Fail-Safe Cell","Effect VFX for Fail-Safe Cell — Losing your shield triggers an emergency hull repair.. House VFX style: large, few, rounded particles — fat circles, chunky stars, thick rings. Never fine dust, realistic smoke, or lens flares. Additive glow clipped tight to the source. Flat saturated colour, no gradients past a subtle two-stop, nothing gritty. Must read clearly at 32px, never obscure a silhouette for more than ~200ms."
"artifact-ascension-matrix:icon","artifacts","keyed","Ascension Matrix","Artifact icon on transparent background, centered. Ascension Matrix — Every level gained permanently sharpens your aim.. House style: chibi-proportioned stylized 3D, flat toon/cel-shading (max two-tone gradient, no PBR falloff), rounded chunky forms with visible thickness, soft dark outline or additive drop-glow for edge separation (never a realistic cast shadow), saturated flat colour, no gradients past a subtle two-stop, no fine detail, no film grain/vignette/chromatic aberration/lens flare/dust/scratches. Silhouette must read clearly at 32px."
"artifact-ascension-matrix:vfx","artifacts","additive","Ascension Matrix","Effect VFX for Ascension Matrix — Every level gained permanently sharpens your aim.. House VFX style: large, few, rounded particles — fat circles, chunky stars, thick rings. Never fine dust, realistic smoke, or lens flares. Additive glow clipped tight to the source. Flat saturated colour, no gradients past a subtle two-stop, nothing gritty. Must read clearly at 32px, never obscure a silhouette for more than ~200ms."
"ember-core:icon","relics","keyed","Ember Core","Relic icon on transparent background, centered, otherworldly. Ember Core — undefined. House style: chibi-proportioned stylized 3D, flat toon/cel-shading (max two-tone gradient, no PBR falloff), rounded chunky forms with visible thickness, soft dark outline or additive drop-glow for edge separation (never a realistic cast shadow), saturated flat colour, no gradients past a subtle two-stop, no fine detail, no film grain/vignette/chromatic aberration/lens flare/dust/scratches. Silhouette must read clearly at 32px."
"frost-shard:icon","relics","keyed","Frost Shard","Relic icon on transparent background, centered, otherworldly. Frost Shard — undefined. House style: chibi-proportioned stylized 3D, flat toon/cel-shading (max two-tone gradient, no PBR falloff), rounded chunky forms with visible thickness, soft dark outline or additive drop-glow for edge separation (never a realistic cast shadow), saturated flat colour, no gradients past a subtle two-stop, no fine detail, no film grain/vignette/chromatic aberration/lens flare/dust/scratches. Silhouette must read clearly at 32px."
"cinder-heart:icon","relics","keyed","Cinder Heart","Relic icon on transparent background, centered, otherworldly. Cinder Heart — undefined. House style: chibi-proportioned stylized 3D, flat toon/cel-shading (max two-tone gradient, no PBR falloff), rounded chunky forms with visible thickness, soft dark outline or additive drop-glow for edge separation (never a realistic cast shadow), saturated flat colour, no gradients past a subtle two-stop, no fine detail, no film grain/vignette/chromatic aberration/lens flare/dust/scratches. Silhouette must read clearly at 32px."
"gambler-die:icon","relics","keyed","Gambler's Die","Relic icon on transparent background, centered, otherworldly. Gambler's Die — undefined. House style: chibi-proportioned stylized 3D, flat toon/cel-shading (max two-tone gradient, no PBR falloff), rounded chunky forms with visible thickness, soft dark outline or additive drop-glow for edge separation (never a realistic cast shadow), saturated flat colour, no gradients past a subtle two-stop, no fine detail, no film grain/vignette/chromatic aberration/lens flare/dust/scratches. Silhouette must read clearly at 32px."
"static-node:icon","relics","keyed","Static Node","Relic icon on transparent background, centered, otherworldly. Static Node — undefined. House style: chibi-proportioned stylized 3D, flat toon/cel-shading (max two-tone gradient, no PBR falloff), rounded chunky forms with visible thickness, soft dark outline or additive drop-glow for edge separation (never a realistic cast shadow), saturated flat colour, no gradients past a subtle two-stop, no fine detail, no film grain/vignette/chromatic aberration/lens flare/dust/scratches. Silhouette must read clearly at 32px."
"conduit-loop:icon","relics","keyed","Conduit Loop","Relic icon on transparent background, centered, otherworldly. Conduit Loop — undefined. House style: chibi-proportioned stylized 3D, flat toon/cel-shading (max two-tone gradient, no PBR falloff), rounded chunky forms with visible thickness, soft dark outline or additive drop-glow for edge separation (never a realistic cast shadow), saturated flat colour, no gradients past a subtle two-stop, no fine detail, no film grain/vignette/chromatic aberration/lens flare/dust/scratches. Silhouette must read clearly at 32px."
"warden-token:icon","relics","keyed","Warden's Token","Relic icon on transparent background, centered, otherworldly. Warden's Token — undefined. House style: chibi-proportioned stylized 3D, flat toon/cel-shading (max two-tone gradient, no PBR falloff), rounded chunky forms with visible thickness, soft dark outline or additive drop-glow for edge separation (never a realistic cast shadow), saturated flat colour, no gradients past a subtle two-stop, no fine detail, no film grain/vignette/chromatic aberration/lens flare/dust/scratches. Silhouette must read clearly at 32px."
"singularity-keepsake:icon","relics","keyed","Singularity Keepsake","Relic icon on transparent background, centered, otherworldly. Singularity Keepsake — undefined. House style: chibi-proportioned stylized 3D, flat toon/cel-shading (max two-tone gradient, no PBR falloff), rounded chunky forms with visible thickness, soft dark outline or additive drop-glow for edge separation (never a realistic cast shadow), saturated flat colour, no gradients past a subtle two-stop, no fine detail, no film grain/vignette/chromatic aberration/lens flare/dust/scratches. Silhouette must read clearly at 32px."
"veil-fragment:icon","relics","keyed","Veil Fragment","Relic icon on transparent background, centered, otherworldly. Veil Fragment — undefined. House style: chibi-proportioned stylized 3D, flat toon/cel-shading (max two-tone gradient, no PBR falloff), rounded chunky forms with visible thickness, soft dark outline or additive drop-glow for edge separation (never a realistic cast shadow), saturated flat colour, no gradients past a subtle two-stop, no fine detail, no film grain/vignette/chromatic aberration/lens flare/dust/scratches. Silhouette must read clearly at 32px."
"set-thermal-cycle:set-tell","relics","additive","Thermal Cycle","Set-bonus visual tell (aura/particle), additive, worn by the player when the ""Thermal Cycle"" relic set is active — undefined. House VFX style: large, few, rounded particles — fat circles, chunky stars, thick rings. Never fine dust, realistic smoke, or lens flares. Additive glow clipped tight to the source. Flat saturated colour, no gradients past a subtle two-stop, nothing gritty. Must read clearly at 32px, never obscure a silhouette for more than ~200ms."
"set-expedition-ledger:set-tell","relics","additive","Expedition Ledger","Set-bonus visual tell (aura/particle), additive, worn by the player when the ""Expedition Ledger"" relic set is active — undefined. House VFX style: large, few, rounded particles — fat circles, chunky stars, thick rings. Never fine dust, realistic smoke, or lens flares. Additive glow clipped tight to the source. Flat saturated colour, no gradients past a subtle two-stop, nothing gritty. Must read clearly at 32px, never obscure a silhouette for more than ~200ms."
"crystal-fields-alpha:background","biomes","fullbleed","Crystal Fields","Full-bleed background/environment art for the ""Crystal Fields"" biome. Silicate growths climb toward starlight that hasn't reached this system in a thousand years. Visual identity: lighting cool refracted violet; fog light, glassy haze; skybox shard-lit nebula; palette violet, pale blue, white; architecture grown lattice spires; vegetation none — crystalline growth stands in. House background style: flat saturated colour, no gradients past a subtle two-stop, no film grain/vignette/chromatic aberration/lens flare/dust/scratches. Bold simple shapes, no fine detail or naturalistic texture noise. Must stay clearly readable behind foreground sprites — it never competes with the silhouette."
"ancient-core:background","biomes","fullbleed","First Light","Full-bleed background/environment art for the ""First Light"" biome. They built a civilisation the size of a sky, wrote down everything they learned, and left the lights on. The library is still open. The librarians never stood down. NOTE: no visual identity authored yet for this biome — only lore exists; art direction must be decided before this prompt can be trusted as final. House background style: flat saturated colour, no gradients past a subtle two-stop, no film grain/vignette/chromatic aberration/lens flare/dust/scratches. Bold simple shapes, no fine detail or naturalistic texture noise. Must stay clearly readable behind foreground sprites — it never competes with the silhouette."
"crystal-expanse:background","biomes","fullbleed","Prismheart","Full-bleed background/environment art for the ""Prismheart"" biome. The valley refracts your own running lights back at you in colours they never had. Nothing here is hostile until you forget it's all one organism. NOTE: no visual identity authored yet for this biome — only lore exists; art direction must be decided before this prompt can be trusted as final. House background style: flat saturated colour, no gradients past a subtle two-stop, no film grain/vignette/chromatic aberration/lens flare/dust/scratches. Bold simple shapes, no fine detail or naturalistic texture noise. Must stay clearly readable behind foreground sprites — it never competes with the silhouette."
"derelict-expanse:background","biomes","fullbleed","Gravewake","Full-bleed background/environment art for the ""Gravewake"" biome. Millions of ships, thousands of years of losing. Some still transmit. Some are still sealed. Nothing here was ever salvaged, and nobody who studies the Expanse can agree on why. NOTE: no visual identity authored yet for this biome — only lore exists; art direction must be decided before this prompt can be trusted as final. House background style: flat saturated colour, no gradients past a subtle two-stop, no film grain/vignette/chromatic aberration/lens flare/dust/scratches. Bold simple shapes, no fine detail or naturalistic texture noise. Must stay clearly readable behind foreground sprites — it never competes with the silhouette."
"meridian-rest-frontier:background","biomes","fullbleed","Meridian Rest","Full-bleed background/environment art for the ""Meridian Rest"" biome. Half the station lights still work, and every one of them is on. The frontier rebuilds in public, so the dark can see it hasn't won. NOTE: no visual identity authored yet for this biome — only lore exists; art direction must be decided before this prompt can be trusted as final. House background style: flat saturated colour, no gradients past a subtle two-stop, no film grain/vignette/chromatic aberration/lens flare/dust/scratches. Bold simple shapes, no fine detail or naturalistic texture noise. Must stay clearly readable behind foreground sprites — it never competes with the silhouette."
"frozen-reach:background","biomes","fullbleed","Winterline","Full-bleed background/environment art for the ""Winterline"" biome. The colonies here saw the Collapse coming and chose suspension over escape. Kilometres under the ice, the lights are still on, the instruments still recording. They are all still waiting. Visual identity: lighting flat cold white; fog dense, low-lying; skybox pale overcast; palette white, grey-blue; architecture expedition-white weathered stations; vegetation none. House background style: flat saturated colour, no gradients past a subtle two-stop, no film grain/vignette/chromatic aberration/lens flare/dust/scratches. Bold simple shapes, no fine detail or naturalistic texture noise. Must stay clearly readable behind foreground sprites — it never competes with the silhouette."
"living-ecospheres:background","biomes","fullbleed","Verdance","Full-bleed background/environment art for the ""Verdance"" biome. The planet noticed you before you made orbit. The forests are its nerves, the rivers its blood, the wildlife its immune system. You are not exploring it. It is examining you. NOTE: no visual identity authored yet for this biome — only lore exists; art direction must be decided before this prompt can be trusted as final. House background style: flat saturated colour, no gradients past a subtle two-stop, no film grain/vignette/chromatic aberration/lens flare/dust/scratches. Bold simple shapes, no fine detail or naturalistic texture noise. Must stay clearly readable behind foreground sprites — it never competes with the silhouette."
"machine-expanse:background","biomes","fullbleed","Forge Primus","Full-bleed background/environment art for the ""Forge Primus"" biome. The factory noticed you eleven minutes ago. It has not stopped working. It has never stopped working. You are simply not yet a scheduled task. NOTE: no visual identity authored yet for this biome — only lore exists; art direction must be decided before this prompt can be trusted as final. House background style: flat saturated colour, no gradients past a subtle two-stop, no film grain/vignette/chromatic aberration/lens flare/dust/scratches. Bold simple shapes, no fine detail or naturalistic texture noise. Must stay clearly readable behind foreground sprites — it never competes with the silhouette."
"singularity-zone:background","biomes","fullbleed","Axiom","Full-bleed background/environment art for the ""Axiom"" biome. Past the precursors' last light, physics stops being a description and becomes a negotiation. The Zone is not breaking the laws of reality. It is drafting new ones, continuously, and you are standing inside the draft. NOTE: no visual identity authored yet for this biome — only lore exists; art direction must be decided before this prompt can be trusted as final. House background style: flat saturated colour, no gradients past a subtle two-stop, no film grain/vignette/chromatic aberration/lens flare/dust/scratches. Bold simple shapes, no fine detail or naturalistic texture noise. Must stay clearly readable behind foreground sprites — it never competes with the silhouette."
"solar-wastes:background","biomes","fullbleed","Cinderfall","Full-bleed background/environment art for the ""Cinderfall"" biome. The star has perhaps ten thousand years left, which is nothing. Everyone who could leave, left. Everyone still here is fighting over what the leavers couldn't carry. NOTE: no visual identity authored yet for this biome — only lore exists; art direction must be decided before this prompt can be trusted as final. House background style: flat saturated colour, no gradients past a subtle two-stop, no film grain/vignette/chromatic aberration/lens flare/dust/scratches. Bold simple shapes, no fine detail or naturalistic texture noise. Must stay clearly readable behind foreground sprites — it never competes with the silhouette."
"void-expanse:background","biomes","fullbleed","Hollow Crown","Full-bleed background/environment art for the ""Hollow Crown"" biome. The stars here did not go out. They went elsewhere. What is left keeps their shapes the way a footprint keeps a foot. NOTE: no visual identity authored yet for this biome — only lore exists; art direction must be decided before this prompt can be trusted as final. House background style: flat saturated colour, no gradients past a subtle two-stop, no film grain/vignette/chromatic aberration/lens flare/dust/scratches. Bold simple shapes, no fine detail or naturalistic texture noise. Must stay clearly readable behind foreground sprites — it never competes with the silhouette."
"biome-weather:Ancient Core:solarStreams","biome-weather","additive","solarStreams","Weather VFX (additive) ""solarStreams"". House VFX style: large, few, rounded particles — fat circles, chunky stars, thick rings. Never fine dust, realistic smoke, or lens flares. Additive glow clipped tight to the source. Flat saturated colour, no gradients past a subtle two-stop, nothing gritty. Must read clearly at 32px, never obscure a silhouette for more than ~200ms."
"biome-weather:Ancient Core:energyRain","biome-weather","additive","energyRain","Weather VFX (additive) ""energyRain"". House VFX style: large, few, rounded particles — fat circles, chunky stars, thick rings. Never fine dust, realistic smoke, or lens flares. Additive glow clipped tight to the source. Flat saturated colour, no gradients past a subtle two-stop, nothing gritty. Must read clearly at 32px, never obscure a silhouette for more than ~200ms."
"biome-weather:Ancient Core:quantumResonance","biome-weather","additive","quantumResonance","Weather VFX (additive) ""quantumResonance"". House VFX style: large, few, rounded particles — fat circles, chunky stars, thick rings. Never fine dust, realistic smoke, or lens flares. Additive glow clipped tight to the source. Flat saturated colour, no gradients past a subtle two-stop, nothing gritty. Must read clearly at 32px, never obscure a silhouette for more than ~200ms."
"biome-weather:Ancient Core:gravityHarmony","biome-weather","additive","gravityHarmony","Weather VFX (additive) ""gravityHarmony"". House VFX style: large, few, rounded particles — fat circles, chunky stars, thick rings. Never fine dust, realistic smoke, or lens flares. Additive glow clipped tight to the source. Flat saturated colour, no gradients past a subtle two-stop, nothing gritty. Must read clearly at 32px, never obscure a silhouette for more than ~200ms."
"biome-weather:Ancient Core:lightBloom","biome-weather","additive","lightBloom","Weather VFX (additive) ""lightBloom"". House VFX style: large, few, rounded particles — fat circles, chunky stars, thick rings. Never fine dust, realistic smoke, or lens flares. Additive glow clipped tight to the source. Flat saturated colour, no gradients past a subtle two-stop, nothing gritty. Must read clearly at 32px, never obscure a silhouette for more than ~200ms."
"biome-weather:Ancient Core:stellarWinds","biome-weather","additive","stellarWinds","Weather VFX (additive) ""stellarWinds"". House VFX style: large, few, rounded particles — fat circles, chunky stars, thick rings. Never fine dust, realistic smoke, or lens flares. Additive glow clipped tight to the source. Flat saturated colour, no gradients past a subtle two-stop, nothing gritty. Must read clearly at 32px, never obscure a silhouette for more than ~200ms."
"biome-weather:Ancient Core:ancientEnergyPulses","biome-weather","additive","ancientEnergyPulses","Weather VFX (additive) ""ancientEnergyPulses"". House VFX style: large, few, rounded particles — fat circles, chunky stars, thick rings. Never fine dust, realistic smoke, or lens flares. Additive glow clipped tight to the source. Flat saturated colour, no gradients past a subtle two-stop, nothing gritty. Must read clearly at 32px, never obscure a silhouette for more than ~200ms."
"biome-hazard:Ancient Core:securityFields","biome-hazards","additive","securityFields","Environmental hazard art (additive trigger VFX) ""securityFields"". House VFX style: large, few, rounded particles — fat circles, chunky stars, thick rings. Never fine dust, realistic smoke, or lens flares. Additive glow clipped tight to the source. Flat saturated colour, no gradients past a subtle two-stop, nothing gritty. Must read clearly at 32px, never obscure a silhouette for more than ~200ms."
"biome-hazard:Ancient Core:energyBridges","biome-hazards","additive","energyBridges","Environmental hazard art (additive trigger VFX) ""energyBridges"". House VFX style: large, few, rounded particles — fat circles, chunky stars, thick rings. Never fine dust, realistic smoke, or lens flares. Additive glow clipped tight to the source. Flat saturated colour, no gradients past a subtle two-stop, nothing gritty. Must read clearly at 32px, never obscure a silhouette for more than ~200ms."
"biome-hazard:Ancient Core:quantumGates","biome-hazards","additive","quantumGates","Environmental hazard art (additive trigger VFX) ""quantumGates"". House VFX style: large, few, rounded particles — fat circles, chunky stars, thick rings. Never fine dust, realistic smoke, or lens flares. Additive glow clipped tight to the source. Flat saturated colour, no gradients past a subtle two-stop, nothing gritty. Must read clearly at 32px, never obscure a silhouette for more than ~200ms."
"biome-hazard:Ancient Core:gravityWells","biome-hazards","additive","gravityWells","Environmental hazard art (additive trigger VFX) ""gravityWells"". House VFX style: large, few, rounded particles — fat circles, chunky stars, thick rings. Never fine dust, realistic smoke, or lens flares. Additive glow clipped tight to the source. Flat saturated colour, no gradients past a subtle two-stop, nothing gritty. Must read clearly at 32px, never obscure a silhouette for more than ~200ms."
"biome-hazard:Ancient Core:guardianArrays","biome-hazards","additive","guardianArrays","Environmental hazard art (additive trigger VFX) ""guardianArrays"". House VFX style: large, few, rounded particles — fat circles, chunky stars, thick rings. Never fine dust, realistic smoke, or lens flares. Additive glow clipped tight to the source. Flat saturated colour, no gradients past a subtle two-stop, nothing gritty. Must read clearly at 32px, never obscure a silhouette for more than ~200ms."
"biome-hazard:Ancient Core:defenceLasers","biome-hazards","additive","defenceLasers","Environmental hazard art (additive trigger VFX) ""defenceLasers"". House VFX style: large, few, rounded particles — fat circles, chunky stars, thick rings. Never fine dust, realistic smoke, or lens flares. Additive glow clipped tight to the source. Flat saturated colour, no gradients past a subtle two-stop, nothing gritty. Must read clearly at 32px, never obscure a silhouette for more than ~200ms."
"biome-hazard:Ancient Core:collapsingPlatforms","biome-hazards","additive","collapsingPlatforms","Environmental hazard art (additive trigger VFX) ""collapsingPlatforms"". House VFX style: large, few, rounded particles — fat circles, chunky stars, thick rings. Never fine dust, realistic smoke, or lens flares. Additive glow clipped tight to the source. Flat saturated colour, no gradients past a subtle two-stop, nothing gritty. Must read clearly at 32px, never obscure a silhouette for more than ~200ms."
"biome-hazard:Ancient Core:temporalLocks","biome-hazards","additive","temporalLocks","Environmental hazard art (additive trigger VFX) ""temporalLocks"". House VFX style: large, few, rounded particles — fat circles, chunky stars, thick rings. Never fine dust, realistic smoke, or lens flares. Additive glow clipped tight to the source. Flat saturated colour, no gradients past a subtle two-stop, nothing gritty. Must read clearly at 32px, never obscure a silhouette for more than ~200ms."
"biome-poi:Ancient Core:planetaryLibraries","biome-poi","keyed","planetaryLibraries","Discovery/landmark icon or set-piece art (keyed) for ""planetaryLibraries"". House style: chibi-proportioned stylized 3D, flat toon/cel-shading (max two-tone gradient, no PBR falloff), rounded chunky forms with visible thickness, soft dark outline or additive drop-glow for edge separation (never a realistic cast shadow), saturated flat colour, no gradients past a subtle two-stop, no fine detail, no film grain/vignette/chromatic aberration/lens flare/dust/scratches. Silhouette must read clearly at 32px."
"biome-poi:Ancient Core:stellarObservatories","biome-poi","keyed","stellarObservatories","Discovery/landmark icon or set-piece art (keyed) for ""stellarObservatories"". House style: chibi-proportioned stylized 3D, flat toon/cel-shading (max two-tone gradient, no PBR falloff), rounded chunky forms with visible thickness, soft dark outline or additive drop-glow for edge separation (never a realistic cast shadow), saturated flat colour, no gradients past a subtle two-stop, no fine detail, no film grain/vignette/chromatic aberration/lens flare/dust/scratches. Silhouette must read clearly at 32px."
"biome-poi:Ancient Core:ancientCouncils","biome-poi","keyed","ancientCouncils","Discovery/landmark icon or set-piece art (keyed) for ""ancientCouncils"". House style: chibi-proportioned stylized 3D, flat toon/cel-shading (max two-tone gradient, no PBR falloff), rounded chunky forms with visible thickness, soft dark outline or additive drop-glow for edge separation (never a realistic cast shadow), saturated flat colour, no gradients past a subtle two-stop, no fine detail, no film grain/vignette/chromatic aberration/lens flare/dust/scratches. Silhouette must read clearly at 32px."
"biome-poi:Ancient Core:knowledgeWells","biome-poi","keyed","knowledgeWells","Discovery/landmark icon or set-piece art (keyed) for ""knowledgeWells"". House style: chibi-proportioned stylized 3D, flat toon/cel-shading (max two-tone gradient, no PBR falloff), rounded chunky forms with visible thickness, soft dark outline or additive drop-glow for edge separation (never a realistic cast shadow), saturated flat colour, no gradients past a subtle two-stop, no fine detail, no film grain/vignette/chromatic aberration/lens flare/dust/scratches. Silhouette must read clearly at 32px."
"biome-poi:Ancient Core:guardianTemples","biome-poi","keyed","guardianTemples","Discovery/landmark icon or set-piece art (keyed) for ""guardianTemples"". House style: chibi-proportioned stylized 3D, flat toon/cel-shading (max two-tone gradient, no PBR falloff), rounded chunky forms with visible thickness, soft dark outline or additive drop-glow for edge separation (never a realistic cast shadow), saturated flat colour, no gradients past a subtle two-stop, no fine detail, no film grain/vignette/chromatic aberration/lens flare/dust/scratches. Silhouette must read clearly at 32px."
"biome-poi:Ancient Core:quantumBridges","biome-poi","keyed","quantumBridges","Discovery/landmark icon or set-piece art (keyed) for ""quantumBridges"". House style: chibi-proportioned stylized 3D, flat toon/cel-shading (max two-tone gradient, no PBR falloff), rounded chunky forms with visible thickness, soft dark outline or additive drop-glow for edge separation (never a realistic cast shadow), saturated flat colour, no gradients past a subtle two-stop, no fine detail, no film grain/vignette/chromatic aberration/lens flare/dust/scratches. Silhouette must read clearly at 32px."
"biome-poi:Ancient Core:memoryArchives","biome-poi","keyed","memoryArchives","Discovery/landmark icon or set-piece art (keyed) for ""memoryArchives"". House style: chibi-proportioned stylized 3D, flat toon/cel-shading (max two-tone gradient, no PBR falloff), rounded chunky forms with visible thickness, soft dark outline or additive drop-glow for edge separation (never a realistic cast shadow), saturated flat colour, no gradients past a subtle two-stop, no fine detail, no film grain/vignette/chromatic aberration/lens flare/dust/scratches. Silhouette must read clearly at 32px."
"biome-poi:Ancient Core:civilisationMonuments","biome-poi","keyed","civilisationMonuments","Discovery/landmark icon or set-piece art (keyed) for ""civilisationMonuments"". House style: chibi-proportioned stylized 3D, flat toon/cel-shading (max two-tone gradient, no PBR falloff), rounded chunky forms with visible thickness, soft dark outline or additive drop-glow for edge separation (never a realistic cast shadow), saturated flat colour, no gradients past a subtle two-stop, no fine detail, no film grain/vignette/chromatic aberration/lens flare/dust/scratches. Silhouette must read clearly at 32px."
"biome-weather:Crystal Expanse:crystalRain","biome-weather","additive","crystalRain","Weather VFX (additive) ""crystalRain"". House VFX style: large, few, rounded particles — fat circles, chunky stars, thick rings. Never fine dust, realistic smoke, or lens flares. Additive glow clipped tight to the source. Flat saturated colour, no gradients past a subtle two-stop, nothing gritty. Must read clearly at 32px, never obscure a silhouette for more than ~200ms."
"biome-weather:Crystal Expanse:prismaticStorms","biome-weather","additive","prismaticStorms","Weather VFX (additive) ""prismaticStorms"". House VFX style: large, few, rounded particles — fat circles, chunky stars, thick rings. Never fine dust, realistic smoke, or lens flares. Additive glow clipped tight to the source. Flat saturated colour, no gradients past a subtle two-stop, nothing gritty. Must read clearly at 32px, never obscure a silhouette for more than ~200ms."
"biome-weather:Crystal Expanse:energyWinds","biome-weather","additive","energyWinds","Weather VFX (additive) ""energyWinds"". House VFX style: large, few, rounded particles — fat circles, chunky stars, thick rings. Never fine dust, realistic smoke, or lens flares. Additive glow clipped tight to the source. Flat saturated colour, no gradients past a subtle two-stop, nothing gritty. Must read clearly at 32px, never obscure a silhouette for more than ~200ms."
"biome-weather:Crystal Expanse:resonancePulses","biome-weather","additive","resonancePulses","Weather VFX (additive) ""resonancePulses"". House VFX style: large, few, rounded particles — fat circles, chunky stars, thick rings. Never fine dust, realistic smoke, or lens flares. Additive glow clipped tight to the source. Flat saturated colour, no gradients past a subtle two-stop, nothing gritty. Must read clearly at 32px, never obscure a silhouette for more than ~200ms."
"biome-weather:Crystal Expanse:lightBloom","biome-weather","additive","lightBloom","Weather VFX (additive) ""lightBloom"". House VFX style: large, few, rounded particles — fat circles, chunky stars, thick rings. Never fine dust, realistic smoke, or lens flares. Additive glow clipped tight to the source. Flat saturated colour, no gradients past a subtle two-stop, nothing gritty. Must read clearly at 32px, never obscure a silhouette for more than ~200ms."
"biome-weather:Crystal Expanse:crystalMist","biome-weather","additive","crystalMist","Weather VFX (additive) ""crystalMist"". House VFX style: large, few, rounded particles — fat circles, chunky stars, thick rings. Never fine dust, realistic smoke, or lens flares. Additive glow clipped tight to the source. Flat saturated colour, no gradients past a subtle two-stop, nothing gritty. Must read clearly at 32px, never obscure a silhouette for more than ~200ms."
"biome-weather:Crystal Expanse:solarRefraction","biome-weather","additive","solarRefraction","Weather VFX (additive) ""solarRefraction"". House VFX style: large, few, rounded particles — fat circles, chunky stars, thick rings. Never fine dust, realistic smoke, or lens flares. Additive glow clipped tight to the source. Flat saturated colour, no gradients past a subtle two-stop, nothing gritty. Must read clearly at 32px, never obscure a silhouette for more than ~200ms."
"biome-hazard:Crystal Expanse:growingCrystalWalls","biome-hazards","additive","growingCrystalWalls","Environmental hazard art (additive trigger VFX) ""growingCrystalWalls"". House VFX style: large, few, rounded particles — fat circles, chunky stars, thick rings. Never fine dust, realistic smoke, or lens flares. Additive glow clipped tight to the source. Flat saturated colour, no gradients past a subtle two-stop, nothing gritty. Must read clearly at 32px, never obscure a silhouette for more than ~200ms."
"biome-hazard:Crystal Expanse:reflectiveShards","biome-hazards","additive","reflectiveShards","Environmental hazard art (additive trigger VFX) ""reflectiveShards"". House VFX style: large, few, rounded particles — fat circles, chunky stars, thick rings. Never fine dust, realistic smoke, or lens flares. Additive glow clipped tight to the source. Flat saturated colour, no gradients past a subtle two-stop, nothing gritty. Must read clearly at 32px, never obscure a silhouette for more than ~200ms."
"biome-hazard:Crystal Expanse:energyEruptions","biome-hazards","additive","energyEruptions","Environmental hazard art (additive trigger VFX) ""energyEruptions"". House VFX style: large, few, rounded particles — fat circles, chunky stars, thick rings. Never fine dust, realistic smoke, or lens flares. Additive glow clipped tight to the source. Flat saturated colour, no gradients past a subtle two-stop, nothing gritty. Must read clearly at 32px, never obscure a silhouette for more than ~200ms."
"biome-hazard:Crystal Expanse:resonanceFields","biome-hazards","additive","resonanceFields","Environmental hazard art (additive trigger VFX) ""resonanceFields"". House VFX style: large, few, rounded particles — fat circles, chunky stars, thick rings. Never fine dust, realistic smoke, or lens flares. Additive glow clipped tight to the source. Flat saturated colour, no gradients past a subtle two-stop, nothing gritty. Must read clearly at 32px, never obscure a silhouette for more than ~200ms."
"biome-hazard:Crystal Expanse:crystalExplosions","biome-hazards","additive","crystalExplosions","Environmental hazard art (additive trigger VFX) ""crystalExplosions"". House VFX style: large, few, rounded particles — fat circles, chunky stars, thick rings. Never fine dust, realistic smoke, or lens flares. Additive glow clipped tight to the source. Flat saturated colour, no gradients past a subtle two-stop, nothing gritty. Must read clearly at 32px, never obscure a silhouette for more than ~200ms."
"biome-hazard:Crystal Expanse:collapsingFormations","biome-hazards","additive","collapsingFormations","Environmental hazard art (additive trigger VFX) ""collapsingFormations"". House VFX style: large, few, rounded particles — fat circles, chunky stars, thick rings. Never fine dust, realistic smoke, or lens flares. Additive glow clipped tight to the source. Flat saturated colour, no gradients past a subtle two-stop, nothing gritty. Must read clearly at 32px, never obscure a silhouette for more than ~200ms."
"biome-hazard:Crystal Expanse:prismaticLasers","biome-hazards","additive","prismaticLasers","Environmental hazard art (additive trigger VFX) ""prismaticLasers"". House VFX style: large, few, rounded particles — fat circles, chunky stars, thick rings. Never fine dust, realistic smoke, or lens flares. Additive glow clipped tight to the source. Flat saturated colour, no gradients past a subtle two-stop, nothing gritty. Must read clearly at 32px, never obscure a silhouette for more than ~200ms."
"biome-hazard:Crystal Expanse:livingTerrain","biome-hazards","additive","livingTerrain","Environmental hazard art (additive trigger VFX) ""livingTerrain"". House VFX style: large, few, rounded particles — fat circles, chunky stars, thick rings. Never fine dust, realistic smoke, or lens flares. Additive glow clipped tight to the source. Flat saturated colour, no gradients past a subtle two-stop, nothing gritty. Must read clearly at 32px, never obscure a silhouette for more than ~200ms."
"biome-poi:Crystal Expanse:resonanceWells","biome-poi","keyed","resonanceWells","Discovery/landmark icon or set-piece art (keyed) for ""resonanceWells"". House style: chibi-proportioned stylized 3D, flat toon/cel-shading (max two-tone gradient, no PBR falloff), rounded chunky forms with visible thickness, soft dark outline or additive drop-glow for edge separation (never a realistic cast shadow), saturated flat colour, no gradients past a subtle two-stop, no fine detail, no film grain/vignette/chromatic aberration/lens flare/dust/scratches. Silhouette must read clearly at 32px."
"biome-poi:Crystal Expanse:livingMonoliths","biome-poi","keyed","livingMonoliths","Discovery/landmark icon or set-piece art (keyed) for ""livingMonoliths"". House style: chibi-proportioned stylized 3D, flat toon/cel-shading (max two-tone gradient, no PBR falloff), rounded chunky forms with visible thickness, soft dark outline or additive drop-glow for edge separation (never a realistic cast shadow), saturated flat colour, no gradients past a subtle two-stop, no fine detail, no film grain/vignette/chromatic aberration/lens flare/dust/scratches. Silhouette must read clearly at 32px."
"biome-poi:Crystal Expanse:ancientCrystalArchives","biome-poi","keyed","ancientCrystalArchives","Discovery/landmark icon or set-piece art (keyed) for ""ancientCrystalArchives"". House style: chibi-proportioned stylized 3D, flat toon/cel-shading (max two-tone gradient, no PBR falloff), rounded chunky forms with visible thickness, soft dark outline or additive drop-glow for edge separation (never a realistic cast shadow), saturated flat colour, no gradients past a subtle two-stop, no fine detail, no film grain/vignette/chromatic aberration/lens flare/dust/scratches. Silhouette must read clearly at 32px."
"biome-poi:Crystal Expanse:energyBridges","biome-poi","keyed","energyBridges","Discovery/landmark icon or set-piece art (keyed) for ""energyBridges"". House style: chibi-proportioned stylized 3D, flat toon/cel-shading (max two-tone gradient, no PBR falloff), rounded chunky forms with visible thickness, soft dark outline or additive drop-glow for edge separation (never a realistic cast shadow), saturated flat colour, no gradients past a subtle two-stop, no fine detail, no film grain/vignette/chromatic aberration/lens flare/dust/scratches. Silhouette must read clearly at 32px."
"biome-poi:Crystal Expanse:crystalBloomSites","biome-poi","keyed","crystalBloomSites","Discovery/landmark icon or set-piece art (keyed) for ""crystalBloomSites"". House style: chibi-proportioned stylized 3D, flat toon/cel-shading (max two-tone gradient, no PBR falloff), rounded chunky forms with visible thickness, soft dark outline or additive drop-glow for edge separation (never a realistic cast shadow), saturated flat colour, no gradients past a subtle two-stop, no fine detail, no film grain/vignette/chromatic aberration/lens flare/dust/scratches. Silhouette must read clearly at 32px."
"biome-poi:Crystal Expanse:hiddenCaverns","biome-poi","keyed","hiddenCaverns","Discovery/landmark icon or set-piece art (keyed) for ""hiddenCaverns"". House style: chibi-proportioned stylized 3D, flat toon/cel-shading (max two-tone gradient, no PBR falloff), rounded chunky forms with visible thickness, soft dark outline or additive drop-glow for edge separation (never a realistic cast shadow), saturated flat colour, no gradients past a subtle two-stop, no fine detail, no film grain/vignette/chromatic aberration/lens flare/dust/scratches. Silhouette must read clearly at 32px."
"biome-poi:Crystal Expanse:planetaryHeartChambers","biome-poi","keyed","planetaryHeartChambers","Discovery/landmark icon or set-piece art (keyed) for ""planetaryHeartChambers"". House style: chibi-proportioned stylized 3D, flat toon/cel-shading (max two-tone gradient, no PBR falloff), rounded chunky forms with visible thickness, soft dark outline or additive drop-glow for edge separation (never a realistic cast shadow), saturated flat colour, no gradients past a subtle two-stop, no fine detail, no film grain/vignette/chromatic aberration/lens flare/dust/scratches. Silhouette must read clearly at 32px."
"biome-poi:Crystal Expanse:prismaticSanctuaries","biome-poi","keyed","prismaticSanctuaries","Discovery/landmark icon or set-piece art (keyed) for ""prismaticSanctuaries"". House style: chibi-proportioned stylized 3D, flat toon/cel-shading (max two-tone gradient, no PBR falloff), rounded chunky forms with visible thickness, soft dark outline or additive drop-glow for edge separation (never a realistic cast shadow), saturated flat colour, no gradients past a subtle two-stop, no fine detail, no film grain/vignette/chromatic aberration/lens flare/dust/scratches. Silhouette must read clearly at 32px."
"biome-weather:Derelict Expanse:debrisStorms","biome-weather","additive","debrisStorms","Weather VFX (additive) ""debrisStorms"". House VFX style: large, few, rounded particles — fat circles, chunky stars, thick rings. Never fine dust, realistic smoke, or lens flares. Additive glow clipped tight to the source. Flat saturated colour, no gradients past a subtle two-stop, nothing gritty. Must read clearly at 32px, never obscure a silhouette for more than ~200ms."
"biome-weather:Derelict Expanse:electromagneticClouds","biome-weather","additive","electromagneticClouds","Weather VFX (additive) ""electromagneticClouds"". House VFX style: large, few, rounded particles — fat circles, chunky stars, thick rings. Never fine dust, realistic smoke, or lens flares. Additive glow clipped tight to the source. Flat saturated colour, no gradients past a subtle two-stop, nothing gritty. Must read clearly at 32px, never obscure a silhouette for more than ~200ms."
"biome-weather:Derelict Expanse:microMeteorFields","biome-weather","additive","microMeteorFields","Weather VFX (additive) ""microMeteorFields"". House VFX style: large, few, rounded particles — fat circles, chunky stars, thick rings. Never fine dust, realistic smoke, or lens flares. Additive glow clipped tight to the source. Flat saturated colour, no gradients past a subtle two-stop, nothing gritty. Must read clearly at 32px, never obscure a silhouette for more than ~200ms."
"biome-weather:Derelict Expanse:staticDisturbance","biome-weather","additive","staticDisturbance","Weather VFX (additive) ""staticDisturbance"". House VFX style: large, few, rounded particles — fat circles, chunky stars, thick rings. Never fine dust, realistic smoke, or lens flares. Additive glow clipped tight to the source. Flat saturated colour, no gradients past a subtle two-stop, nothing gritty. Must read clearly at 32px, never obscure a silhouette for more than ~200ms."
"biome-weather:Derelict Expanse:sensorInterference","biome-weather","additive","sensorInterference","Weather VFX (additive) ""sensorInterference"". House VFX style: large, few, rounded particles — fat circles, chunky stars, thick rings. Never fine dust, realistic smoke, or lens flares. Additive glow clipped tight to the source. Flat saturated colour, no gradients past a subtle two-stop, nothing gritty. Must read clearly at 32px, never obscure a silhouette for more than ~200ms."
"biome-weather:Derelict Expanse:powerFluctuations","biome-weather","additive","powerFluctuations","Weather VFX (additive) ""powerFluctuations"". House VFX style: large, few, rounded particles — fat circles, chunky stars, thick rings. Never fine dust, realistic smoke, or lens flares. Additive glow clipped tight to the source. Flat saturated colour, no gradients past a subtle two-stop, nothing gritty. Must read clearly at 32px, never obscure a silhouette for more than ~200ms."
"biome-weather:Derelict Expanse:ionDust","biome-weather","additive","ionDust","Weather VFX (additive) ""ionDust"". House VFX style: large, few, rounded particles — fat circles, chunky stars, thick rings. Never fine dust, realistic smoke, or lens flares. Additive glow clipped tight to the source. Flat saturated colour, no gradients past a subtle two-stop, nothing gritty. Must read clearly at 32px, never obscure a silhouette for more than ~200ms."
"biome-hazard:Derelict Expanse:hullExplosions","biome-hazards","additive","hullExplosions","Environmental hazard art (additive trigger VFX) ""hullExplosions"". House VFX style: large, few, rounded particles — fat circles, chunky stars, thick rings. Never fine dust, realistic smoke, or lens flares. Additive glow clipped tight to the source. Flat saturated colour, no gradients past a subtle two-stop, nothing gritty. Must read clearly at 32px, never obscure a silhouette for more than ~200ms."
"biome-hazard:Derelict Expanse:reactorLeaks","biome-hazards","additive","reactorLeaks","Environmental hazard art (additive trigger VFX) ""reactorLeaks"". House VFX style: large, few, rounded particles — fat circles, chunky stars, thick rings. Never fine dust, realistic smoke, or lens flares. Additive glow clipped tight to the source. Flat saturated colour, no gradients past a subtle two-stop, nothing gritty. Must read clearly at 32px, never obscure a silhouette for more than ~200ms."
"biome-hazard:Derelict Expanse:electricalDischarge","biome-hazards","additive","electricalDischarge","Environmental hazard art (additive trigger VFX) ""electricalDischarge"". House VFX style: large, few, rounded particles — fat circles, chunky stars, thick rings. Never fine dust, realistic smoke, or lens flares. Additive glow clipped tight to the source. Flat saturated colour, no gradients past a subtle two-stop, nothing gritty. Must read clearly at 32px, never obscure a silhouette for more than ~200ms."
"biome-hazard:Derelict Expanse:floatingDebris","biome-hazards","additive","floatingDebris","Environmental hazard art (additive trigger VFX) ""floatingDebris"". House VFX style: large, few, rounded particles — fat circles, chunky stars, thick rings. Never fine dust, realistic smoke, or lens flares. Additive glow clipped tight to the source. Flat saturated colour, no gradients past a subtle two-stop, nothing gritty. Must read clearly at 32px, never obscure a silhouette for more than ~200ms."
"biome-hazard:Derelict Expanse:brokenGravityFields","biome-hazards","additive","brokenGravityFields","Environmental hazard art (additive trigger VFX) ""brokenGravityFields"". House VFX style: large, few, rounded particles — fat circles, chunky stars, thick rings. Never fine dust, realistic smoke, or lens flares. Additive glow clipped tight to the source. Flat saturated colour, no gradients past a subtle two-stop, nothing gritty. Must read clearly at 32px, never obscure a silhouette for more than ~200ms."
"biome-hazard:Derelict Expanse:radiationPockets","biome-hazards","additive","radiationPockets","Environmental hazard art (additive trigger VFX) ""radiationPockets"". House VFX style: large, few, rounded particles — fat circles, chunky stars, thick rings. Never fine dust, realistic smoke, or lens flares. Additive glow clipped tight to the source. Flat saturated colour, no gradients past a subtle two-stop, nothing gritty. Must read clearly at 32px, never obscure a silhouette for more than ~200ms."
"biome-hazard:Derelict Expanse:fuelFires","biome-hazards","additive","fuelFires","Environmental hazard art (additive trigger VFX) ""fuelFires"". House VFX style: large, few, rounded particles — fat circles, chunky stars, thick rings. Never fine dust, realistic smoke, or lens flares. Additive glow clipped tight to the source. Flat saturated colour, no gradients past a subtle two-stop, nothing gritty. Must read clearly at 32px, never obscure a silhouette for more than ~200ms."
"biome-hazard:Derelict Expanse:unstableWreckage","biome-hazards","additive","unstableWreckage","Environmental hazard art (additive trigger VFX) ""unstableWreckage"". House VFX style: large, few, rounded particles — fat circles, chunky stars, thick rings. Never fine dust, realistic smoke, or lens flares. Additive glow clipped tight to the source. Flat saturated colour, no gradients past a subtle two-stop, nothing gritty. Must read clearly at 32px, never obscure a silhouette for more than ~200ms."
"biome-poi:Derelict Expanse:ghostCarriers","biome-poi","keyed","ghostCarriers","Discovery/landmark icon or set-piece art (keyed) for ""ghostCarriers"". House style: chibi-proportioned stylized 3D, flat toon/cel-shading (max two-tone gradient, no PBR falloff), rounded chunky forms with visible thickness, soft dark outline or additive drop-glow for edge separation (never a realistic cast shadow), saturated flat colour, no gradients past a subtle two-stop, no fine detail, no film grain/vignette/chromatic aberration/lens flare/dust/scratches. Silhouette must read clearly at 32px."
"biome-poi:Derelict Expanse:abandonedBridges","biome-poi","keyed","abandonedBridges","Discovery/landmark icon or set-piece art (keyed) for ""abandonedBridges"". House style: chibi-proportioned stylized 3D, flat toon/cel-shading (max two-tone gradient, no PBR falloff), rounded chunky forms with visible thickness, soft dark outline or additive drop-glow for edge separation (never a realistic cast shadow), saturated flat colour, no gradients past a subtle two-stop, no fine detail, no film grain/vignette/chromatic aberration/lens flare/dust/scratches. Silhouette must read clearly at 32px."
"biome-poi:Derelict Expanse:cryoEscapePods","biome-poi","keyed","cryoEscapePods","Discovery/landmark icon or set-piece art (keyed) for ""cryoEscapePods"". House style: chibi-proportioned stylized 3D, flat toon/cel-shading (max two-tone gradient, no PBR falloff), rounded chunky forms with visible thickness, soft dark outline or additive drop-glow for edge separation (never a realistic cast shadow), saturated flat colour, no gradients past a subtle two-stop, no fine detail, no film grain/vignette/chromatic aberration/lens flare/dust/scratches. Silhouette must read clearly at 32px."
"biome-poi:Derelict Expanse:fleetCommandShips","biome-poi","keyed","fleetCommandShips","Discovery/landmark icon or set-piece art (keyed) for ""fleetCommandShips"". House style: chibi-proportioned stylized 3D, flat toon/cel-shading (max two-tone gradient, no PBR falloff), rounded chunky forms with visible thickness, soft dark outline or additive drop-glow for edge separation (never a realistic cast shadow), saturated flat colour, no gradients past a subtle two-stop, no fine detail, no film grain/vignette/chromatic aberration/lens flare/dust/scratches. Silhouette must read clearly at 32px."
"biome-poi:Derelict Expanse:prototypeHangars","biome-poi","keyed","prototypeHangars","Discovery/landmark icon or set-piece art (keyed) for ""prototypeHangars"". House style: chibi-proportioned stylized 3D, flat toon/cel-shading (max two-tone gradient, no PBR falloff), rounded chunky forms with visible thickness, soft dark outline or additive drop-glow for edge separation (never a realistic cast shadow), saturated flat colour, no gradients past a subtle two-stop, no fine detail, no film grain/vignette/chromatic aberration/lens flare/dust/scratches. Silhouette must read clearly at 32px."
"biome-poi:Derelict Expanse:researchVessels","biome-poi","keyed","researchVessels","Discovery/landmark icon or set-piece art (keyed) for ""researchVessels"". House style: chibi-proportioned stylized 3D, flat toon/cel-shading (max two-tone gradient, no PBR falloff), rounded chunky forms with visible thickness, soft dark outline or additive drop-glow for edge separation (never a realistic cast shadow), saturated flat colour, no gradients past a subtle two-stop, no fine detail, no film grain/vignette/chromatic aberration/lens flare/dust/scratches. Silhouette must read clearly at 32px."
"biome-poi:Derelict Expanse:cargoVaults","biome-poi","keyed","cargoVaults","Discovery/landmark icon or set-piece art (keyed) for ""cargoVaults"". House style: chibi-proportioned stylized 3D, flat toon/cel-shading (max two-tone gradient, no PBR falloff), rounded chunky forms with visible thickness, soft dark outline or additive drop-glow for edge separation (never a realistic cast shadow), saturated flat colour, no gradients past a subtle two-stop, no fine detail, no film grain/vignette/chromatic aberration/lens flare/dust/scratches. Silhouette must read clearly at 32px."
"biome-poi:Derelict Expanse:emergencyBeacons","biome-poi","keyed","emergencyBeacons","Discovery/landmark icon or set-piece art (keyed) for ""emergencyBeacons"". House style: chibi-proportioned stylized 3D, flat toon/cel-shading (max two-tone gradient, no PBR falloff), rounded chunky forms with visible thickness, soft dark outline or additive drop-glow for edge separation (never a realistic cast shadow), saturated flat colour, no gradients past a subtle two-stop, no fine detail, no film grain/vignette/chromatic aberration/lens flare/dust/scratches. Silhouette must read clearly at 32px."
"biome-weather:Human Frontier:solarWinds","biome-weather","additive","solarWinds","Weather VFX (additive) ""solarWinds"". House VFX style: large, few, rounded particles — fat circles, chunky stars, thick rings. Never fine dust, realistic smoke, or lens flares. Additive glow clipped tight to the source. Flat saturated colour, no gradients past a subtle two-stop, nothing gritty. Must read clearly at 32px, never obscure a silhouette for more than ~200ms."
"biome-weather:Human Frontier:debrisFields","biome-weather","additive","debrisFields","Weather VFX (additive) ""debrisFields"". House VFX style: large, few, rounded particles — fat circles, chunky stars, thick rings. Never fine dust, realistic smoke, or lens flares. Additive glow clipped tight to the source. Flat saturated colour, no gradients past a subtle two-stop, nothing gritty. Must read clearly at 32px, never obscure a silhouette for more than ~200ms."
"biome-weather:Human Frontier:ionStorms","biome-weather","additive","ionStorms","Weather VFX (additive) ""ionStorms"". House VFX style: large, few, rounded particles — fat circles, chunky stars, thick rings. Never fine dust, realistic smoke, or lens flares. Additive glow clipped tight to the source. Flat saturated colour, no gradients past a subtle two-stop, nothing gritty. Must read clearly at 32px, never obscure a silhouette for more than ~200ms."
"biome-weather:Human Frontier:microMeteorShowers","biome-weather","additive","microMeteorShowers","Weather VFX (additive) ""microMeteorShowers"". House VFX style: large, few, rounded particles — fat circles, chunky stars, thick rings. Never fine dust, realistic smoke, or lens flares. Additive glow clipped tight to the source. Flat saturated colour, no gradients past a subtle two-stop, nothing gritty. Must read clearly at 32px, never obscure a silhouette for more than ~200ms."
"biome-weather:Human Frontier:radiationClouds","biome-weather","additive","radiationClouds","Weather VFX (additive) ""radiationClouds"". House VFX style: large, few, rounded particles — fat circles, chunky stars, thick rings. Never fine dust, realistic smoke, or lens flares. Additive glow clipped tight to the source. Flat saturated colour, no gradients past a subtle two-stop, nothing gritty. Must read clearly at 32px, never obscure a silhouette for more than ~200ms."
"biome-weather:Human Frontier:engineExhaustFields","biome-weather","additive","engineExhaustFields","Weather VFX (additive) ""engineExhaustFields"". House VFX style: large, few, rounded particles — fat circles, chunky stars, thick rings. Never fine dust, realistic smoke, or lens flares. Additive glow clipped tight to the source. Flat saturated colour, no gradients past a subtle two-stop, nothing gritty. Must read clearly at 32px, never obscure a silhouette for more than ~200ms."
"biome-weather:Human Frontier:electricalStorms","biome-weather","additive","electricalStorms","Weather VFX (additive) ""electricalStorms"". House VFX style: large, few, rounded particles — fat circles, chunky stars, thick rings. Never fine dust, realistic smoke, or lens flares. Additive glow clipped tight to the source. Flat saturated colour, no gradients past a subtle two-stop, nothing gritty. Must read clearly at 32px, never obscure a silhouette for more than ~200ms."
"biome-hazard:Human Frontier:damagedStations","biome-hazards","additive","damagedStations","Environmental hazard art (additive trigger VFX) ""damagedStations"". House VFX style: large, few, rounded particles — fat circles, chunky stars, thick rings. Never fine dust, realistic smoke, or lens flares. Additive glow clipped tight to the source. Flat saturated colour, no gradients past a subtle two-stop, nothing gritty. Must read clearly at 32px, never obscure a silhouette for more than ~200ms."
"biome-hazard:Human Frontier:explosiveFuelTanks","biome-hazards","additive","explosiveFuelTanks","Environmental hazard art (additive trigger VFX) ""explosiveFuelTanks"". House VFX style: large, few, rounded particles — fat circles, chunky stars, thick rings. Never fine dust, realistic smoke, or lens flares. Additive glow clipped tight to the source. Flat saturated colour, no gradients past a subtle two-stop, nothing gritty. Must read clearly at 32px, never obscure a silhouette for more than ~200ms."
"biome-hazard:Human Frontier:minefields","biome-hazards","additive","minefields","Environmental hazard art (additive trigger VFX) ""minefields"". House VFX style: large, few, rounded particles — fat circles, chunky stars, thick rings. Never fine dust, realistic smoke, or lens flares. Additive glow clipped tight to the source. Flat saturated colour, no gradients past a subtle two-stop, nothing gritty. Must read clearly at 32px, never obscure a silhouette for more than ~200ms."
"biome-hazard:Human Frontier:debrisBelts","biome-hazards","additive","debrisBelts","Environmental hazard art (additive trigger VFX) ""debrisBelts"". House VFX style: large, few, rounded particles — fat circles, chunky stars, thick rings. Never fine dust, realistic smoke, or lens flares. Additive glow clipped tight to the source. Flat saturated colour, no gradients past a subtle two-stop, nothing gritty. Must read clearly at 32px, never obscure a silhouette for more than ~200ms."
"biome-hazard:Human Frontier:electricalArcs","biome-hazards","additive","electricalArcs","Environmental hazard art (additive trigger VFX) ""electricalArcs"". House VFX style: large, few, rounded particles — fat circles, chunky stars, thick rings. Never fine dust, realistic smoke, or lens flares. Additive glow clipped tight to the source. Flat saturated colour, no gradients past a subtle two-stop, nothing gritty. Must read clearly at 32px, never obscure a silhouette for more than ~200ms."
"biome-hazard:Human Frontier:reactorLeaks","biome-hazards","additive","reactorLeaks","Environmental hazard art (additive trigger VFX) ""reactorLeaks"". House VFX style: large, few, rounded particles — fat circles, chunky stars, thick rings. Never fine dust, realistic smoke, or lens flares. Additive glow clipped tight to the source. Flat saturated colour, no gradients past a subtle two-stop, nothing gritty. Must read clearly at 32px, never obscure a silhouette for more than ~200ms."
"biome-hazard:Human Frontier:navigationHazards","biome-hazards","additive","navigationHazards","Environmental hazard art (additive trigger VFX) ""navigationHazards"". House VFX style: large, few, rounded particles — fat circles, chunky stars, thick rings. Never fine dust, realistic smoke, or lens flares. Additive glow clipped tight to the source. Flat saturated colour, no gradients past a subtle two-stop, nothing gritty. Must read clearly at 32px, never obscure a silhouette for more than ~200ms."
"biome-poi:Human Frontier:distressSignals","biome-poi","keyed","distressSignals","Discovery/landmark icon or set-piece art (keyed) for ""distressSignals"". House style: chibi-proportioned stylized 3D, flat toon/cel-shading (max two-tone gradient, no PBR falloff), rounded chunky forms with visible thickness, soft dark outline or additive drop-glow for edge separation (never a realistic cast shadow), saturated flat colour, no gradients past a subtle two-stop, no fine detail, no film grain/vignette/chromatic aberration/lens flare/dust/scratches. Silhouette must read clearly at 32px."
"biome-poi:Human Frontier:abandonedStations","biome-poi","keyed","abandonedStations","Discovery/landmark icon or set-piece art (keyed) for ""abandonedStations"". House style: chibi-proportioned stylized 3D, flat toon/cel-shading (max two-tone gradient, no PBR falloff), rounded chunky forms with visible thickness, soft dark outline or additive drop-glow for edge separation (never a realistic cast shadow), saturated flat colour, no gradients past a subtle two-stop, no fine detail, no film grain/vignette/chromatic aberration/lens flare/dust/scratches. Silhouette must read clearly at 32px."
"biome-poi:Human Frontier:miningOperations","biome-poi","keyed","miningOperations","Discovery/landmark icon or set-piece art (keyed) for ""miningOperations"". House style: chibi-proportioned stylized 3D, flat toon/cel-shading (max two-tone gradient, no PBR falloff), rounded chunky forms with visible thickness, soft dark outline or additive drop-glow for edge separation (never a realistic cast shadow), saturated flat colour, no gradients past a subtle two-stop, no fine detail, no film grain/vignette/chromatic aberration/lens flare/dust/scratches. Silhouette must read clearly at 32px."
"biome-poi:Human Frontier:civilianSettlements","biome-poi","keyed","civilianSettlements","Discovery/landmark icon or set-piece art (keyed) for ""civilianSettlements"". House style: chibi-proportioned stylized 3D, flat toon/cel-shading (max two-tone gradient, no PBR falloff), rounded chunky forms with visible thickness, soft dark outline or additive drop-glow for edge separation (never a realistic cast shadow), saturated flat colour, no gradients past a subtle two-stop, no fine detail, no film grain/vignette/chromatic aberration/lens flare/dust/scratches. Silhouette must read clearly at 32px."
"biome-poi:Human Frontier:prototypeWorkshops","biome-poi","keyed","prototypeWorkshops","Discovery/landmark icon or set-piece art (keyed) for ""prototypeWorkshops"". House style: chibi-proportioned stylized 3D, flat toon/cel-shading (max two-tone gradient, no PBR falloff), rounded chunky forms with visible thickness, soft dark outline or additive drop-glow for edge separation (never a realistic cast shadow), saturated flat colour, no gradients past a subtle two-stop, no fine detail, no film grain/vignette/chromatic aberration/lens flare/dust/scratches. Silhouette must read clearly at 32px."
"biome-poi:Human Frontier:blackMarketOutposts","biome-poi","keyed","blackMarketOutposts","Discovery/landmark icon or set-piece art (keyed) for ""blackMarketOutposts"". House style: chibi-proportioned stylized 3D, flat toon/cel-shading (max two-tone gradient, no PBR falloff), rounded chunky forms with visible thickness, soft dark outline or additive drop-glow for edge separation (never a realistic cast shadow), saturated flat colour, no gradients past a subtle two-stop, no fine detail, no film grain/vignette/chromatic aberration/lens flare/dust/scratches. Silhouette must read clearly at 32px."
"biome-poi:Human Frontier:navigationBeacons","biome-poi","keyed","navigationBeacons","Discovery/landmark icon or set-piece art (keyed) for ""navigationBeacons"". House style: chibi-proportioned stylized 3D, flat toon/cel-shading (max two-tone gradient, no PBR falloff), rounded chunky forms with visible thickness, soft dark outline or additive drop-glow for edge separation (never a realistic cast shadow), saturated flat colour, no gradients past a subtle two-stop, no fine detail, no film grain/vignette/chromatic aberration/lens flare/dust/scratches. Silhouette must read clearly at 32px."
"biome-poi:Human Frontier:historicWrecks","biome-poi","keyed","historicWrecks","Discovery/landmark icon or set-piece art (keyed) for ""historicWrecks"". House style: chibi-proportioned stylized 3D, flat toon/cel-shading (max two-tone gradient, no PBR falloff), rounded chunky forms with visible thickness, soft dark outline or additive drop-glow for edge separation (never a realistic cast shadow), saturated flat colour, no gradients past a subtle two-stop, no fine detail, no film grain/vignette/chromatic aberration/lens flare/dust/scratches. Silhouette must read clearly at 32px."
"biome-weather:Frozen Reach:cryoStorms","biome-weather","additive","cryoStorms","Weather VFX (additive) ""cryoStorms"". House VFX style: large, few, rounded particles — fat circles, chunky stars, thick rings. Never fine dust, realistic smoke, or lens flares. Additive glow clipped tight to the source. Flat saturated colour, no gradients past a subtle two-stop, nothing gritty. Must read clearly at 32px, never obscure a silhouette for more than ~200ms."
"biome-weather:Frozen Reach:auroraActivity","biome-weather","additive","auroraActivity","Weather VFX (additive) ""auroraActivity"". House VFX style: large, few, rounded particles — fat circles, chunky stars, thick rings. Never fine dust, realistic smoke, or lens flares. Additive glow clipped tight to the source. Flat saturated colour, no gradients past a subtle two-stop, nothing gritty. Must read clearly at 32px, never obscure a silhouette for more than ~200ms."
"biome-weather:Frozen Reach:iceFog","biome-weather","additive","iceFog","Weather VFX (additive) ""iceFog"". House VFX style: large, few, rounded particles — fat circles, chunky stars, thick rings. Never fine dust, realistic smoke, or lens flares. Additive glow clipped tight to the source. Flat saturated colour, no gradients past a subtle two-stop, nothing gritty. Must read clearly at 32px, never obscure a silhouette for more than ~200ms."
"biome-weather:Frozen Reach:frozenDust","biome-weather","additive","frozenDust","Weather VFX (additive) ""frozenDust"". House VFX style: large, few, rounded particles — fat circles, chunky stars, thick rings. Never fine dust, realistic smoke, or lens flares. Additive glow clipped tight to the source. Flat saturated colour, no gradients past a subtle two-stop, nothing gritty. Must read clearly at 32px, never obscure a silhouette for more than ~200ms."
"biome-weather:Frozen Reach:electrostaticSnow","biome-weather","additive","electrostaticSnow","Weather VFX (additive) ""electrostaticSnow"". House VFX style: large, few, rounded particles — fat circles, chunky stars, thick rings. Never fine dust, realistic smoke, or lens flares. Additive glow clipped tight to the source. Flat saturated colour, no gradients past a subtle two-stop, nothing gritty. Must read clearly at 32px, never obscure a silhouette for more than ~200ms."
"biome-weather:Frozen Reach:crystalHail","biome-weather","additive","crystalHail","Weather VFX (additive) ""crystalHail"". House VFX style: large, few, rounded particles — fat circles, chunky stars, thick rings. Never fine dust, realistic smoke, or lens flares. Additive glow clipped tight to the source. Flat saturated colour, no gradients past a subtle two-stop, nothing gritty. Must read clearly at 32px, never obscure a silhouette for more than ~200ms."
"biome-weather:Frozen Reach:thermalCollapse","biome-weather","additive","thermalCollapse","Weather VFX (additive) ""thermalCollapse"". House VFX style: large, few, rounded particles — fat circles, chunky stars, thick rings. Never fine dust, realistic smoke, or lens flares. Additive glow clipped tight to the source. Flat saturated colour, no gradients past a subtle two-stop, nothing gritty. Must read clearly at 32px, never obscure a silhouette for more than ~200ms."
"biome-hazard:Frozen Reach:iceCracks","biome-hazards","additive","iceCracks","Environmental hazard art (additive trigger VFX) ""iceCracks"". House VFX style: large, few, rounded particles — fat circles, chunky stars, thick rings. Never fine dust, realistic smoke, or lens flares. Additive glow clipped tight to the source. Flat saturated colour, no gradients past a subtle two-stop, nothing gritty. Must read clearly at 32px, never obscure a silhouette for more than ~200ms."
"biome-hazard:Frozen Reach:cryogenicFields","biome-hazards","additive","cryogenicFields","Environmental hazard art (additive trigger VFX) ""cryogenicFields"". House VFX style: large, few, rounded particles — fat circles, chunky stars, thick rings. Never fine dust, realistic smoke, or lens flares. Additive glow clipped tight to the source. Flat saturated colour, no gradients past a subtle two-stop, nothing gritty. Must read clearly at 32px, never obscure a silhouette for more than ~200ms."
"biome-hazard:Frozen Reach:frozenGasClouds","biome-hazards","additive","frozenGasClouds","Environmental hazard art (additive trigger VFX) ""frozenGasClouds"". House VFX style: large, few, rounded particles — fat circles, chunky stars, thick rings. Never fine dust, realistic smoke, or lens flares. Additive glow clipped tight to the source. Flat saturated colour, no gradients past a subtle two-stop, nothing gritty. Must read clearly at 32px, never obscure a silhouette for more than ~200ms."
"biome-hazard:Frozen Reach:slipperySurfaces","biome-hazards","additive","slipperySurfaces","Environmental hazard art (additive trigger VFX) ""slipperySurfaces"". House VFX style: large, few, rounded particles — fat circles, chunky stars, thick rings. Never fine dust, realistic smoke, or lens flares. Additive glow clipped tight to the source. Flat saturated colour, no gradients past a subtle two-stop, nothing gritty. Must read clearly at 32px, never obscure a silhouette for more than ~200ms."
"biome-hazard:Frozen Reach:thermalShock","biome-hazards","additive","thermalShock","Environmental hazard art (additive trigger VFX) ""thermalShock"". House VFX style: large, few, rounded particles — fat circles, chunky stars, thick rings. Never fine dust, realistic smoke, or lens flares. Additive glow clipped tight to the source. Flat saturated colour, no gradients past a subtle two-stop, nothing gritty. Must read clearly at 32px, never obscure a silhouette for more than ~200ms."
"biome-hazard:Frozen Reach:cryoExplosions","biome-hazards","additive","cryoExplosions","Environmental hazard art (additive trigger VFX) ""cryoExplosions"". House VFX style: large, few, rounded particles — fat circles, chunky stars, thick rings. Never fine dust, realistic smoke, or lens flares. Additive glow clipped tight to the source. Flat saturated colour, no gradients past a subtle two-stop, nothing gritty. Must read clearly at 32px, never obscure a silhouette for more than ~200ms."
"biome-hazard:Frozen Reach:fallingIce","biome-hazards","additive","fallingIce","Environmental hazard art (additive trigger VFX) ""fallingIce"". House VFX style: large, few, rounded particles — fat circles, chunky stars, thick rings. Never fine dust, realistic smoke, or lens flares. Additive glow clipped tight to the source. Flat saturated colour, no gradients past a subtle two-stop, nothing gritty. Must read clearly at 32px, never obscure a silhouette for more than ~200ms."
"biome-hazard:Frozen Reach:frozenDebris","biome-hazards","additive","frozenDebris","Environmental hazard art (additive trigger VFX) ""frozenDebris"". House VFX style: large, few, rounded particles — fat circles, chunky stars, thick rings. Never fine dust, realistic smoke, or lens flares. Additive glow clipped tight to the source. Flat saturated colour, no gradients past a subtle two-stop, nothing gritty. Must read clearly at 32px, never obscure a silhouette for more than ~200ms."
"biome-poi:Frozen Reach:cryoVaults","biome-poi","keyed","cryoVaults","Discovery/landmark icon or set-piece art (keyed) for ""cryoVaults"". House style: chibi-proportioned stylized 3D, flat toon/cel-shading (max two-tone gradient, no PBR falloff), rounded chunky forms with visible thickness, soft dark outline or additive drop-glow for edge separation (never a realistic cast shadow), saturated flat colour, no gradients past a subtle two-stop, no fine detail, no film grain/vignette/chromatic aberration/lens flare/dust/scratches. Silhouette must read clearly at 32px."
"biome-poi:Frozen Reach:frozenFleets","biome-poi","keyed","frozenFleets","Discovery/landmark icon or set-piece art (keyed) for ""frozenFleets"". House style: chibi-proportioned stylized 3D, flat toon/cel-shading (max two-tone gradient, no PBR falloff), rounded chunky forms with visible thickness, soft dark outline or additive drop-glow for edge separation (never a realistic cast shadow), saturated flat colour, no gradients past a subtle two-stop, no fine detail, no film grain/vignette/chromatic aberration/lens flare/dust/scratches. Silhouette must read clearly at 32px."
"biome-poi:Frozen Reach:ancientLaboratories","biome-poi","keyed","ancientLaboratories","Discovery/landmark icon or set-piece art (keyed) for ""ancientLaboratories"". House style: chibi-proportioned stylized 3D, flat toon/cel-shading (max two-tone gradient, no PBR falloff), rounded chunky forms with visible thickness, soft dark outline or additive drop-glow for edge separation (never a realistic cast shadow), saturated flat colour, no gradients past a subtle two-stop, no fine detail, no film grain/vignette/chromatic aberration/lens flare/dust/scratches. Silhouette must read clearly at 32px."
"biome-poi:Frozen Reach:iceTemples","biome-poi","keyed","iceTemples","Discovery/landmark icon or set-piece art (keyed) for ""iceTemples"". House style: chibi-proportioned stylized 3D, flat toon/cel-shading (max two-tone gradient, no PBR falloff), rounded chunky forms with visible thickness, soft dark outline or additive drop-glow for edge separation (never a realistic cast shadow), saturated flat colour, no gradients past a subtle two-stop, no fine detail, no film grain/vignette/chromatic aberration/lens flare/dust/scratches. Silhouette must read clearly at 32px."
"biome-poi:Frozen Reach:subsurfaceCities","biome-poi","keyed","subsurfaceCities","Discovery/landmark icon or set-piece art (keyed) for ""subsurfaceCities"". House style: chibi-proportioned stylized 3D, flat toon/cel-shading (max two-tone gradient, no PBR falloff), rounded chunky forms with visible thickness, soft dark outline or additive drop-glow for edge separation (never a realistic cast shadow), saturated flat colour, no gradients past a subtle two-stop, no fine detail, no film grain/vignette/chromatic aberration/lens flare/dust/scratches. Silhouette must read clearly at 32px."
"biome-poi:Frozen Reach:auroraObservatories","biome-poi","keyed","auroraObservatories","Discovery/landmark icon or set-piece art (keyed) for ""auroraObservatories"". House style: chibi-proportioned stylized 3D, flat toon/cel-shading (max two-tone gradient, no PBR falloff), rounded chunky forms with visible thickness, soft dark outline or additive drop-glow for edge separation (never a realistic cast shadow), saturated flat colour, no gradients past a subtle two-stop, no fine detail, no film grain/vignette/chromatic aberration/lens flare/dust/scratches. Silhouette must read clearly at 32px."
"biome-poi:Frozen Reach:preservationChambers","biome-poi","keyed","preservationChambers","Discovery/landmark icon or set-piece art (keyed) for ""preservationChambers"". House style: chibi-proportioned stylized 3D, flat toon/cel-shading (max two-tone gradient, no PBR falloff), rounded chunky forms with visible thickness, soft dark outline or additive drop-glow for edge separation (never a realistic cast shadow), saturated flat colour, no gradients past a subtle two-stop, no fine detail, no film grain/vignette/chromatic aberration/lens flare/dust/scratches. Silhouette must read clearly at 32px."
"biome-poi:Frozen Reach:deepIceArchives","biome-poi","keyed","deepIceArchives","Discovery/landmark icon or set-piece art (keyed) for ""deepIceArchives"". House style: chibi-proportioned stylized 3D, flat toon/cel-shading (max two-tone gradient, no PBR falloff), rounded chunky forms with visible thickness, soft dark outline or additive drop-glow for edge separation (never a realistic cast shadow), saturated flat colour, no gradients past a subtle two-stop, no fine detail, no film grain/vignette/chromatic aberration/lens flare/dust/scratches. Silhouette must read clearly at 32px."
"biome-weather:Living Ecospheres:sporeStorms","biome-weather","additive","sporeStorms","Weather VFX (additive) ""sporeStorms"". House VFX style: large, few, rounded particles — fat circles, chunky stars, thick rings. Never fine dust, realistic smoke, or lens flares. Additive glow clipped tight to the source. Flat saturated colour, no gradients past a subtle two-stop, nothing gritty. Must read clearly at 32px, never obscure a silhouette for more than ~200ms."
"biome-weather:Living Ecospheres:pollenClouds","biome-weather","additive","pollenClouds","Weather VFX (additive) ""pollenClouds"". House VFX style: large, few, rounded particles — fat circles, chunky stars, thick rings. Never fine dust, realistic smoke, or lens flares. Additive glow clipped tight to the source. Flat saturated colour, no gradients past a subtle two-stop, nothing gritty. Must read clearly at 32px, never obscure a silhouette for more than ~200ms."
"biome-weather:Living Ecospheres:bioluminescentRain","biome-weather","additive","bioluminescentRain","Weather VFX (additive) ""bioluminescentRain"". House VFX style: large, few, rounded particles — fat circles, chunky stars, thick rings. Never fine dust, realistic smoke, or lens flares. Additive glow clipped tight to the source. Flat saturated colour, no gradients past a subtle two-stop, nothing gritty. Must read clearly at 32px, never obscure a silhouette for more than ~200ms."
"biome-weather:Living Ecospheres:livingFog","biome-weather","additive","livingFog","Weather VFX (additive) ""livingFog"". House VFX style: large, few, rounded particles — fat circles, chunky stars, thick rings. Never fine dust, realistic smoke, or lens flares. Additive glow clipped tight to the source. Flat saturated colour, no gradients past a subtle two-stop, nothing gritty. Must read clearly at 32px, never obscure a silhouette for more than ~200ms."
"biome-weather:Living Ecospheres:photosyntheticBloom","biome-weather","additive","photosyntheticBloom","Weather VFX (additive) ""photosyntheticBloom"". House VFX style: large, few, rounded particles — fat circles, chunky stars, thick rings. Never fine dust, realistic smoke, or lens flares. Additive glow clipped tight to the source. Flat saturated colour, no gradients past a subtle two-stop, nothing gritty. Must read clearly at 32px, never obscure a silhouette for more than ~200ms."
"biome-weather:Living Ecospheres:seedWinds","biome-weather","additive","seedWinds","Weather VFX (additive) ""seedWinds"". House VFX style: large, few, rounded particles — fat circles, chunky stars, thick rings. Never fine dust, realistic smoke, or lens flares. Additive glow clipped tight to the source. Flat saturated colour, no gradients past a subtle two-stop, nothing gritty. Must read clearly at 32px, never obscure a silhouette for more than ~200ms."
"biome-weather:Living Ecospheres:organicLightning","biome-weather","additive","organicLightning","Weather VFX (additive) ""organicLightning"". House VFX style: large, few, rounded particles — fat circles, chunky stars, thick rings. Never fine dust, realistic smoke, or lens flares. Additive glow clipped tight to the source. Flat saturated colour, no gradients past a subtle two-stop, nothing gritty. Must read clearly at 32px, never obscure a silhouette for more than ~200ms."
"biome-hazard:Living Ecospheres:carnivorousFlora","biome-hazards","additive","carnivorousFlora","Environmental hazard art (additive trigger VFX) ""carnivorousFlora"". House VFX style: large, few, rounded particles — fat circles, chunky stars, thick rings. Never fine dust, realistic smoke, or lens flares. Additive glow clipped tight to the source. Flat saturated colour, no gradients past a subtle two-stop, nothing gritty. Must read clearly at 32px, never obscure a silhouette for more than ~200ms."
"biome-hazard:Living Ecospheres:toxicSpores","biome-hazards","additive","toxicSpores","Environmental hazard art (additive trigger VFX) ""toxicSpores"". House VFX style: large, few, rounded particles — fat circles, chunky stars, thick rings. Never fine dust, realistic smoke, or lens flares. Additive glow clipped tight to the source. Flat saturated colour, no gradients past a subtle two-stop, nothing gritty. Must read clearly at 32px, never obscure a silhouette for more than ~200ms."
"biome-hazard:Living Ecospheres:livingVines","biome-hazards","additive","livingVines","Environmental hazard art (additive trigger VFX) ""livingVines"". House VFX style: large, few, rounded particles — fat circles, chunky stars, thick rings. Never fine dust, realistic smoke, or lens flares. Additive glow clipped tight to the source. Flat saturated colour, no gradients past a subtle two-stop, nothing gritty. Must read clearly at 32px, never obscure a silhouette for more than ~200ms."
"biome-hazard:Living Ecospheres:rootTraps","biome-hazards","additive","rootTraps","Environmental hazard art (additive trigger VFX) ""rootTraps"". House VFX style: large, few, rounded particles — fat circles, chunky stars, thick rings. Never fine dust, realistic smoke, or lens flares. Additive glow clipped tight to the source. Flat saturated colour, no gradients past a subtle two-stop, nothing gritty. Must read clearly at 32px, never obscure a silhouette for more than ~200ms."
"biome-hazard:Living Ecospheres:acidSap","biome-hazards","additive","acidSap","Environmental hazard art (additive trigger VFX) ""acidSap"". House VFX style: large, few, rounded particles — fat circles, chunky stars, thick rings. Never fine dust, realistic smoke, or lens flares. Additive glow clipped tight to the source. Flat saturated colour, no gradients past a subtle two-stop, nothing gritty. Must read clearly at 32px, never obscure a silhouette for more than ~200ms."
"biome-hazard:Living Ecospheres:sporeBursts","biome-hazards","additive","sporeBursts","Environmental hazard art (additive trigger VFX) ""sporeBursts"". House VFX style: large, few, rounded particles — fat circles, chunky stars, thick rings. Never fine dust, realistic smoke, or lens flares. Additive glow clipped tight to the source. Flat saturated colour, no gradients past a subtle two-stop, nothing gritty. Must read clearly at 32px, never obscure a silhouette for more than ~200ms."
"biome-hazard:Living Ecospheres:collapsingGrowth","biome-hazards","additive","collapsingGrowth","Environmental hazard art (additive trigger VFX) ""collapsingGrowth"". House VFX style: large, few, rounded particles — fat circles, chunky stars, thick rings. Never fine dust, realistic smoke, or lens flares. Additive glow clipped tight to the source. Flat saturated colour, no gradients past a subtle two-stop, nothing gritty. Must read clearly at 32px, never obscure a silhouette for more than ~200ms."
"biome-hazard:Living Ecospheres:organicAmbushes","biome-hazards","additive","organicAmbushes","Environmental hazard art (additive trigger VFX) ""organicAmbushes"". House VFX style: large, few, rounded particles — fat circles, chunky stars, thick rings. Never fine dust, realistic smoke, or lens flares. Additive glow clipped tight to the source. Flat saturated colour, no gradients past a subtle two-stop, nothing gritty. Must read clearly at 32px, never obscure a silhouette for more than ~200ms."
"biome-poi:Living Ecospheres:planetaryHeart","biome-poi","keyed","planetaryHeart","Discovery/landmark icon or set-piece art (keyed) for ""planetaryHeart"". House style: chibi-proportioned stylized 3D, flat toon/cel-shading (max two-tone gradient, no PBR falloff), rounded chunky forms with visible thickness, soft dark outline or additive drop-glow for edge separation (never a realistic cast shadow), saturated flat colour, no gradients past a subtle two-stop, no fine detail, no film grain/vignette/chromatic aberration/lens flare/dust/scratches. Silhouette must read clearly at 32px."
"biome-poi:Living Ecospheres:evolutionPools","biome-poi","keyed","evolutionPools","Discovery/landmark icon or set-piece art (keyed) for ""evolutionPools"". House style: chibi-proportioned stylized 3D, flat toon/cel-shading (max two-tone gradient, no PBR falloff), rounded chunky forms with visible thickness, soft dark outline or additive drop-glow for edge separation (never a realistic cast shadow), saturated flat colour, no gradients past a subtle two-stop, no fine detail, no film grain/vignette/chromatic aberration/lens flare/dust/scratches. Silhouette must read clearly at 32px."
"biome-poi:Living Ecospheres:ancientBioLabs","biome-poi","keyed","ancientBioLabs","Discovery/landmark icon or set-piece art (keyed) for ""ancientBioLabs"". House style: chibi-proportioned stylized 3D, flat toon/cel-shading (max two-tone gradient, no PBR falloff), rounded chunky forms with visible thickness, soft dark outline or additive drop-glow for edge separation (never a realistic cast shadow), saturated flat colour, no gradients past a subtle two-stop, no fine detail, no film grain/vignette/chromatic aberration/lens flare/dust/scratches. Silhouette must read clearly at 32px."
"biome-poi:Living Ecospheres:livingTemples","biome-poi","keyed","livingTemples","Discovery/landmark icon or set-piece art (keyed) for ""livingTemples"". House style: chibi-proportioned stylized 3D, flat toon/cel-shading (max two-tone gradient, no PBR falloff), rounded chunky forms with visible thickness, soft dark outline or additive drop-glow for edge separation (never a realistic cast shadow), saturated flat colour, no gradients past a subtle two-stop, no fine detail, no film grain/vignette/chromatic aberration/lens flare/dust/scratches. Silhouette must read clearly at 32px."
"biome-poi:Living Ecospheres:seedVaults","biome-poi","keyed","seedVaults","Discovery/landmark icon or set-piece art (keyed) for ""seedVaults"". House style: chibi-proportioned stylized 3D, flat toon/cel-shading (max two-tone gradient, no PBR falloff), rounded chunky forms with visible thickness, soft dark outline or additive drop-glow for edge separation (never a realistic cast shadow), saturated flat colour, no gradients past a subtle two-stop, no fine detail, no film grain/vignette/chromatic aberration/lens flare/dust/scratches. Silhouette must read clearly at 32px."
"biome-poi:Living Ecospheres:symbiosisChambers","biome-poi","keyed","symbiosisChambers","Discovery/landmark icon or set-piece art (keyed) for ""symbiosisChambers"". House style: chibi-proportioned stylized 3D, flat toon/cel-shading (max two-tone gradient, no PBR falloff), rounded chunky forms with visible thickness, soft dark outline or additive drop-glow for edge separation (never a realistic cast shadow), saturated flat colour, no gradients past a subtle two-stop, no fine detail, no film grain/vignette/chromatic aberration/lens flare/dust/scratches. Silhouette must read clearly at 32px."
"biome-poi:Living Ecospheres:organicArchives","biome-poi","keyed","organicArchives","Discovery/landmark icon or set-piece art (keyed) for ""organicArchives"". House style: chibi-proportioned stylized 3D, flat toon/cel-shading (max two-tone gradient, no PBR falloff), rounded chunky forms with visible thickness, soft dark outline or additive drop-glow for edge separation (never a realistic cast shadow), saturated flat colour, no gradients past a subtle two-stop, no fine detail, no film grain/vignette/chromatic aberration/lens flare/dust/scratches. Silhouette must read clearly at 32px."
"biome-poi:Living Ecospheres:giganticRootSystems","biome-poi","keyed","giganticRootSystems","Discovery/landmark icon or set-piece art (keyed) for ""giganticRootSystems"". House style: chibi-proportioned stylized 3D, flat toon/cel-shading (max two-tone gradient, no PBR falloff), rounded chunky forms with visible thickness, soft dark outline or additive drop-glow for edge separation (never a realistic cast shadow), saturated flat colour, no gradients past a subtle two-stop, no fine detail, no film grain/vignette/chromatic aberration/lens flare/dust/scratches. Silhouette must read clearly at 32px."
"biome-weather:Machine Expanse:electricalStorms","biome-weather","additive","electricalStorms","Weather VFX (additive) ""electricalStorms"". House VFX style: large, few, rounded particles — fat circles, chunky stars, thick rings. Never fine dust, realistic smoke, or lens flares. Additive glow clipped tight to the source. Flat saturated colour, no gradients past a subtle two-stop, nothing gritty. Must read clearly at 32px, never obscure a silhouette for more than ~200ms."
"biome-weather:Machine Expanse:plasmaRain","biome-weather","additive","plasmaRain","Weather VFX (additive) ""plasmaRain"". House VFX style: large, few, rounded particles — fat circles, chunky stars, thick rings. Never fine dust, realistic smoke, or lens flares. Additive glow clipped tight to the source. Flat saturated colour, no gradients past a subtle two-stop, nothing gritty. Must read clearly at 32px, never obscure a silhouette for more than ~200ms."
"biome-weather:Machine Expanse:steamClouds","biome-weather","additive","steamClouds","Weather VFX (additive) ""steamClouds"". House VFX style: large, few, rounded particles — fat circles, chunky stars, thick rings. Never fine dust, realistic smoke, or lens flares. Additive glow clipped tight to the source. Flat saturated colour, no gradients past a subtle two-stop, nothing gritty. Must read clearly at 32px, never obscure a silhouette for more than ~200ms."
"biome-weather:Machine Expanse:empWaves","biome-weather","additive","empWaves","Weather VFX (additive) ""empWaves"". House VFX style: large, few, rounded particles — fat circles, chunky stars, thick rings. Never fine dust, realistic smoke, or lens flares. Additive glow clipped tight to the source. Flat saturated colour, no gradients past a subtle two-stop, nothing gritty. Must read clearly at 32px, never obscure a silhouette for more than ~200ms."
"biome-weather:Machine Expanse:magneticWinds","biome-weather","additive","magneticWinds","Weather VFX (additive) ""magneticWinds"". House VFX style: large, few, rounded particles — fat circles, chunky stars, thick rings. Never fine dust, realistic smoke, or lens flares. Additive glow clipped tight to the source. Flat saturated colour, no gradients past a subtle two-stop, nothing gritty. Must read clearly at 32px, never obscure a silhouette for more than ~200ms."
"biome-weather:Machine Expanse:coolingVents","biome-weather","additive","coolingVents","Weather VFX (additive) ""coolingVents"". House VFX style: large, few, rounded particles — fat circles, chunky stars, thick rings. Never fine dust, realistic smoke, or lens flares. Additive glow clipped tight to the source. Flat saturated colour, no gradients past a subtle two-stop, nothing gritty. Must read clearly at 32px, never obscure a silhouette for more than ~200ms."
"biome-weather:Machine Expanse:ionDischarge","biome-weather","additive","ionDischarge","Weather VFX (additive) ""ionDischarge"". House VFX style: large, few, rounded particles — fat circles, chunky stars, thick rings. Never fine dust, realistic smoke, or lens flares. Additive glow clipped tight to the source. Flat saturated colour, no gradients past a subtle two-stop, nothing gritty. Must read clearly at 32px, never obscure a silhouette for more than ~200ms."
"biome-hazard:Machine Expanse:movingMachinery","biome-hazards","additive","movingMachinery","Environmental hazard art (additive trigger VFX) ""movingMachinery"". House VFX style: large, few, rounded particles — fat circles, chunky stars, thick rings. Never fine dust, realistic smoke, or lens flares. Additive glow clipped tight to the source. Flat saturated colour, no gradients past a subtle two-stop, nothing gritty. Must read clearly at 32px, never obscure a silhouette for more than ~200ms."
"biome-hazard:Machine Expanse:laserGrids","biome-hazards","additive","laserGrids","Environmental hazard art (additive trigger VFX) ""laserGrids"". House VFX style: large, few, rounded particles — fat circles, chunky stars, thick rings. Never fine dust, realistic smoke, or lens flares. Additive glow clipped tight to the source. Flat saturated colour, no gradients past a subtle two-stop, nothing gritty. Must read clearly at 32px, never obscure a silhouette for more than ~200ms."
"biome-hazard:Machine Expanse:crushingPresses","biome-hazards","additive","crushingPresses","Environmental hazard art (additive trigger VFX) ""crushingPresses"". House VFX style: large, few, rounded particles — fat circles, chunky stars, thick rings. Never fine dust, realistic smoke, or lens flares. Additive glow clipped tight to the source. Flat saturated colour, no gradients past a subtle two-stop, nothing gritty. Must read clearly at 32px, never obscure a silhouette for more than ~200ms."
"biome-hazard:Machine Expanse:moltenMetal","biome-hazards","additive","moltenMetal","Environmental hazard art (additive trigger VFX) ""moltenMetal"". House VFX style: large, few, rounded particles — fat circles, chunky stars, thick rings. Never fine dust, realistic smoke, or lens flares. Additive glow clipped tight to the source. Flat saturated colour, no gradients past a subtle two-stop, nothing gritty. Must read clearly at 32px, never obscure a silhouette for more than ~200ms."
"biome-hazard:Machine Expanse:electrifiedFloors","biome-hazards","additive","electrifiedFloors","Environmental hazard art (additive trigger VFX) ""electrifiedFloors"". House VFX style: large, few, rounded particles — fat circles, chunky stars, thick rings. Never fine dust, realistic smoke, or lens flares. Additive glow clipped tight to the source. Flat saturated colour, no gradients past a subtle two-stop, nothing gritty. Must read clearly at 32px, never obscure a silhouette for more than ~200ms."
"biome-hazard:Machine Expanse:assemblyArms","biome-hazards","additive","assemblyArms","Environmental hazard art (additive trigger VFX) ""assemblyArms"". House VFX style: large, few, rounded particles — fat circles, chunky stars, thick rings. Never fine dust, realistic smoke, or lens flares. Additive glow clipped tight to the source. Flat saturated colour, no gradients past a subtle two-stop, nothing gritty. Must read clearly at 32px, never obscure a silhouette for more than ~200ms."
"biome-hazard:Machine Expanse:powerSurges","biome-hazards","additive","powerSurges","Environmental hazard art (additive trigger VFX) ""powerSurges"". House VFX style: large, few, rounded particles — fat circles, chunky stars, thick rings. Never fine dust, realistic smoke, or lens flares. Additive glow clipped tight to the source. Flat saturated colour, no gradients past a subtle two-stop, nothing gritty. Must read clearly at 32px, never obscure a silhouette for more than ~200ms."
"biome-hazard:Machine Expanse:securityTurrets","biome-hazards","additive","securityTurrets","Environmental hazard art (additive trigger VFX) ""securityTurrets"". House VFX style: large, few, rounded particles — fat circles, chunky stars, thick rings. Never fine dust, realistic smoke, or lens flares. Additive glow clipped tight to the source. Flat saturated colour, no gradients past a subtle two-stop, nothing gritty. Must read clearly at 32px, never obscure a silhouette for more than ~200ms."
"biome-poi:Machine Expanse:prototypeLaboratories","biome-poi","keyed","prototypeLaboratories","Discovery/landmark icon or set-piece art (keyed) for ""prototypeLaboratories"". House style: chibi-proportioned stylized 3D, flat toon/cel-shading (max two-tone gradient, no PBR falloff), rounded chunky forms with visible thickness, soft dark outline or additive drop-glow for edge separation (never a realistic cast shadow), saturated flat colour, no gradients past a subtle two-stop, no fine detail, no film grain/vignette/chromatic aberration/lens flare/dust/scratches. Silhouette must read clearly at 32px."
"biome-poi:Machine Expanse:aiArchives","biome-poi","keyed","aiArchives","Discovery/landmark icon or set-piece art (keyed) for ""aiArchives"". House style: chibi-proportioned stylized 3D, flat toon/cel-shading (max two-tone gradient, no PBR falloff), rounded chunky forms with visible thickness, soft dark outline or additive drop-glow for edge separation (never a realistic cast shadow), saturated flat colour, no gradients past a subtle two-stop, no fine detail, no film grain/vignette/chromatic aberration/lens flare/dust/scratches. Silhouette must read clearly at 32px."
"biome-poi:Machine Expanse:machineTemples","biome-poi","keyed","machineTemples","Discovery/landmark icon or set-piece art (keyed) for ""machineTemples"". House style: chibi-proportioned stylized 3D, flat toon/cel-shading (max two-tone gradient, no PBR falloff), rounded chunky forms with visible thickness, soft dark outline or additive drop-glow for edge separation (never a realistic cast shadow), saturated flat colour, no gradients past a subtle two-stop, no fine detail, no film grain/vignette/chromatic aberration/lens flare/dust/scratches. Silhouette must read clearly at 32px."
"biome-poi:Machine Expanse:manufacturingVaults","biome-poi","keyed","manufacturingVaults","Discovery/landmark icon or set-piece art (keyed) for ""manufacturingVaults"". House style: chibi-proportioned stylized 3D, flat toon/cel-shading (max two-tone gradient, no PBR falloff), rounded chunky forms with visible thickness, soft dark outline or additive drop-glow for edge separation (never a realistic cast shadow), saturated flat colour, no gradients past a subtle two-stop, no fine detail, no film grain/vignette/chromatic aberration/lens flare/dust/scratches. Silhouette must read clearly at 32px."
"biome-poi:Machine Expanse:orbitalShipyards","biome-poi","keyed","orbitalShipyards","Discovery/landmark icon or set-piece art (keyed) for ""orbitalShipyards"". House style: chibi-proportioned stylized 3D, flat toon/cel-shading (max two-tone gradient, no PBR falloff), rounded chunky forms with visible thickness, soft dark outline or additive drop-glow for edge separation (never a realistic cast shadow), saturated flat colour, no gradients past a subtle two-stop, no fine detail, no film grain/vignette/chromatic aberration/lens flare/dust/scratches. Silhouette must read clearly at 32px."
"biome-poi:Machine Expanse:controlSpires","biome-poi","keyed","controlSpires","Discovery/landmark icon or set-piece art (keyed) for ""controlSpires"". House style: chibi-proportioned stylized 3D, flat toon/cel-shading (max two-tone gradient, no PBR falloff), rounded chunky forms with visible thickness, soft dark outline or additive drop-glow for edge separation (never a realistic cast shadow), saturated flat colour, no gradients past a subtle two-stop, no fine detail, no film grain/vignette/chromatic aberration/lens flare/dust/scratches. Silhouette must read clearly at 32px."
"biome-poi:Machine Expanse:energyWells","biome-poi","keyed","energyWells","Discovery/landmark icon or set-piece art (keyed) for ""energyWells"". House style: chibi-proportioned stylized 3D, flat toon/cel-shading (max two-tone gradient, no PBR falloff), rounded chunky forms with visible thickness, soft dark outline or additive drop-glow for edge separation (never a realistic cast shadow), saturated flat colour, no gradients past a subtle two-stop, no fine detail, no film grain/vignette/chromatic aberration/lens flare/dust/scratches. Silhouette must read clearly at 32px."
"biome-poi:Machine Expanse:lostResearchFacilities","biome-poi","keyed","lostResearchFacilities","Discovery/landmark icon or set-piece art (keyed) for ""lostResearchFacilities"". House style: chibi-proportioned stylized 3D, flat toon/cel-shading (max two-tone gradient, no PBR falloff), rounded chunky forms with visible thickness, soft dark outline or additive drop-glow for edge separation (never a realistic cast shadow), saturated flat colour, no gradients past a subtle two-stop, no fine detail, no film grain/vignette/chromatic aberration/lens flare/dust/scratches. Silhouette must read clearly at 32px."
"biome-weather:Singularity Zone:gravityStorms","biome-weather","additive","gravityStorms","Weather VFX (additive) ""gravityStorms"". House VFX style: large, few, rounded particles — fat circles, chunky stars, thick rings. Never fine dust, realistic smoke, or lens flares. Additive glow clipped tight to the source. Flat saturated colour, no gradients past a subtle two-stop, nothing gritty. Must read clearly at 32px, never obscure a silhouette for more than ~200ms."
"biome-weather:Singularity Zone:quantumRain","biome-weather","additive","quantumRain","Weather VFX (additive) ""quantumRain"". House VFX style: large, few, rounded particles — fat circles, chunky stars, thick rings. Never fine dust, realistic smoke, or lens flares. Additive glow clipped tight to the source. Flat saturated colour, no gradients past a subtle two-stop, nothing gritty. Must read clearly at 32px, never obscure a silhouette for more than ~200ms."
"biome-weather:Singularity Zone:realityCascades","biome-weather","additive","realityCascades","Weather VFX (additive) ""realityCascades"". House VFX style: large, few, rounded particles — fat circles, chunky stars, thick rings. Never fine dust, realistic smoke, or lens flares. Additive glow clipped tight to the source. Flat saturated colour, no gradients past a subtle two-stop, nothing gritty. Must read clearly at 32px, never obscure a silhouette for more than ~200ms."
"biome-weather:Singularity Zone:timeEchoes","biome-weather","additive","timeEchoes","Weather VFX (additive) ""timeEchoes"". House VFX style: large, few, rounded particles — fat circles, chunky stars, thick rings. Never fine dust, realistic smoke, or lens flares. Additive glow clipped tight to the source. Flat saturated colour, no gradients past a subtle two-stop, nothing gritty. Must read clearly at 32px, never obscure a silhouette for more than ~200ms."
"biome-weather:Singularity Zone:lightInversions","biome-weather","additive","lightInversions","Weather VFX (additive) ""lightInversions"". House VFX style: large, few, rounded particles — fat circles, chunky stars, thick rings. Never fine dust, realistic smoke, or lens flares. Additive glow clipped tight to the source. Flat saturated colour, no gradients past a subtle two-stop, nothing gritty. Must read clearly at 32px, never obscure a silhouette for more than ~200ms."
"biome-weather:Singularity Zone:particleCollapse","biome-weather","additive","particleCollapse","Weather VFX (additive) ""particleCollapse"". House VFX style: large, few, rounded particles — fat circles, chunky stars, thick rings. Never fine dust, realistic smoke, or lens flares. Additive glow clipped tight to the source. Flat saturated colour, no gradients past a subtle two-stop, nothing gritty. Must read clearly at 32px, never obscure a silhouette for more than ~200ms."
"biome-weather:Singularity Zone:probabilityWaves","biome-weather","additive","probabilityWaves","Weather VFX (additive) ""probabilityWaves"". House VFX style: large, few, rounded particles — fat circles, chunky stars, thick rings. Never fine dust, realistic smoke, or lens flares. Additive glow clipped tight to the source. Flat saturated colour, no gradients past a subtle two-stop, nothing gritty. Must read clearly at 32px, never obscure a silhouette for more than ~200ms."
"biome-hazard:Singularity Zone:microSingularities","biome-hazards","additive","microSingularities","Environmental hazard art (additive trigger VFX) ""microSingularities"". House VFX style: large, few, rounded particles — fat circles, chunky stars, thick rings. Never fine dust, realistic smoke, or lens flares. Additive glow clipped tight to the source. Flat saturated colour, no gradients past a subtle two-stop, nothing gritty. Must read clearly at 32px, never obscure a silhouette for more than ~200ms."
"biome-hazard:Singularity Zone:gravityCollapse","biome-hazards","additive","gravityCollapse","Environmental hazard art (additive trigger VFX) ""gravityCollapse"". House VFX style: large, few, rounded particles — fat circles, chunky stars, thick rings. Never fine dust, realistic smoke, or lens flares. Additive glow clipped tight to the source. Flat saturated colour, no gradients past a subtle two-stop, nothing gritty. Must read clearly at 32px, never obscure a silhouette for more than ~200ms."
"biome-hazard:Singularity Zone:timeDilationFields","biome-hazards","additive","timeDilationFields","Environmental hazard art (additive trigger VFX) ""timeDilationFields"". House VFX style: large, few, rounded particles — fat circles, chunky stars, thick rings. Never fine dust, realistic smoke, or lens flares. Additive glow clipped tight to the source. Flat saturated colour, no gradients past a subtle two-stop, nothing gritty. Must read clearly at 32px, never obscure a silhouette for more than ~200ms."
"biome-hazard:Singularity Zone:probabilityZones","biome-hazards","additive","probabilityZones","Environmental hazard art (additive trigger VFX) ""probabilityZones"". House VFX style: large, few, rounded particles — fat circles, chunky stars, thick rings. Never fine dust, realistic smoke, or lens flares. Additive glow clipped tight to the source. Flat saturated colour, no gradients past a subtle two-stop, nothing gritty. Must read clearly at 32px, never obscure a silhouette for more than ~200ms."
"biome-hazard:Singularity Zone:realityFractures","biome-hazards","additive","realityFractures","Environmental hazard art (additive trigger VFX) ""realityFractures"". House VFX style: large, few, rounded particles — fat circles, chunky stars, thick rings. Never fine dust, realistic smoke, or lens flares. Additive glow clipped tight to the source. Flat saturated colour, no gradients past a subtle two-stop, nothing gritty. Must read clearly at 32px, never obscure a silhouette for more than ~200ms."
"biome-hazard:Singularity Zone:quantumLightning","biome-hazards","additive","quantumLightning","Environmental hazard art (additive trigger VFX) ""quantumLightning"". House VFX style: large, few, rounded particles — fat circles, chunky stars, thick rings. Never fine dust, realistic smoke, or lens flares. Additive glow clipped tight to the source. Flat saturated colour, no gradients past a subtle two-stop, nothing gritty. Must read clearly at 32px, never obscure a silhouette for more than ~200ms."
"biome-hazard:Singularity Zone:phaseInstability","biome-hazards","additive","phaseInstability","Environmental hazard art (additive trigger VFX) ""phaseInstability"". House VFX style: large, few, rounded particles — fat circles, chunky stars, thick rings. Never fine dust, realistic smoke, or lens flares. Additive glow clipped tight to the source. Flat saturated colour, no gradients past a subtle two-stop, nothing gritty. Must read clearly at 32px, never obscure a silhouette for more than ~200ms."
"biome-hazard:Singularity Zone:eventHorizonSurges","biome-hazards","additive","eventHorizonSurges","Environmental hazard art (additive trigger VFX) ""eventHorizonSurges"". House VFX style: large, few, rounded particles — fat circles, chunky stars, thick rings. Never fine dust, realistic smoke, or lens flares. Additive glow clipped tight to the source. Flat saturated colour, no gradients past a subtle two-stop, nothing gritty. Must read clearly at 32px, never obscure a silhouette for more than ~200ms."
"biome-poi:Singularity Zone:realityWells","biome-poi","keyed","realityWells","Discovery/landmark icon or set-piece art (keyed) for ""realityWells"". House style: chibi-proportioned stylized 3D, flat toon/cel-shading (max two-tone gradient, no PBR falloff), rounded chunky forms with visible thickness, soft dark outline or additive drop-glow for edge separation (never a realistic cast shadow), saturated flat colour, no gradients past a subtle two-stop, no fine detail, no film grain/vignette/chromatic aberration/lens flare/dust/scratches. Silhouette must read clearly at 32px."
"biome-poi:Singularity Zone:infiniteLibraries","biome-poi","keyed","infiniteLibraries","Discovery/landmark icon or set-piece art (keyed) for ""infiniteLibraries"". House style: chibi-proportioned stylized 3D, flat toon/cel-shading (max two-tone gradient, no PBR falloff), rounded chunky forms with visible thickness, soft dark outline or additive drop-glow for edge separation (never a realistic cast shadow), saturated flat colour, no gradients past a subtle two-stop, no fine detail, no film grain/vignette/chromatic aberration/lens flare/dust/scratches. Silhouette must read clearly at 32px."
"biome-poi:Singularity Zone:collapsedObservatories","biome-poi","keyed","collapsedObservatories","Discovery/landmark icon or set-piece art (keyed) for ""collapsedObservatories"". House style: chibi-proportioned stylized 3D, flat toon/cel-shading (max two-tone gradient, no PBR falloff), rounded chunky forms with visible thickness, soft dark outline or additive drop-glow for edge separation (never a realistic cast shadow), saturated flat colour, no gradients past a subtle two-stop, no fine detail, no film grain/vignette/chromatic aberration/lens flare/dust/scratches. Silhouette must read clearly at 32px."
"biome-poi:Singularity Zone:quantumArchives","biome-poi","keyed","quantumArchives","Discovery/landmark icon or set-piece art (keyed) for ""quantumArchives"". House style: chibi-proportioned stylized 3D, flat toon/cel-shading (max two-tone gradient, no PBR falloff), rounded chunky forms with visible thickness, soft dark outline or additive drop-glow for edge separation (never a realistic cast shadow), saturated flat colour, no gradients past a subtle two-stop, no fine detail, no film grain/vignette/chromatic aberration/lens flare/dust/scratches. Silhouette must read clearly at 32px."
"biome-poi:Singularity Zone:singularityTemples","biome-poi","keyed","singularityTemples","Discovery/landmark icon or set-piece art (keyed) for ""singularityTemples"". House style: chibi-proportioned stylized 3D, flat toon/cel-shading (max two-tone gradient, no PBR falloff), rounded chunky forms with visible thickness, soft dark outline or additive drop-glow for edge separation (never a realistic cast shadow), saturated flat colour, no gradients past a subtle two-stop, no fine detail, no film grain/vignette/chromatic aberration/lens flare/dust/scratches. Silhouette must read clearly at 32px."
"biome-poi:Singularity Zone:mathematicalEngines","biome-poi","keyed","mathematicalEngines","Discovery/landmark icon or set-piece art (keyed) for ""mathematicalEngines"". House style: chibi-proportioned stylized 3D, flat toon/cel-shading (max two-tone gradient, no PBR falloff), rounded chunky forms with visible thickness, soft dark outline or additive drop-glow for edge separation (never a realistic cast shadow), saturated flat colour, no gradients past a subtle two-stop, no fine detail, no film grain/vignette/chromatic aberration/lens flare/dust/scratches. Silhouette must read clearly at 32px."
"biome-poi:Singularity Zone:timeVaults","biome-poi","keyed","timeVaults","Discovery/landmark icon or set-piece art (keyed) for ""timeVaults"". House style: chibi-proportioned stylized 3D, flat toon/cel-shading (max two-tone gradient, no PBR falloff), rounded chunky forms with visible thickness, soft dark outline or additive drop-glow for edge separation (never a realistic cast shadow), saturated flat colour, no gradients past a subtle two-stop, no fine detail, no film grain/vignette/chromatic aberration/lens flare/dust/scratches. Silhouette must read clearly at 32px."
"biome-poi:Singularity Zone:impossibleMonuments","biome-poi","keyed","impossibleMonuments","Discovery/landmark icon or set-piece art (keyed) for ""impossibleMonuments"". House style: chibi-proportioned stylized 3D, flat toon/cel-shading (max two-tone gradient, no PBR falloff), rounded chunky forms with visible thickness, soft dark outline or additive drop-glow for edge separation (never a realistic cast shadow), saturated flat colour, no gradients past a subtle two-stop, no fine detail, no film grain/vignette/chromatic aberration/lens flare/dust/scratches. Silhouette must read clearly at 32px."
"biome-weather:Solar Wastes:solarFlares","biome-weather","additive","solarFlares","Weather VFX (additive) ""solarFlares"". House VFX style: large, few, rounded particles — fat circles, chunky stars, thick rings. Never fine dust, realistic smoke, or lens flares. Additive glow clipped tight to the source. Flat saturated colour, no gradients past a subtle two-stop, nothing gritty. Must read clearly at 32px, never obscure a silhouette for more than ~200ms."
"biome-weather:Solar Wastes:coronalMassEjections","biome-weather","additive","coronalMassEjections","Weather VFX (additive) ""coronalMassEjections"". House VFX style: large, few, rounded particles — fat circles, chunky stars, thick rings. Never fine dust, realistic smoke, or lens flares. Additive glow clipped tight to the source. Flat saturated colour, no gradients past a subtle two-stop, nothing gritty. Must read clearly at 32px, never obscure a silhouette for more than ~200ms."
"biome-weather:Solar Wastes:plasmaRain","biome-weather","additive","plasmaRain","Weather VFX (additive) ""plasmaRain"". House VFX style: large, few, rounded particles — fat circles, chunky stars, thick rings. Never fine dust, realistic smoke, or lens flares. Additive glow clipped tight to the source. Flat saturated colour, no gradients past a subtle two-stop, nothing gritty. Must read clearly at 32px, never obscure a silhouette for more than ~200ms."
"biome-weather:Solar Wastes:radiationStorms","biome-weather","additive","radiationStorms","Weather VFX (additive) ""radiationStorms"". House VFX style: large, few, rounded particles — fat circles, chunky stars, thick rings. Never fine dust, realistic smoke, or lens flares. Additive glow clipped tight to the source. Flat saturated colour, no gradients past a subtle two-stop, nothing gritty. Must read clearly at 32px, never obscure a silhouette for more than ~200ms."
"biome-weather:Solar Wastes:heatWaves","biome-weather","additive","heatWaves","Weather VFX (additive) ""heatWaves"". House VFX style: large, few, rounded particles — fat circles, chunky stars, thick rings. Never fine dust, realistic smoke, or lens flares. Additive glow clipped tight to the source. Flat saturated colour, no gradients past a subtle two-stop, nothing gritty. Must read clearly at 32px, never obscure a silhouette for more than ~200ms."
"biome-weather:Solar Wastes:magneticStorms","biome-weather","additive","magneticStorms","Weather VFX (additive) ""magneticStorms"". House VFX style: large, few, rounded particles — fat circles, chunky stars, thick rings. Never fine dust, realistic smoke, or lens flares. Additive glow clipped tight to the source. Flat saturated colour, no gradients past a subtle two-stop, nothing gritty. Must read clearly at 32px, never obscure a silhouette for more than ~200ms."
"biome-weather:Solar Wastes:fireTornadoes","biome-weather","additive","fireTornadoes","Weather VFX (additive) ""fireTornadoes"". House VFX style: large, few, rounded particles — fat circles, chunky stars, thick rings. Never fine dust, realistic smoke, or lens flares. Additive glow clipped tight to the source. Flat saturated colour, no gradients past a subtle two-stop, nothing gritty. Must read clearly at 32px, never obscure a silhouette for more than ~200ms."
"biome-hazard:Solar Wastes:radiationFields","biome-hazards","additive","radiationFields","Environmental hazard art (additive trigger VFX) ""radiationFields"". House VFX style: large, few, rounded particles — fat circles, chunky stars, thick rings. Never fine dust, realistic smoke, or lens flares. Additive glow clipped tight to the source. Flat saturated colour, no gradients past a subtle two-stop, nothing gritty. Must read clearly at 32px, never obscure a silhouette for more than ~200ms."
"biome-hazard:Solar Wastes:solarBeams","biome-hazards","additive","solarBeams","Environmental hazard art (additive trigger VFX) ""solarBeams"". House VFX style: large, few, rounded particles — fat circles, chunky stars, thick rings. Never fine dust, realistic smoke, or lens flares. Additive glow clipped tight to the source. Flat saturated colour, no gradients past a subtle two-stop, nothing gritty. Must read clearly at 32px, never obscure a silhouette for more than ~200ms."
"biome-hazard:Solar Wastes:plasmaGeysers","biome-hazards","additive","plasmaGeysers","Environmental hazard art (additive trigger VFX) ""plasmaGeysers"". House VFX style: large, few, rounded particles — fat circles, chunky stars, thick rings. Never fine dust, realistic smoke, or lens flares. Additive glow clipped tight to the source. Flat saturated colour, no gradients past a subtle two-stop, nothing gritty. Must read clearly at 32px, never obscure a silhouette for more than ~200ms."
"biome-hazard:Solar Wastes:moltenDebris","biome-hazards","additive","moltenDebris","Environmental hazard art (additive trigger VFX) ""moltenDebris"". House VFX style: large, few, rounded particles — fat circles, chunky stars, thick rings. Never fine dust, realistic smoke, or lens flares. Additive glow clipped tight to the source. Flat saturated colour, no gradients past a subtle two-stop, nothing gritty. Must read clearly at 32px, never obscure a silhouette for more than ~200ms."
"biome-hazard:Solar Wastes:heatZones","biome-hazards","additive","heatZones","Environmental hazard art (additive trigger VFX) ""heatZones"". House VFX style: large, few, rounded particles — fat circles, chunky stars, thick rings. Never fine dust, realistic smoke, or lens flares. Additive glow clipped tight to the source. Flat saturated colour, no gradients past a subtle two-stop, nothing gritty. Must read clearly at 32px, never obscure a silhouette for more than ~200ms."
"biome-hazard:Solar Wastes:magneticCollapse","biome-hazards","additive","magneticCollapse","Environmental hazard art (additive trigger VFX) ""magneticCollapse"". House VFX style: large, few, rounded particles — fat circles, chunky stars, thick rings. Never fine dust, realistic smoke, or lens flares. Additive glow clipped tight to the source. Flat saturated colour, no gradients past a subtle two-stop, nothing gritty. Must read clearly at 32px, never obscure a silhouette for more than ~200ms."
"biome-hazard:Solar Wastes:explosiveGasClouds","biome-hazards","additive","explosiveGasClouds","Environmental hazard art (additive trigger VFX) ""explosiveGasClouds"". House VFX style: large, few, rounded particles — fat circles, chunky stars, thick rings. Never fine dust, realistic smoke, or lens flares. Additive glow clipped tight to the source. Flat saturated colour, no gradients past a subtle two-stop, nothing gritty. Must read clearly at 32px, never obscure a silhouette for more than ~200ms."
"biome-hazard:Solar Wastes:solarShockwaves","biome-hazards","additive","solarShockwaves","Environmental hazard art (additive trigger VFX) ""solarShockwaves"". House VFX style: large, few, rounded particles — fat circles, chunky stars, thick rings. Never fine dust, realistic smoke, or lens flares. Additive glow clipped tight to the source. Flat saturated colour, no gradients past a subtle two-stop, nothing gritty. Must read clearly at 32px, never obscure a silhouette for more than ~200ms."
"biome-poi:Solar Wastes:solarHarvesters","biome-poi","keyed","solarHarvesters","Discovery/landmark icon or set-piece art (keyed) for ""solarHarvesters"". House style: chibi-proportioned stylized 3D, flat toon/cel-shading (max two-tone gradient, no PBR falloff), rounded chunky forms with visible thickness, soft dark outline or additive drop-glow for edge separation (never a realistic cast shadow), saturated flat colour, no gradients past a subtle two-stop, no fine detail, no film grain/vignette/chromatic aberration/lens flare/dust/scratches. Silhouette must read clearly at 32px."
"biome-poi:Solar Wastes:ancientForges","biome-poi","keyed","ancientForges","Discovery/landmark icon or set-piece art (keyed) for ""ancientForges"". House style: chibi-proportioned stylized 3D, flat toon/cel-shading (max two-tone gradient, no PBR falloff), rounded chunky forms with visible thickness, soft dark outline or additive drop-glow for edge separation (never a realistic cast shadow), saturated flat colour, no gradients past a subtle two-stop, no fine detail, no film grain/vignette/chromatic aberration/lens flare/dust/scratches. Silhouette must read clearly at 32px."
"biome-poi:Solar Wastes:heatVaults","biome-poi","keyed","heatVaults","Discovery/landmark icon or set-piece art (keyed) for ""heatVaults"". House style: chibi-proportioned stylized 3D, flat toon/cel-shading (max two-tone gradient, no PBR falloff), rounded chunky forms with visible thickness, soft dark outline or additive drop-glow for edge separation (never a realistic cast shadow), saturated flat colour, no gradients past a subtle two-stop, no fine detail, no film grain/vignette/chromatic aberration/lens flare/dust/scratches. Silhouette must read clearly at 32px."
"biome-poi:Solar Wastes:plasmaWells","biome-poi","keyed","plasmaWells","Discovery/landmark icon or set-piece art (keyed) for ""plasmaWells"". House style: chibi-proportioned stylized 3D, flat toon/cel-shading (max two-tone gradient, no PBR falloff), rounded chunky forms with visible thickness, soft dark outline or additive drop-glow for edge separation (never a realistic cast shadow), saturated flat colour, no gradients past a subtle two-stop, no fine detail, no film grain/vignette/chromatic aberration/lens flare/dust/scratches. Silhouette must read clearly at 32px."
"biome-poi:Solar Wastes:fusionReactors","biome-poi","keyed","fusionReactors","Discovery/landmark icon or set-piece art (keyed) for ""fusionReactors"". House style: chibi-proportioned stylized 3D, flat toon/cel-shading (max two-tone gradient, no PBR falloff), rounded chunky forms with visible thickness, soft dark outline or additive drop-glow for edge separation (never a realistic cast shadow), saturated flat colour, no gradients past a subtle two-stop, no fine detail, no film grain/vignette/chromatic aberration/lens flare/dust/scratches. Silhouette must read clearly at 32px."
"biome-poi:Solar Wastes:orbitalMirrors","biome-poi","keyed","orbitalMirrors","Discovery/landmark icon or set-piece art (keyed) for ""orbitalMirrors"". House style: chibi-proportioned stylized 3D, flat toon/cel-shading (max two-tone gradient, no PBR falloff), rounded chunky forms with visible thickness, soft dark outline or additive drop-glow for edge separation (never a realistic cast shadow), saturated flat colour, no gradients past a subtle two-stop, no fine detail, no film grain/vignette/chromatic aberration/lens flare/dust/scratches. Silhouette must read clearly at 32px."
"biome-poi:Solar Wastes:researchPlatforms","biome-poi","keyed","researchPlatforms","Discovery/landmark icon or set-piece art (keyed) for ""researchPlatforms"". House style: chibi-proportioned stylized 3D, flat toon/cel-shading (max two-tone gradient, no PBR falloff), rounded chunky forms with visible thickness, soft dark outline or additive drop-glow for edge separation (never a realistic cast shadow), saturated flat colour, no gradients past a subtle two-stop, no fine detail, no film grain/vignette/chromatic aberration/lens flare/dust/scratches. Silhouette must read clearly at 32px."
"biome-poi:Solar Wastes:collapsedMiningColonies","biome-poi","keyed","collapsedMiningColonies","Discovery/landmark icon or set-piece art (keyed) for ""collapsedMiningColonies"". House style: chibi-proportioned stylized 3D, flat toon/cel-shading (max two-tone gradient, no PBR falloff), rounded chunky forms with visible thickness, soft dark outline or additive drop-glow for edge separation (never a realistic cast shadow), saturated flat colour, no gradients past a subtle two-stop, no fine detail, no film grain/vignette/chromatic aberration/lens flare/dust/scratches. Silhouette must read clearly at 32px."
"biome-weather:Void Expanse:voidStorms","biome-weather","additive","voidStorms","Weather VFX (additive) ""voidStorms"". House VFX style: large, few, rounded particles — fat circles, chunky stars, thick rings. Never fine dust, realistic smoke, or lens flares. Additive glow clipped tight to the source. Flat saturated colour, no gradients past a subtle two-stop, nothing gritty. Must read clearly at 32px, never obscure a silhouette for more than ~200ms."
"biome-weather:Void Expanse:realityPulses","biome-weather","additive","realityPulses","Weather VFX (additive) ""realityPulses"". House VFX style: large, few, rounded particles — fat circles, chunky stars, thick rings. Never fine dust, realistic smoke, or lens flares. Additive glow clipped tight to the source. Flat saturated colour, no gradients past a subtle two-stop, nothing gritty. Must read clearly at 32px, never obscure a silhouette for more than ~200ms."
"biome-weather:Void Expanse:gravitationalWaves","biome-weather","additive","gravitationalWaves","Weather VFX (additive) ""gravitationalWaves"". House VFX style: large, few, rounded particles — fat circles, chunky stars, thick rings. Never fine dust, realistic smoke, or lens flares. Additive glow clipped tight to the source. Flat saturated colour, no gradients past a subtle two-stop, nothing gritty. Must read clearly at 32px, never obscure a silhouette for more than ~200ms."
"biome-weather:Void Expanse:darkMatterClouds","biome-weather","additive","darkMatterClouds","Weather VFX (additive) ""darkMatterClouds"". House VFX style: large, few, rounded particles — fat circles, chunky stars, thick rings. Never fine dust, realistic smoke, or lens flares. Additive glow clipped tight to the source. Flat saturated colour, no gradients past a subtle two-stop, nothing gritty. Must read clearly at 32px, never obscure a silhouette for more than ~200ms."
"biome-weather:Void Expanse:temporalEchoes","biome-weather","additive","temporalEchoes","Weather VFX (additive) ""temporalEchoes"". House VFX style: large, few, rounded particles — fat circles, chunky stars, thick rings. Never fine dust, realistic smoke, or lens flares. Additive glow clipped tight to the source. Flat saturated colour, no gradients past a subtle two-stop, nothing gritty. Must read clearly at 32px, never obscure a silhouette for more than ~200ms."
"biome-weather:Void Expanse:spatialDistortion","biome-weather","additive","spatialDistortion","Weather VFX (additive) ""spatialDistortion"". House VFX style: large, few, rounded particles — fat circles, chunky stars, thick rings. Never fine dust, realistic smoke, or lens flares. Additive glow clipped tight to the source. Flat saturated colour, no gradients past a subtle two-stop, nothing gritty. Must read clearly at 32px, never obscure a silhouette for more than ~200ms."
"biome-weather:Void Expanse:quantumRain","biome-weather","additive","quantumRain","Weather VFX (additive) ""quantumRain"". House VFX style: large, few, rounded particles — fat circles, chunky stars, thick rings. Never fine dust, realistic smoke, or lens flares. Additive glow clipped tight to the source. Flat saturated colour, no gradients past a subtle two-stop, nothing gritty. Must read clearly at 32px, never obscure a silhouette for more than ~200ms."
"biome-hazard:Void Expanse:gravityWells","biome-hazards","additive","gravityWells","Environmental hazard art (additive trigger VFX) ""gravityWells"". House VFX style: large, few, rounded particles — fat circles, chunky stars, thick rings. Never fine dust, realistic smoke, or lens flares. Additive glow clipped tight to the source. Flat saturated colour, no gradients past a subtle two-stop, nothing gritty. Must read clearly at 32px, never obscure a silhouette for more than ~200ms."
"biome-hazard:Void Expanse:realityTears","biome-hazards","additive","realityTears","Environmental hazard art (additive trigger VFX) ""realityTears"". House VFX style: large, few, rounded particles — fat circles, chunky stars, thick rings. Never fine dust, realistic smoke, or lens flares. Additive glow clipped tight to the source. Flat saturated colour, no gradients past a subtle two-stop, nothing gritty. Must read clearly at 32px, never obscure a silhouette for more than ~200ms."
"biome-hazard:Void Expanse:temporalFields","biome-hazards","additive","temporalFields","Environmental hazard art (additive trigger VFX) ""temporalFields"". House VFX style: large, few, rounded particles — fat circles, chunky stars, thick rings. Never fine dust, realistic smoke, or lens flares. Additive glow clipped tight to the source. Flat saturated colour, no gradients past a subtle two-stop, nothing gritty. Must read clearly at 32px, never obscure a silhouette for more than ~200ms."
"biome-hazard:Void Expanse:voidZones","biome-hazards","additive","voidZones","Environmental hazard art (additive trigger VFX) ""voidZones"". House VFX style: large, few, rounded particles — fat circles, chunky stars, thick rings. Never fine dust, realistic smoke, or lens flares. Additive glow clipped tight to the source. Flat saturated colour, no gradients past a subtle two-stop, nothing gritty. Must read clearly at 32px, never obscure a silhouette for more than ~200ms."
"biome-hazard:Void Expanse:darkEnergyBursts","biome-hazards","additive","darkEnergyBursts","Environmental hazard art (additive trigger VFX) ""darkEnergyBursts"". House VFX style: large, few, rounded particles — fat circles, chunky stars, thick rings. Never fine dust, realistic smoke, or lens flares. Additive glow clipped tight to the source. Flat saturated colour, no gradients past a subtle two-stop, nothing gritty. Must read clearly at 32px, never obscure a silhouette for more than ~200ms."
"biome-hazard:Void Expanse:movingSingularities","biome-hazards","additive","movingSingularities","Environmental hazard art (additive trigger VFX) ""movingSingularities"". House VFX style: large, few, rounded particles — fat circles, chunky stars, thick rings. Never fine dust, realistic smoke, or lens flares. Additive glow clipped tight to the source. Flat saturated colour, no gradients past a subtle two-stop, nothing gritty. Must read clearly at 32px, never obscure a silhouette for more than ~200ms."
"biome-hazard:Void Expanse:collapsingSpace","biome-hazards","additive","collapsingSpace","Environmental hazard art (additive trigger VFX) ""collapsingSpace"". House VFX style: large, few, rounded particles — fat circles, chunky stars, thick rings. Never fine dust, realistic smoke, or lens flares. Additive glow clipped tight to the source. Flat saturated colour, no gradients past a subtle two-stop, nothing gritty. Must read clearly at 32px, never obscure a silhouette for more than ~200ms."
"biome-hazard:Void Expanse:phaseHazards","biome-hazards","additive","phaseHazards","Environmental hazard art (additive trigger VFX) ""phaseHazards"". House VFX style: large, few, rounded particles — fat circles, chunky stars, thick rings. Never fine dust, realistic smoke, or lens flares. Additive glow clipped tight to the source. Flat saturated colour, no gradients past a subtle two-stop, nothing gritty. Must read clearly at 32px, never obscure a silhouette for more than ~200ms."
"biome-poi:Void Expanse:realityAnchors","biome-poi","keyed","realityAnchors","Discovery/landmark icon or set-piece art (keyed) for ""realityAnchors"". House style: chibi-proportioned stylized 3D, flat toon/cel-shading (max two-tone gradient, no PBR falloff), rounded chunky forms with visible thickness, soft dark outline or additive drop-glow for edge separation (never a realistic cast shadow), saturated flat colour, no gradients past a subtle two-stop, no fine detail, no film grain/vignette/chromatic aberration/lens flare/dust/scratches. Silhouette must read clearly at 32px."
"biome-poi:Void Expanse:collapsedGateways","biome-poi","keyed","collapsedGateways","Discovery/landmark icon or set-piece art (keyed) for ""collapsedGateways"". House style: chibi-proportioned stylized 3D, flat toon/cel-shading (max two-tone gradient, no PBR falloff), rounded chunky forms with visible thickness, soft dark outline or additive drop-glow for edge separation (never a realistic cast shadow), saturated flat colour, no gradients past a subtle two-stop, no fine detail, no film grain/vignette/chromatic aberration/lens flare/dust/scratches. Silhouette must read clearly at 32px."
"biome-poi:Void Expanse:voidArchives","biome-poi","keyed","voidArchives","Discovery/landmark icon or set-piece art (keyed) for ""voidArchives"". House style: chibi-proportioned stylized 3D, flat toon/cel-shading (max two-tone gradient, no PBR falloff), rounded chunky forms with visible thickness, soft dark outline or additive drop-glow for edge separation (never a realistic cast shadow), saturated flat colour, no gradients past a subtle two-stop, no fine detail, no film grain/vignette/chromatic aberration/lens flare/dust/scratches. Silhouette must read clearly at 32px."
"biome-poi:Void Expanse:ancientMonoliths","biome-poi","keyed","ancientMonoliths","Discovery/landmark icon or set-piece art (keyed) for ""ancientMonoliths"". House style: chibi-proportioned stylized 3D, flat toon/cel-shading (max two-tone gradient, no PBR falloff), rounded chunky forms with visible thickness, soft dark outline or additive drop-glow for edge separation (never a realistic cast shadow), saturated flat colour, no gradients past a subtle two-stop, no fine detail, no film grain/vignette/chromatic aberration/lens flare/dust/scratches. Silhouette must read clearly at 32px."
"biome-poi:Void Expanse:singularityChambers","biome-poi","keyed","singularityChambers","Discovery/landmark icon or set-piece art (keyed) for ""singularityChambers"". House style: chibi-proportioned stylized 3D, flat toon/cel-shading (max two-tone gradient, no PBR falloff), rounded chunky forms with visible thickness, soft dark outline or additive drop-glow for edge separation (never a realistic cast shadow), saturated flat colour, no gradients past a subtle two-stop, no fine detail, no film grain/vignette/chromatic aberration/lens flare/dust/scratches. Silhouette must read clearly at 32px."
"biome-poi:Void Expanse:dimensionalBridges","biome-poi","keyed","dimensionalBridges","Discovery/landmark icon or set-piece art (keyed) for ""dimensionalBridges"". House style: chibi-proportioned stylized 3D, flat toon/cel-shading (max two-tone gradient, no PBR falloff), rounded chunky forms with visible thickness, soft dark outline or additive drop-glow for edge separation (never a realistic cast shadow), saturated flat colour, no gradients past a subtle two-stop, no fine detail, no film grain/vignette/chromatic aberration/lens flare/dust/scratches. Silhouette must read clearly at 32px."
"biome-poi:Void Expanse:lostFleets","biome-poi","keyed","lostFleets","Discovery/landmark icon or set-piece art (keyed) for ""lostFleets"". House style: chibi-proportioned stylized 3D, flat toon/cel-shading (max two-tone gradient, no PBR falloff), rounded chunky forms with visible thickness, soft dark outline or additive drop-glow for edge separation (never a realistic cast shadow), saturated flat colour, no gradients past a subtle two-stop, no fine detail, no film grain/vignette/chromatic aberration/lens flare/dust/scratches. Silhouette must read clearly at 32px."
"biome-poi:Void Expanse:quantumBeacons","biome-poi","keyed","quantumBeacons","Discovery/landmark icon or set-piece art (keyed) for ""quantumBeacons"". House style: chibi-proportioned stylized 3D, flat toon/cel-shading (max two-tone gradient, no PBR falloff), rounded chunky forms with visible thickness, soft dark outline or additive drop-glow for edge separation (never a realistic cast shadow), saturated flat colour, no gradients past a subtle two-stop, no fine detail, no film grain/vignette/chromatic aberration/lens flare/dust/scratches. Silhouette must read clearly at 32px."
"biome-event:distressSignal","biome-events","additive","distressSignal","Event-trigger VFX/banner (additive) for the shared biome event ""distressSignal"". House VFX style: large, few, rounded particles — fat circles, chunky stars, thick rings. Never fine dust, realistic smoke, or lens flares. Additive glow clipped tight to the source. Flat saturated colour, no gradients past a subtle two-stop, nothing gritty. Must read clearly at 32px, never obscure a silhouette for more than ~200ms."
"biome-event:ancientVault","biome-events","additive","ancientVault","Event-trigger VFX/banner (additive) for the shared biome event ""ancientVault"". House VFX style: large, few, rounded particles — fat circles, chunky stars, thick rings. Never fine dust, realistic smoke, or lens flares. Additive glow clipped tight to the source. Flat saturated colour, no gradients past a subtle two-stop, nothing gritty. Must read clearly at 32px, never obscure a silhouette for more than ~200ms."
"biome-event:lostExpedition","biome-events","additive","lostExpedition","Event-trigger VFX/banner (additive) for the shared biome event ""lostExpedition"". House VFX style: large, few, rounded particles — fat circles, chunky stars, thick rings. Never fine dust, realistic smoke, or lens flares. Additive glow clipped tight to the source. Flat saturated colour, no gradients past a subtle two-stop, nothing gritty. Must read clearly at 32px, never obscure a silhouette for more than ~200ms."
"biome-event:machineActivation","biome-events","additive","machineActivation","Event-trigger VFX/banner (additive) for the shared biome event ""machineActivation"". House VFX style: large, few, rounded particles — fat circles, chunky stars, thick rings. Never fine dust, realistic smoke, or lens flares. Additive glow clipped tight to the source. Flat saturated colour, no gradients past a subtle two-stop, nothing gritty. Must read clearly at 32px, never obscure a silhouette for more than ~200ms."
"biome-event:crystalBloom","biome-events","additive","crystalBloom","Event-trigger VFX/banner (additive) for the shared biome event ""crystalBloom"". House VFX style: large, few, rounded particles — fat circles, chunky stars, thick rings. Never fine dust, realistic smoke, or lens flares. Additive glow clipped tight to the source. Flat saturated colour, no gradients past a subtle two-stop, nothing gritty. Must read clearly at 32px, never obscure a silhouette for more than ~200ms."
"biome-event:solarFlare","biome-events","additive","solarFlare","Event-trigger VFX/banner (additive) for the shared biome event ""solarFlare"". House VFX style: large, few, rounded particles — fat circles, chunky stars, thick rings. Never fine dust, realistic smoke, or lens flares. Additive glow clipped tight to the source. Flat saturated colour, no gradients past a subtle two-stop, nothing gritty. Must read clearly at 32px, never obscure a silhouette for more than ~200ms."
"biome-event:voidBreach","biome-events","additive","voidBreach","Event-trigger VFX/banner (additive) for the shared biome event ""voidBreach"". House VFX style: large, few, rounded particles — fat circles, chunky stars, thick rings. Never fine dust, realistic smoke, or lens flares. Additive glow clipped tight to the source. Flat saturated colour, no gradients past a subtle two-stop, nothing gritty. Must read clearly at 32px, never obscure a silhouette for more than ~200ms."
"biome-event:wanderingMerchant","biome-events","additive","wanderingMerchant","Event-trigger VFX/banner (additive) for the shared biome event ""wanderingMerchant"". House VFX style: large, few, rounded particles — fat circles, chunky stars, thick rings. Never fine dust, realistic smoke, or lens flares. Additive glow clipped tight to the source. Flat saturated colour, no gradients past a subtle two-stop, nothing gritty. Must read clearly at 32px, never obscure a silhouette for more than ~200ms."
"biome-event:prototypeWreckage","biome-events","additive","prototypeWreckage","Event-trigger VFX/banner (additive) for the shared biome event ""prototypeWreckage"". House VFX style: large, few, rounded particles — fat circles, chunky stars, thick rings. Never fine dust, realistic smoke, or lens flares. Additive glow clipped tight to the source. Flat saturated colour, no gradients past a subtle two-stop, nothing gritty. Must read clearly at 32px, never obscure a silhouette for more than ~200ms."
"biome-event:factionConflict","biome-events","additive","factionConflict","Event-trigger VFX/banner (additive) for the shared biome event ""factionConflict"". House VFX style: large, few, rounded particles — fat circles, chunky stars, thick rings. Never fine dust, realistic smoke, or lens flares. Additive glow clipped tight to the source. Flat saturated colour, no gradients past a subtle two-stop, nothing gritty. Must read clearly at 32px, never obscure a silhouette for more than ~200ms."
"galaxy-cluster:lucent-cluster","galaxy","fullbleed","The Lucent Cluster","Full-bleed galaxy-map background for the ""The Lucent Cluster"" cluster. House background style: flat saturated colour, no gradients past a subtle two-stop, no film grain/vignette/chromatic aberration/lens flare/dust/scratches. Bold simple shapes, no fine detail or naturalistic texture noise. Must stay clearly readable behind foreground sprites — it never competes with the silhouette."
"galaxy-cluster:shattered-expanse-cluster","galaxy","fullbleed","The Shattered Expanse","Full-bleed galaxy-map background for the ""The Shattered Expanse"" cluster. House background style: flat saturated colour, no gradients past a subtle two-stop, no film grain/vignette/chromatic aberration/lens flare/dust/scratches. Bold simple shapes, no fine detail or naturalistic texture noise. Must stay clearly readable behind foreground sprites — it never competes with the silhouette."
"galaxy-region:crystalDominion","galaxy","fullbleed","Crystal Dominion","Full-bleed star-map region nebula/label art for ""Crystal Dominion"". Silicate empires that grew instead of building — the Dominion doesn't construct its fleets, it cultivates them. House background style: flat saturated colour, no gradients past a subtle two-stop, no film grain/vignette/chromatic aberration/lens flare/dust/scratches. Bold simple shapes, no fine detail or naturalistic texture noise. Must stay clearly readable behind foreground sprites — it never competes with the silhouette."
"galaxy-region:humanFrontier","galaxy","fullbleed","Human Frontier","Full-bleed star-map region nebula/label art for ""Human Frontier"". The fragile remains of humanity after the Collapse — rebuilding in public, so the dark can see it hasn't won. House background style: flat saturated colour, no gradients past a subtle two-stop, no film grain/vignette/chromatic aberration/lens flare/dust/scratches. Bold simple shapes, no fine detail or naturalistic texture noise. Must stay clearly readable behind foreground sprites — it never competes with the silhouette."
"galaxy-region:machineExpanse","galaxy","fullbleed","Machine Expanse","Full-bleed star-map region nebula/label art for ""Machine Expanse"". Entire planets converted into autonomous factories that kept manufacturing after everyone who could read the invoices died. House background style: flat saturated colour, no gradients past a subtle two-stop, no film grain/vignette/chromatic aberration/lens flare/dust/scratches. Bold simple shapes, no fine detail or naturalistic texture noise. Must stay clearly readable behind foreground sprites — it never competes with the silhouette."
"galaxy-region:voidExpanse","galaxy","fullbleed","Void Expanse","Full-bleed star-map region nebula/label art for ""Void Expanse"". Not empty space — emptied space. The region where physics stopped being a law and became a suggestion. House background style: flat saturated colour, no gradients past a subtle two-stop, no film grain/vignette/chromatic aberration/lens flare/dust/scratches. Bold simple shapes, no fine detail or naturalistic texture noise. Must stay clearly readable behind foreground sprites — it never competes with the silhouette."
"galaxy-region:ancientCore","galaxy","fullbleed","Ancient Core","Full-bleed star-map region nebula/label art for ""Ancient Core"". The civilisation that built the Afterlight Network did not fall here. It finished here — and whatever it finished, the Custodians still guard. House background style: flat saturated colour, no gradients past a subtle two-stop, no film grain/vignette/chromatic aberration/lens flare/dust/scratches. Bold simple shapes, no fine detail or naturalistic texture noise. Must stay clearly readable behind foreground sprites — it never competes with the silhouette."
"galaxy-region:solarWastes","galaxy","fullbleed","Solar Wastes","Full-bleed star-map region nebula/label art for ""Solar Wastes"". Dying suns and the salvage wars beneath them. The stars gave these systems everything, and now they are taking it back. House background style: flat saturated colour, no gradients past a subtle two-stop, no film grain/vignette/chromatic aberration/lens flare/dust/scratches. Bold simple shapes, no fine detail or naturalistic texture noise. Must stay clearly readable behind foreground sprites — it never competes with the silhouette."
"galaxy-region:frozenReach","galaxy","fullbleed","Frozen Reach","Full-bleed star-map region nebula/label art for ""Frozen Reach"". Where light barely reaches, entire systems chose suspension over escape. The quietest region of space is not empty — it is waiting. House background style: flat saturated colour, no gradients past a subtle two-stop, no film grain/vignette/chromatic aberration/lens flare/dust/scratches. Bold simple shapes, no fine detail or naturalistic texture noise. Must stay clearly readable behind foreground sprites — it never competes with the silhouette."
"galaxy-region:brokenSystems","galaxy","fullbleed","Broken Systems","Full-bleed star-map region nebula/label art for ""Broken Systems"". Millions of vessels from thousands of years of conflict, drifting where they fell. Nothing here was ever salvaged. Nobody agrees on why. House background style: flat saturated colour, no gradients past a subtle two-stop, no film grain/vignette/chromatic aberration/lens flare/dust/scratches. Bold simple shapes, no fine detail or naturalistic texture noise. Must stay clearly readable behind foreground sprites — it never competes with the silhouette."
"galaxy-region:darkNebula","galaxy","fullbleed","Dark Nebula","Full-bleed star-map region nebula/label art for ""Dark Nebula"". The nebula does not block the starlight. Something inside it drinks the starlight — and whatever grew in the dark grew very, very large. House background style: flat saturated colour, no gradients past a subtle two-stop, no film grain/vignette/chromatic aberration/lens flare/dust/scratches. Bold simple shapes, no fine detail or naturalistic texture noise. Must stay clearly readable behind foreground sprites — it never competes with the silhouette."
"galaxy-region:singularityZone","galaxy","fullbleed","Singularity Zone","Full-bleed star-map region nebula/label art for ""Singularity Zone"". Where black holes, collapsed stars and quantum anomalies merged into one impossible region. Physics is a negotiation here, and it is still being negotiated. House background style: flat saturated colour, no gradients past a subtle two-stop, no film grain/vignette/chromatic aberration/lens flare/dust/scratches. Bold simple shapes, no fine detail or naturalistic texture noise. Must stay clearly readable behind foreground sprites — it never competes with the silhouette."
"galaxy-region:shatteredExpanse","galaxy","fullbleed","Shattered Expanse","Full-bleed star-map region nebula/label art for ""Shattered Expanse"". A galaxy fractured by a war nobody living remembers starting. The pieces never stopped drifting apart. House background style: flat saturated colour, no gradients past a subtle two-stop, no film grain/vignette/chromatic aberration/lens flare/dust/scratches. Bold simple shapes, no fine detail or naturalistic texture noise. Must stay clearly readable behind foreground sprites — it never competes with the silhouette."
"galaxy-system:sys-lucent-gate","galaxy","keyed","Lucent Gate","Star-map node icon (keyed) for the system ""Lucent Gate"". House style: chibi-proportioned stylized 3D, flat toon/cel-shading (max two-tone gradient, no PBR falloff), rounded chunky forms with visible thickness, soft dark outline or additive drop-glow for edge separation (never a realistic cast shadow), saturated flat colour, no gradients past a subtle two-stop, no fine detail, no film grain/vignette/chromatic aberration/lens flare/dust/scratches. Silhouette must read clearly at 32px."
"galaxy-system:sys-hollow-drift","galaxy","keyed","Hollow Drift","Star-map node icon (keyed) for the system ""Hollow Drift"". House style: chibi-proportioned stylized 3D, flat toon/cel-shading (max two-tone gradient, no PBR falloff), rounded chunky forms with visible thickness, soft dark outline or additive drop-glow for edge separation (never a realistic cast shadow), saturated flat colour, no gradients past a subtle two-stop, no fine detail, no film grain/vignette/chromatic aberration/lens flare/dust/scratches. Silhouette must read clearly at 32px."
"galaxy-system:sys-ember-reach","galaxy","keyed","Ember Reach","Star-map node icon (keyed) for the system ""Ember Reach"". House style: chibi-proportioned stylized 3D, flat toon/cel-shading (max two-tone gradient, no PBR falloff), rounded chunky forms with visible thickness, soft dark outline or additive drop-glow for edge separation (never a realistic cast shadow), saturated flat colour, no gradients past a subtle two-stop, no fine detail, no film grain/vignette/chromatic aberration/lens flare/dust/scratches. Silhouette must read clearly at 32px."
"galaxy-system:sys-meridian-rest","galaxy","keyed","Meridian Rest","Star-map node icon (keyed) for the system ""Meridian Rest"". House style: chibi-proportioned stylized 3D, flat toon/cel-shading (max two-tone gradient, no PBR falloff), rounded chunky forms with visible thickness, soft dark outline or additive drop-glow for edge separation (never a realistic cast shadow), saturated flat colour, no gradients past a subtle two-stop, no fine detail, no film grain/vignette/chromatic aberration/lens flare/dust/scratches. Silhouette must read clearly at 32px."
"galaxy-system:sys-prismheart","galaxy","keyed","Prismheart","Star-map node icon (keyed) for the system ""Prismheart"". House style: chibi-proportioned stylized 3D, flat toon/cel-shading (max two-tone gradient, no PBR falloff), rounded chunky forms with visible thickness, soft dark outline or additive drop-glow for edge separation (never a realistic cast shadow), saturated flat colour, no gradients past a subtle two-stop, no fine detail, no film grain/vignette/chromatic aberration/lens flare/dust/scratches. Silhouette must read clearly at 32px."
"galaxy-system:sys-forge-primus","galaxy","keyed","Forge Primus","Star-map node icon (keyed) for the system ""Forge Primus"". House style: chibi-proportioned stylized 3D, flat toon/cel-shading (max two-tone gradient, no PBR falloff), rounded chunky forms with visible thickness, soft dark outline or additive drop-glow for edge separation (never a realistic cast shadow), saturated flat colour, no gradients past a subtle two-stop, no fine detail, no film grain/vignette/chromatic aberration/lens flare/dust/scratches. Silhouette must read clearly at 32px."
"galaxy-system:sys-hollow-crown","galaxy","keyed","Hollow Crown","Star-map node icon (keyed) for the system ""Hollow Crown"". House style: chibi-proportioned stylized 3D, flat toon/cel-shading (max two-tone gradient, no PBR falloff), rounded chunky forms with visible thickness, soft dark outline or additive drop-glow for edge separation (never a realistic cast shadow), saturated flat colour, no gradients past a subtle two-stop, no fine detail, no film grain/vignette/chromatic aberration/lens flare/dust/scratches. Silhouette must read clearly at 32px."
"galaxy-system:sys-first-light","galaxy","keyed","First Light","Star-map node icon (keyed) for the system ""First Light"". House style: chibi-proportioned stylized 3D, flat toon/cel-shading (max two-tone gradient, no PBR falloff), rounded chunky forms with visible thickness, soft dark outline or additive drop-glow for edge separation (never a realistic cast shadow), saturated flat colour, no gradients past a subtle two-stop, no fine detail, no film grain/vignette/chromatic aberration/lens flare/dust/scratches. Silhouette must read clearly at 32px."
"galaxy-system:sys-cinderfall","galaxy","keyed","Cinderfall","Star-map node icon (keyed) for the system ""Cinderfall"". House style: chibi-proportioned stylized 3D, flat toon/cel-shading (max two-tone gradient, no PBR falloff), rounded chunky forms with visible thickness, soft dark outline or additive drop-glow for edge separation (never a realistic cast shadow), saturated flat colour, no gradients past a subtle two-stop, no fine detail, no film grain/vignette/chromatic aberration/lens flare/dust/scratches. Silhouette must read clearly at 32px."
"galaxy-system:sys-winterline","galaxy","keyed","Winterline","Star-map node icon (keyed) for the system ""Winterline"". House style: chibi-proportioned stylized 3D, flat toon/cel-shading (max two-tone gradient, no PBR falloff), rounded chunky forms with visible thickness, soft dark outline or additive drop-glow for edge separation (never a realistic cast shadow), saturated flat colour, no gradients past a subtle two-stop, no fine detail, no film grain/vignette/chromatic aberration/lens flare/dust/scratches. Silhouette must read clearly at 32px."
"galaxy-system:sys-gravewake","galaxy","keyed","Gravewake","Star-map node icon (keyed) for the system ""Gravewake"". House style: chibi-proportioned stylized 3D, flat toon/cel-shading (max two-tone gradient, no PBR falloff), rounded chunky forms with visible thickness, soft dark outline or additive drop-glow for edge separation (never a realistic cast shadow), saturated flat colour, no gradients past a subtle two-stop, no fine detail, no film grain/vignette/chromatic aberration/lens flare/dust/scratches. Silhouette must read clearly at 32px."
"galaxy-system:sys-verdance","galaxy","keyed","Verdance","Star-map node icon (keyed) for the system ""Verdance"". House style: chibi-proportioned stylized 3D, flat toon/cel-shading (max two-tone gradient, no PBR falloff), rounded chunky forms with visible thickness, soft dark outline or additive drop-glow for edge separation (never a realistic cast shadow), saturated flat colour, no gradients past a subtle two-stop, no fine detail, no film grain/vignette/chromatic aberration/lens flare/dust/scratches. Silhouette must read clearly at 32px."
"galaxy-system:sys-axiom","galaxy","keyed","Axiom","Star-map node icon (keyed) for the system ""Axiom"". House style: chibi-proportioned stylized 3D, flat toon/cel-shading (max two-tone gradient, no PBR falloff), rounded chunky forms with visible thickness, soft dark outline or additive drop-glow for edge separation (never a realistic cast shadow), saturated flat colour, no gradients past a subtle two-stop, no fine detail, no film grain/vignette/chromatic aberration/lens flare/dust/scratches. Silhouette must read clearly at 32px."
"galaxy-system:sys-shatter-approach","galaxy","keyed","Shatter Approach","Star-map node icon (keyed) for the system ""Shatter Approach"". House style: chibi-proportioned stylized 3D, flat toon/cel-shading (max two-tone gradient, no PBR falloff), rounded chunky forms with visible thickness, soft dark outline or additive drop-glow for edge separation (never a realistic cast shadow), saturated flat colour, no gradients past a subtle two-stop, no fine detail, no film grain/vignette/chromatic aberration/lens flare/dust/scratches. Silhouette must read clearly at 32px."
"galaxy-system:sys-shatter-core","galaxy","keyed","Shatter Core","Star-map node icon (keyed) for the system ""Shatter Core"". House style: chibi-proportioned stylized 3D, flat toon/cel-shading (max two-tone gradient, no PBR falloff), rounded chunky forms with visible thickness, soft dark outline or additive drop-glow for edge separation (never a realistic cast shadow), saturated flat colour, no gradients past a subtle two-stop, no fine detail, no film grain/vignette/chromatic aberration/lens flare/dust/scratches. Silhouette must read clearly at 32px."
"mission:crystal-fields-incursion","missions","fullbleed","Crystal Fields Incursion","Full-bleed mission-briefing illustration for ""Crystal Fields Incursion"" — A Void signature has been tracked into the Crystal Fields. Clear the sector, recover what you can, and be ready for whatever is guarding it. House background style: flat saturated colour, no gradients past a subtle two-stop, no film grain/vignette/chromatic aberration/lens flare/dust/scratches. Bold simple shapes, no fine detail or naturalistic texture noise. Must stay clearly readable behind foreground sprites — it never competes with the silhouette."
"mission:winterline-rescue","missions","fullbleed","Winterline Rescue","Full-bleed mission-briefing illustration for ""Winterline Rescue"" — Three survey crews went dark past the Winterline. The Reach does not kill quickly — there is still time, if you fly now. House background style: flat saturated colour, no gradients past a subtle two-stop, no film grain/vignette/chromatic aberration/lens flare/dust/scratches. Bold simple shapes, no fine detail or naturalistic texture noise. Must stay clearly readable behind foreground sprites — it never competes with the silhouette."
"mission:first-light-excavation","missions","fullbleed","First Light Excavation","Full-bleed mission-briefing illustration for ""First Light Excavation"" — The Archive has cleared a dig window at First Light. Scan the vault sites, recover what the precursors left, and do not assume the Core is unguarded. House background style: flat saturated colour, no gradients past a subtle two-stop, no film grain/vignette/chromatic aberration/lens flare/dust/scratches. Bold simple shapes, no fine detail or naturalistic texture noise. Must stay clearly readable behind foreground sprites — it never competes with the silhouette."
"mission:forge-primus-uprising","missions","fullbleed","Forge Primus Uprising","Full-bleed mission-briefing illustration for ""Forge Primus Uprising"" — The Foundry's own production line has turned on its overseers. Break the assembly line before it arms itself. House background style: flat saturated colour, no gradients past a subtle two-stop, no film grain/vignette/chromatic aberration/lens flare/dust/scratches. Bold simple shapes, no fine detail or naturalistic texture noise. Must stay clearly readable behind foreground sprites — it never competes with the silhouette."
"modifier-icon:lowGravity","mission-modifiers","keyed","lowGravity","Mission-modifier icon (keyed) for ""lowGravity"". House style: chibi-proportioned stylized 3D, flat toon/cel-shading (max two-tone gradient, no PBR falloff), rounded chunky forms with visible thickness, soft dark outline or additive drop-glow for edge separation (never a realistic cast shadow), saturated flat colour, no gradients past a subtle two-stop, no fine detail, no film grain/vignette/chromatic aberration/lens flare/dust/scratches. Silhouette must read clearly at 32px."
"modifier-vfx:lowGravity","mission-modifiers","additive","lowGravity","Environmental overlay VFX (additive) signalling the active mission modifier ""lowGravity"". House VFX style: large, few, rounded particles — fat circles, chunky stars, thick rings. Never fine dust, realistic smoke, or lens flares. Additive glow clipped tight to the source. Flat saturated colour, no gradients past a subtle two-stop, nothing gritty. Must read clearly at 32px, never obscure a silhouette for more than ~200ms."
"modifier-icon:radiation","mission-modifiers","keyed","radiation","Mission-modifier icon (keyed) for ""radiation"". House style: chibi-proportioned stylized 3D, flat toon/cel-shading (max two-tone gradient, no PBR falloff), rounded chunky forms with visible thickness, soft dark outline or additive drop-glow for edge separation (never a realistic cast shadow), saturated flat colour, no gradients past a subtle two-stop, no fine detail, no film grain/vignette/chromatic aberration/lens flare/dust/scratches. Silhouette must read clearly at 32px."
"modifier-vfx:radiation","mission-modifiers","additive","radiation","Environmental overlay VFX (additive) signalling the active mission modifier ""radiation"". House VFX style: large, few, rounded particles — fat circles, chunky stars, thick rings. Never fine dust, realistic smoke, or lens flares. Additive glow clipped tight to the source. Flat saturated colour, no gradients past a subtle two-stop, nothing gritty. Must read clearly at 32px, never obscure a silhouette for more than ~200ms."
"modifier-icon:eliteActivity","mission-modifiers","keyed","eliteActivity","Mission-modifier icon (keyed) for ""eliteActivity"". House style: chibi-proportioned stylized 3D, flat toon/cel-shading (max two-tone gradient, no PBR falloff), rounded chunky forms with visible thickness, soft dark outline or additive drop-glow for edge separation (never a realistic cast shadow), saturated flat colour, no gradients past a subtle two-stop, no fine detail, no film grain/vignette/chromatic aberration/lens flare/dust/scratches. Silhouette must read clearly at 32px."
"modifier-vfx:eliteActivity","mission-modifiers","additive","eliteActivity","Environmental overlay VFX (additive) signalling the active mission modifier ""eliteActivity"". House VFX style: large, few, rounded particles — fat circles, chunky stars, thick rings. Never fine dust, realistic smoke, or lens flares. Additive glow clipped tight to the source. Flat saturated colour, no gradients past a subtle two-stop, nothing gritty. Must read clearly at 32px, never obscure a silhouette for more than ~200ms."
"modifier-icon:doubleRewards","mission-modifiers","keyed","doubleRewards","Mission-modifier icon (keyed) for ""doubleRewards"". House style: chibi-proportioned stylized 3D, flat toon/cel-shading (max two-tone gradient, no PBR falloff), rounded chunky forms with visible thickness, soft dark outline or additive drop-glow for edge separation (never a realistic cast shadow), saturated flat colour, no gradients past a subtle two-stop, no fine detail, no film grain/vignette/chromatic aberration/lens flare/dust/scratches. Silhouette must read clearly at 32px."
"modifier-vfx:doubleRewards","mission-modifiers","additive","doubleRewards","Environmental overlay VFX (additive) signalling the active mission modifier ""doubleRewards"". House VFX style: large, few, rounded particles — fat circles, chunky stars, thick rings. Never fine dust, realistic smoke, or lens flares. Additive glow clipped tight to the source. Flat saturated colour, no gradients past a subtle two-stop, nothing gritty. Must read clearly at 32px, never obscure a silhouette for more than ~200ms."
"modifier-icon:shieldInstability","mission-modifiers","keyed","shieldInstability","Mission-modifier icon (keyed) for ""shieldInstability"". House style: chibi-proportioned stylized 3D, flat toon/cel-shading (max two-tone gradient, no PBR falloff), rounded chunky forms with visible thickness, soft dark outline or additive drop-glow for edge separation (never a realistic cast shadow), saturated flat colour, no gradients past a subtle two-stop, no fine detail, no film grain/vignette/chromatic aberration/lens flare/dust/scratches. Silhouette must read clearly at 32px."
"modifier-vfx:shieldInstability","mission-modifiers","additive","shieldInstability","Environmental overlay VFX (additive) signalling the active mission modifier ""shieldInstability"". House VFX style: large, few, rounded particles — fat circles, chunky stars, thick rings. Never fine dust, realistic smoke, or lens flares. Additive glow clipped tight to the source. Flat saturated colour, no gradients past a subtle two-stop, nothing gritty. Must read clearly at 32px, never obscure a silhouette for more than ~200ms."
"modifier-icon:weaponOvercharge","mission-modifiers","keyed","weaponOvercharge","Mission-modifier icon (keyed) for ""weaponOvercharge"". House style: chibi-proportioned stylized 3D, flat toon/cel-shading (max two-tone gradient, no PBR falloff), rounded chunky forms with visible thickness, soft dark outline or additive drop-glow for edge separation (never a realistic cast shadow), saturated flat colour, no gradients past a subtle two-stop, no fine detail, no film grain/vignette/chromatic aberration/lens flare/dust/scratches. Silhouette must read clearly at 32px."
"modifier-vfx:weaponOvercharge","mission-modifiers","additive","weaponOvercharge","Environmental overlay VFX (additive) signalling the active mission modifier ""weaponOvercharge"". House VFX style: large, few, rounded particles — fat circles, chunky stars, thick rings. Never fine dust, realistic smoke, or lens flares. Additive glow clipped tight to the source. Flat saturated colour, no gradients past a subtle two-stop, nothing gritty. Must read clearly at 32px, never obscure a silhouette for more than ~200ms."
"modifier-icon:crystalBloom","mission-modifiers","keyed","crystalBloom","Mission-modifier icon (keyed) for ""crystalBloom"". House style: chibi-proportioned stylized 3D, flat toon/cel-shading (max two-tone gradient, no PBR falloff), rounded chunky forms with visible thickness, soft dark outline or additive drop-glow for edge separation (never a realistic cast shadow), saturated flat colour, no gradients past a subtle two-stop, no fine detail, no film grain/vignette/chromatic aberration/lens flare/dust/scratches. Silhouette must read clearly at 32px."
"modifier-vfx:crystalBloom","mission-modifiers","additive","crystalBloom","Environmental overlay VFX (additive) signalling the active mission modifier ""crystalBloom"". House VFX style: large, few, rounded particles — fat circles, chunky stars, thick rings. Never fine dust, realistic smoke, or lens flares. Additive glow clipped tight to the source. Flat saturated colour, no gradients past a subtle two-stop, nothing gritty. Must read clearly at 32px, never obscure a silhouette for more than ~200ms."
"modifier-icon:darkSector","mission-modifiers","keyed","darkSector","Mission-modifier icon (keyed) for ""darkSector"". House style: chibi-proportioned stylized 3D, flat toon/cel-shading (max two-tone gradient, no PBR falloff), rounded chunky forms with visible thickness, soft dark outline or additive drop-glow for edge separation (never a realistic cast shadow), saturated flat colour, no gradients past a subtle two-stop, no fine detail, no film grain/vignette/chromatic aberration/lens flare/dust/scratches. Silhouette must read clearly at 32px."
"modifier-vfx:darkSector","mission-modifiers","additive","darkSector","Environmental overlay VFX (additive) signalling the active mission modifier ""darkSector"". House VFX style: large, few, rounded particles — fat circles, chunky stars, thick rings. Never fine dust, realistic smoke, or lens flares. Additive glow clipped tight to the source. Flat saturated colour, no gradients past a subtle two-stop, nothing gritty. Must read clearly at 32px, never obscure a silhouette for more than ~200ms."
"modifier-icon:voidCorruption","mission-modifiers","keyed","voidCorruption","Mission-modifier icon (keyed) for ""voidCorruption"". House style: chibi-proportioned stylized 3D, flat toon/cel-shading (max two-tone gradient, no PBR falloff), rounded chunky forms with visible thickness, soft dark outline or additive drop-glow for edge separation (never a realistic cast shadow), saturated flat colour, no gradients past a subtle two-stop, no fine detail, no film grain/vignette/chromatic aberration/lens flare/dust/scratches. Silhouette must read clearly at 32px."
"modifier-vfx:voidCorruption","mission-modifiers","additive","voidCorruption","Environmental overlay VFX (additive) signalling the active mission modifier ""voidCorruption"". House VFX style: large, few, rounded particles — fat circles, chunky stars, thick rings. Never fine dust, realistic smoke, or lens flares. Additive glow clipped tight to the source. Flat saturated colour, no gradients past a subtle two-stop, nothing gritty. Must read clearly at 32px, never obscure a silhouette for more than ~200ms."
"modifier-icon:experimentalConditions","mission-modifiers","keyed","experimentalConditions","Mission-modifier icon (keyed) for ""experimentalConditions"". House style: chibi-proportioned stylized 3D, flat toon/cel-shading (max two-tone gradient, no PBR falloff), rounded chunky forms with visible thickness, soft dark outline or additive drop-glow for edge separation (never a realistic cast shadow), saturated flat colour, no gradients past a subtle two-stop, no fine detail, no film grain/vignette/chromatic aberration/lens flare/dust/scratches. Silhouette must read clearly at 32px."
"modifier-vfx:experimentalConditions","mission-modifiers","additive","experimentalConditions","Environmental overlay VFX (additive) signalling the active mission modifier ""experimentalConditions"". House VFX style: large, few, rounded particles — fat circles, chunky stars, thick rings. Never fine dust, realistic smoke, or lens flares. Additive glow clipped tight to the source. Flat saturated colour, no gradients past a subtle two-stop, nothing gritty. Must read clearly at 32px, never obscure a silhouette for more than ~200ms."
"modifier-icon:meteorStorm","mission-modifiers","keyed","meteorStorm","Mission-modifier icon (keyed) for ""meteorStorm"". House style: chibi-proportioned stylized 3D, flat toon/cel-shading (max two-tone gradient, no PBR falloff), rounded chunky forms with visible thickness, soft dark outline or additive drop-glow for edge separation (never a realistic cast shadow), saturated flat colour, no gradients past a subtle two-stop, no fine detail, no film grain/vignette/chromatic aberration/lens flare/dust/scratches. Silhouette must read clearly at 32px."
"modifier-vfx:meteorStorm","mission-modifiers","additive","meteorStorm","Environmental overlay VFX (additive) signalling the active mission modifier ""meteorStorm"". House VFX style: large, few, rounded particles — fat circles, chunky stars, thick rings. Never fine dust, realistic smoke, or lens flares. Additive glow clipped tight to the source. Flat saturated colour, no gradients past a subtle two-stop, nothing gritty. Must read clearly at 32px, never obscure a silhouette for more than ~200ms."
"modifier-icon:solarRadiation","mission-modifiers","keyed","solarRadiation","Mission-modifier icon (keyed) for ""solarRadiation"". House style: chibi-proportioned stylized 3D, flat toon/cel-shading (max two-tone gradient, no PBR falloff), rounded chunky forms with visible thickness, soft dark outline or additive drop-glow for edge separation (never a realistic cast shadow), saturated flat colour, no gradients past a subtle two-stop, no fine detail, no film grain/vignette/chromatic aberration/lens flare/dust/scratches. Silhouette must read clearly at 32px."
"modifier-vfx:solarRadiation","mission-modifiers","additive","solarRadiation","Environmental overlay VFX (additive) signalling the active mission modifier ""solarRadiation"". House VFX style: large, few, rounded particles — fat circles, chunky stars, thick rings. Never fine dust, realistic smoke, or lens flares. Additive glow clipped tight to the source. Flat saturated colour, no gradients past a subtle two-stop, nothing gritty. Must read clearly at 32px, never obscure a silhouette for more than ~200ms."
"modifier-icon:blackHoleDistortion","mission-modifiers","keyed","blackHoleDistortion","Mission-modifier icon (keyed) for ""blackHoleDistortion"". House style: chibi-proportioned stylized 3D, flat toon/cel-shading (max two-tone gradient, no PBR falloff), rounded chunky forms with visible thickness, soft dark outline or additive drop-glow for edge separation (never a realistic cast shadow), saturated flat colour, no gradients past a subtle two-stop, no fine detail, no film grain/vignette/chromatic aberration/lens flare/dust/scratches. Silhouette must read clearly at 32px."
"modifier-vfx:blackHoleDistortion","mission-modifiers","additive","blackHoleDistortion","Environmental overlay VFX (additive) signalling the active mission modifier ""blackHoleDistortion"". House VFX style: large, few, rounded particles — fat circles, chunky stars, thick rings. Never fine dust, realistic smoke, or lens flares. Additive glow clipped tight to the source. Flat saturated colour, no gradients past a subtle two-stop, nothing gritty. Must read clearly at 32px, never obscure a silhouette for more than ~200ms."
"modifier-icon:electricalNebula","mission-modifiers","keyed","electricalNebula","Mission-modifier icon (keyed) for ""electricalNebula"". House style: chibi-proportioned stylized 3D, flat toon/cel-shading (max two-tone gradient, no PBR falloff), rounded chunky forms with visible thickness, soft dark outline or additive drop-glow for edge separation (never a realistic cast shadow), saturated flat colour, no gradients past a subtle two-stop, no fine detail, no film grain/vignette/chromatic aberration/lens flare/dust/scratches. Silhouette must read clearly at 32px."
"modifier-vfx:electricalNebula","mission-modifiers","additive","electricalNebula","Environmental overlay VFX (additive) signalling the active mission modifier ""electricalNebula"". House VFX style: large, few, rounded particles — fat circles, chunky stars, thick rings. Never fine dust, realistic smoke, or lens flares. Additive glow clipped tight to the source. Flat saturated colour, no gradients past a subtle two-stop, nothing gritty. Must read clearly at 32px, never obscure a silhouette for more than ~200ms."
"modifier-icon:frozenSector","mission-modifiers","keyed","frozenSector","Mission-modifier icon (keyed) for ""frozenSector"". House style: chibi-proportioned stylized 3D, flat toon/cel-shading (max two-tone gradient, no PBR falloff), rounded chunky forms with visible thickness, soft dark outline or additive drop-glow for edge separation (never a realistic cast shadow), saturated flat colour, no gradients past a subtle two-stop, no fine detail, no film grain/vignette/chromatic aberration/lens flare/dust/scratches. Silhouette must read clearly at 32px."
"modifier-vfx:frozenSector","mission-modifiers","additive","frozenSector","Environmental overlay VFX (additive) signalling the active mission modifier ""frozenSector"". House VFX style: large, few, rounded particles — fat circles, chunky stars, thick rings. Never fine dust, realistic smoke, or lens flares. Additive glow clipped tight to the source. Flat saturated colour, no gradients past a subtle two-stop, nothing gritty. Must read clearly at 32px, never obscure a silhouette for more than ~200ms."
"modifier-icon:toxicClouds","mission-modifiers","keyed","toxicClouds","Mission-modifier icon (keyed) for ""toxicClouds"". House style: chibi-proportioned stylized 3D, flat toon/cel-shading (max two-tone gradient, no PBR falloff), rounded chunky forms with visible thickness, soft dark outline or additive drop-glow for edge separation (never a realistic cast shadow), saturated flat colour, no gradients past a subtle two-stop, no fine detail, no film grain/vignette/chromatic aberration/lens flare/dust/scratches. Silhouette must read clearly at 32px."
"modifier-vfx:toxicClouds","mission-modifiers","additive","toxicClouds","Environmental overlay VFX (additive) signalling the active mission modifier ""toxicClouds"". House VFX style: large, few, rounded particles — fat circles, chunky stars, thick rings. Never fine dust, realistic smoke, or lens flares. Additive glow clipped tight to the source. Flat saturated colour, no gradients past a subtle two-stop, nothing gritty. Must read clearly at 32px, never obscure a silhouette for more than ~200ms."
"modifier-icon:darkMatter","mission-modifiers","keyed","darkMatter","Mission-modifier icon (keyed) for ""darkMatter"". House style: chibi-proportioned stylized 3D, flat toon/cel-shading (max two-tone gradient, no PBR falloff), rounded chunky forms with visible thickness, soft dark outline or additive drop-glow for edge separation (never a realistic cast shadow), saturated flat colour, no gradients past a subtle two-stop, no fine detail, no film grain/vignette/chromatic aberration/lens flare/dust/scratches. Silhouette must read clearly at 32px."
"modifier-vfx:darkMatter","mission-modifiers","additive","darkMatter","Environmental overlay VFX (additive) signalling the active mission modifier ""darkMatter"". House VFX style: large, few, rounded particles — fat circles, chunky stars, thick rings. Never fine dust, realistic smoke, or lens flares. Additive glow clipped tight to the source. Flat saturated colour, no gradients past a subtle two-stop, nothing gritty. Must read clearly at 32px, never obscure a silhouette for more than ~200ms."
"modifier-icon:ancientBattlefield","mission-modifiers","keyed","ancientBattlefield","Mission-modifier icon (keyed) for ""ancientBattlefield"". House style: chibi-proportioned stylized 3D, flat toon/cel-shading (max two-tone gradient, no PBR falloff), rounded chunky forms with visible thickness, soft dark outline or additive drop-glow for edge separation (never a realistic cast shadow), saturated flat colour, no gradients past a subtle two-stop, no fine detail, no film grain/vignette/chromatic aberration/lens flare/dust/scratches. Silhouette must read clearly at 32px."
"modifier-vfx:ancientBattlefield","mission-modifiers","additive","ancientBattlefield","Environmental overlay VFX (additive) signalling the active mission modifier ""ancientBattlefield"". House VFX style: large, few, rounded particles — fat circles, chunky stars, thick rings. Never fine dust, realistic smoke, or lens flares. Additive glow clipped tight to the source. Flat saturated colour, no gradients past a subtle two-stop, nothing gritty. Must read clearly at 32px, never obscure a silhouette for more than ~200ms."
"modifier-icon:civilianEvacuation","mission-modifiers","keyed","civilianEvacuation","Mission-modifier icon (keyed) for ""civilianEvacuation"". House style: chibi-proportioned stylized 3D, flat toon/cel-shading (max two-tone gradient, no PBR falloff), rounded chunky forms with visible thickness, soft dark outline or additive drop-glow for edge separation (never a realistic cast shadow), saturated flat colour, no gradients past a subtle two-stop, no fine detail, no film grain/vignette/chromatic aberration/lens flare/dust/scratches. Silhouette must read clearly at 32px."
"modifier-vfx:civilianEvacuation","mission-modifiers","additive","civilianEvacuation","Environmental overlay VFX (additive) signalling the active mission modifier ""civilianEvacuation"". House VFX style: large, few, rounded particles — fat circles, chunky stars, thick rings. Never fine dust, realistic smoke, or lens flares. Additive glow clipped tight to the source. Flat saturated colour, no gradients past a subtle two-stop, nothing gritty. Must read clearly at 32px, never obscure a silhouette for more than ~200ms."
"screen:Boot","ui-screens","fullbleed","Boot","Full-bleed screen layout/background treatment for the ""Boot"" screen. House UI style: rounded, chunky shapes — no 1px lines, no sharp rectangles, minimum visible corner radius, bars/panels/frames have visible thickness. Flat saturated colour capped at a two-stop gradient. Rounded, heavy-weight friendly type. Outline or drop-glow for separation, never a realistic shadow."
"screen:Splash","ui-screens","fullbleed","Splash","Full-bleed screen layout/background treatment for the ""Splash"" screen. House UI style: rounded, chunky shapes — no 1px lines, no sharp rectangles, minimum visible corner radius, bars/panels/frames have visible thickness. Flat saturated colour capped at a two-stop gradient. Rounded, heavy-weight friendly type. Outline or drop-glow for separation, never a realistic shadow."
"screen:MainMenu","ui-screens","fullbleed","MainMenu","Full-bleed screen layout/background treatment for the ""MainMenu"" screen. House UI style: rounded, chunky shapes — no 1px lines, no sharp rectangles, minimum visible corner radius, bars/panels/frames have visible thickness. Flat saturated colour capped at a two-stop gradient. Rounded, heavy-weight friendly type. Outline or drop-glow for separation, never a realistic shadow."
"screen:GalaxyCommand","ui-screens","fullbleed","GalaxyCommand","Full-bleed screen layout/background treatment for the ""GalaxyCommand"" screen. House UI style: rounded, chunky shapes — no 1px lines, no sharp rectangles, minimum visible corner radius, bars/panels/frames have visible thickness. Flat saturated colour capped at a two-stop gradient. Rounded, heavy-weight friendly type. Outline or drop-glow for separation, never a realistic shadow."
"screen:MissionSelect","ui-screens","fullbleed","MissionSelect","Full-bleed screen layout/background treatment for the ""MissionSelect"" screen. House UI style: rounded, chunky shapes — no 1px lines, no sharp rectangles, minimum visible corner radius, bars/panels/frames have visible thickness. Flat saturated colour capped at a two-stop gradient. Rounded, heavy-weight friendly type. Outline or drop-glow for separation, never a realistic shadow."
"screen:Loading","ui-screens","fullbleed","Loading","Full-bleed screen layout/background treatment for the ""Loading"" screen. House UI style: rounded, chunky shapes — no 1px lines, no sharp rectangles, minimum visible corner radius, bars/panels/frames have visible thickness. Flat saturated colour capped at a two-stop gradient. Rounded, heavy-weight friendly type. Outline or drop-glow for separation, never a realistic shadow."
"screen:Gameplay","ui-screens","fullbleed","Gameplay","Full-bleed screen layout/background treatment for the ""Gameplay"" screen. House UI style: rounded, chunky shapes — no 1px lines, no sharp rectangles, minimum visible corner radius, bars/panels/frames have visible thickness. Flat saturated colour capped at a two-stop gradient. Rounded, heavy-weight friendly type. Outline or drop-glow for separation, never a realistic shadow."
"screen:Pause","ui-screens","fullbleed","Pause","Full-bleed screen layout/background treatment for the ""Pause"" screen. House UI style: rounded, chunky shapes — no 1px lines, no sharp rectangles, minimum visible corner radius, bars/panels/frames have visible thickness. Flat saturated colour capped at a two-stop gradient. Rounded, heavy-weight friendly type. Outline or drop-glow for separation, never a realistic shadow."
"screen:LevelUp","ui-screens","fullbleed","LevelUp","Full-bleed screen layout/background treatment for the ""LevelUp"" screen. House UI style: rounded, chunky shapes — no 1px lines, no sharp rectangles, minimum visible corner radius, bars/panels/frames have visible thickness. Flat saturated colour capped at a two-stop gradient. Rounded, heavy-weight friendly type. Outline or drop-glow for separation, never a realistic shadow."
"screen:InventoryOverlay","ui-screens","fullbleed","InventoryOverlay","Full-bleed screen layout/background treatment for the ""InventoryOverlay"" screen. House UI style: rounded, chunky shapes — no 1px lines, no sharp rectangles, minimum visible corner radius, bars/panels/frames have visible thickness. Flat saturated colour capped at a two-stop gradient. Rounded, heavy-weight friendly type. Outline or drop-glow for separation, never a realistic shadow."
"screen:MissionComplete","ui-screens","fullbleed","MissionComplete","Full-bleed screen layout/background treatment for the ""MissionComplete"" screen. House UI style: rounded, chunky shapes — no 1px lines, no sharp rectangles, minimum visible corner radius, bars/panels/frames have visible thickness. Flat saturated colour capped at a two-stop gradient. Rounded, heavy-weight friendly type. Outline or drop-glow for separation, never a realistic shadow."
"screen:Defeat","ui-screens","fullbleed","Defeat","Full-bleed screen layout/background treatment for the ""Defeat"" screen. House UI style: rounded, chunky shapes — no 1px lines, no sharp rectangles, minimum visible corner radius, bars/panels/frames have visible thickness. Flat saturated colour capped at a two-stop gradient. Rounded, heavy-weight friendly type. Outline or drop-glow for separation, never a realistic shadow."
"screen:Statistics","ui-screens","fullbleed","Statistics","Full-bleed screen layout/background treatment for the ""Statistics"" screen. House UI style: rounded, chunky shapes — no 1px lines, no sharp rectangles, minimum visible corner radius, bars/panels/frames have visible thickness. Flat saturated colour capped at a two-stop gradient. Rounded, heavy-weight friendly type. Outline or drop-glow for separation, never a realistic shadow."
"screen:Multiplayer","ui-screens","fullbleed","Multiplayer","Full-bleed screen layout/background treatment for the ""Multiplayer"" screen. House UI style: rounded, chunky shapes — no 1px lines, no sharp rectangles, minimum visible corner radius, bars/panels/frames have visible thickness. Flat saturated colour capped at a two-stop gradient. Rounded, heavy-weight friendly type. Outline or drop-glow for separation, never a realistic shadow."
"screen:CommunityHub","ui-screens","fullbleed","CommunityHub","Full-bleed screen layout/background treatment for the ""CommunityHub"" screen. House UI style: rounded, chunky shapes — no 1px lines, no sharp rectangles, minimum visible corner radius, bars/panels/frames have visible thickness. Flat saturated colour capped at a two-stop gradient. Rounded, heavy-weight friendly type. Outline or drop-glow for separation, never a realistic shadow."
"screen:BuildPathChoice","ui-screens","fullbleed","BuildPathChoice","Full-bleed screen layout/background treatment for the ""BuildPathChoice"" screen. House UI style: rounded, chunky shapes — no 1px lines, no sharp rectangles, minimum visible corner radius, bars/panels/frames have visible thickness. Flat saturated colour capped at a two-stop gradient. Rounded, heavy-weight friendly type. Outline or drop-glow for separation, never a realistic shadow."
"screen:MidRunMerchant","ui-screens","fullbleed","MidRunMerchant","Full-bleed screen layout/background treatment for the ""MidRunMerchant"" screen. House UI style: rounded, chunky shapes — no 1px lines, no sharp rectangles, minimum visible corner radius, bars/panels/frames have visible thickness. Flat saturated colour capped at a two-stop gradient. Rounded, heavy-weight friendly type. Outline or drop-glow for separation, never a realistic shadow."
"screen:ExtractionDecision","ui-screens","fullbleed","ExtractionDecision","Full-bleed screen layout/background treatment for the ""ExtractionDecision"" screen. House UI style: rounded, chunky shapes — no 1px lines, no sharp rectangles, minimum visible corner radius, bars/panels/frames have visible thickness. Flat saturated colour capped at a two-stop gradient. Rounded, heavy-weight friendly type. Outline or drop-glow for separation, never a realistic shadow."
"screen:BossArtifactChoice","ui-screens","fullbleed","BossArtifactChoice","Full-bleed screen layout/background treatment for the ""BossArtifactChoice"" screen. House UI style: rounded, chunky shapes — no 1px lines, no sharp rectangles, minimum visible corner radius, bars/panels/frames have visible thickness. Flat saturated colour capped at a two-stop gradient. Rounded, heavy-weight friendly type. Outline or drop-glow for separation, never a realistic shadow."
"screen:RecruitCommanders","ui-screens","fullbleed","RecruitCommanders","Full-bleed screen layout/background treatment for the ""RecruitCommanders"" screen. House UI style: rounded, chunky shapes — no 1px lines, no sharp rectangles, minimum visible corner radius, bars/panels/frames have visible thickness. Flat saturated colour capped at a two-stop gradient. Rounded, heavy-weight friendly type. Outline or drop-glow for separation, never a realistic shadow."
"screen:ViewMuseum","ui-screens","fullbleed","ViewMuseum","Full-bleed screen layout/background treatment for the ""ViewMuseum"" screen. House UI style: rounded, chunky shapes — no 1px lines, no sharp rectangles, minimum visible corner radius, bars/panels/frames have visible thickness. Flat saturated colour capped at a two-stop gradient. Rounded, heavy-weight friendly type. Outline or drop-glow for separation, never a realistic shadow."
"screen:ReadCodex","ui-screens","fullbleed","ReadCodex","Full-bleed screen layout/background treatment for the ""ReadCodex"" screen. House UI style: rounded, chunky shapes — no 1px lines, no sharp rectangles, minimum visible corner radius, bars/panels/frames have visible thickness. Flat saturated colour capped at a two-stop gradient. Rounded, heavy-weight friendly type. Outline or drop-glow for separation, never a realistic shadow."
"screen:ManageAtlas","ui-screens","fullbleed","ManageAtlas","Full-bleed screen layout/background treatment for the ""ManageAtlas"" screen. House UI style: rounded, chunky shapes — no 1px lines, no sharp rectangles, minimum visible corner radius, bars/panels/frames have visible thickness. Flat saturated colour capped at a two-stop gradient. Rounded, heavy-weight friendly type. Outline or drop-glow for separation, never a realistic shadow."
"screen:LoadoutChoice","ui-screens","fullbleed","LoadoutChoice","Full-bleed screen layout/background treatment for the ""LoadoutChoice"" screen. House UI style: rounded, chunky shapes — no 1px lines, no sharp rectangles, minimum visible corner radius, bars/panels/frames have visible thickness. Flat saturated colour capped at a two-stop gradient. Rounded, heavy-weight friendly type. Outline or drop-glow for separation, never a realistic shadow."
"particle:hitImpact","particles","additive","hitImpact","Particle burst (additive) ""hitImpact"". House VFX style: large, few, rounded particles — fat circles, chunky stars, thick rings. Never fine dust, realistic smoke, or lens flares. Additive glow clipped tight to the source. Flat saturated colour, no gradients past a subtle two-stop, nothing gritty. Must read clearly at 32px, never obscure a silhouette for more than ~200ms."
"particle:eliteDeath","particles","additive","eliteDeath","Particle burst (additive) ""eliteDeath"". House VFX style: large, few, rounded particles — fat circles, chunky stars, thick rings. Never fine dust, realistic smoke, or lens flares. Additive glow clipped tight to the source. Flat saturated colour, no gradients past a subtle two-stop, nothing gritty. Must read clearly at 32px, never obscure a silhouette for more than ~200ms."
"particle:bossPhaseChange","particles","additive","bossPhaseChange","Particle burst (additive) ""bossPhaseChange"". House VFX style: large, few, rounded particles — fat circles, chunky stars, thick rings. Never fine dust, realistic smoke, or lens flares. Additive glow clipped tight to the source. Flat saturated colour, no gradients past a subtle two-stop, nothing gritty. Must read clearly at 32px, never obscure a silhouette for more than ~200ms."
"particle:explosion","particles","additive","explosion","Particle burst (additive) ""explosion"". House VFX style: large, few, rounded particles — fat circles, chunky stars, thick rings. Never fine dust, realistic smoke, or lens flares. Additive glow clipped tight to the source. Flat saturated colour, no gradients past a subtle two-stop, nothing gritty. Must read clearly at 32px, never obscure a silhouette for more than ~200ms."
"particle:levelUp","particles","additive","levelUp","Particle burst (additive) ""levelUp"". House VFX style: large, few, rounded particles — fat circles, chunky stars, thick rings. Never fine dust, realistic smoke, or lens flares. Additive glow clipped tight to the source. Flat saturated colour, no gradients past a subtle two-stop, nothing gritty. Must read clearly at 32px, never obscure a silhouette for more than ~200ms."
"status:burn","status-effects","additive","burn","Status-effect treatment (additive tint + one particle loop, never a texture/material change) for ""burn"" — warm orange tint + fat ember particles House VFX style: large, few, rounded particles — fat circles, chunky stars, thick rings. Never fine dust, realistic smoke, or lens flares. Additive glow clipped tight to the source. Flat saturated colour, no gradients past a subtle two-stop, nothing gritty. Must read clearly at 32px, never obscure a silhouette for more than ~200ms."
"status:shock","status-effects","additive","shock","Status-effect treatment (additive tint + one particle loop, never a texture/material change) for ""shock"" — pale yellow tint + crackling arc particles House VFX style: large, few, rounded particles — fat circles, chunky stars, thick rings. Never fine dust, realistic smoke, or lens flares. Additive glow clipped tight to the source. Flat saturated colour, no gradients past a subtle two-stop, nothing gritty. Must read clearly at 32px, never obscure a silhouette for more than ~200ms."
"status:freeze","status-effects","additive","freeze","Status-effect treatment (additive tint + one particle loop, never a texture/material change) for ""freeze"" — pale blue tint + chunky frost ring House VFX style: large, few, rounded particles — fat circles, chunky stars, thick rings. Never fine dust, realistic smoke, or lens flares. Additive glow clipped tight to the source. Flat saturated colour, no gradients past a subtle two-stop, nothing gritty. Must read clearly at 32px, never obscure a silhouette for more than ~200ms."
"status:corruption","status-effects","additive","corruption","Status-effect treatment (additive tint + one particle loop, never a texture/material change) for ""corruption"" — void-purple tint + glitching outline particles House VFX style: large, few, rounded particles — fat circles, chunky stars, thick rings. Never fine dust, realistic smoke, or lens flares. Additive glow clipped tight to the source. Flat saturated colour, no gradients past a subtle two-stop, nothing gritty. Must read clearly at 32px, never obscure a silhouette for more than ~200ms."
"status:poison","status-effects","additive","poison","Status-effect treatment (additive tint + one particle loop, never a texture/material change) for ""poison"" — amber tint (colour-law substitution for its green lore colour, DIRECTIVE §4) + bubbling droplet particles House VFX style: large, few, rounded particles — fat circles, chunky stars, thick rings. Never fine dust, realistic smoke, or lens flares. Additive glow clipped tight to the source. Flat saturated colour, no gradients past a subtle two-stop, nothing gritty. Must read clearly at 32px, never obscure a silhouette for more than ~200ms."
"status:slow","status-effects","additive","slow","Status-effect treatment (additive tint + one particle loop, never a texture/material change) for ""slow"" — grey-blue tint + slow drifting ring House VFX style: large, few, rounded particles — fat circles, chunky stars, thick rings. Never fine dust, realistic smoke, or lens flares. Additive glow clipped tight to the source. Flat saturated colour, no gradients past a subtle two-stop, nothing gritty. Must read clearly at 32px, never obscure a silhouette for more than ~200ms."
"status:stasis","status-effects","additive","stasis","Status-effect treatment (additive tint + one particle loop, never a texture/material change) for ""stasis"" — pale cyan tint + frozen-in-place ring House VFX style: large, few, rounded particles — fat circles, chunky stars, thick rings. Never fine dust, realistic smoke, or lens flares. Additive glow clipped tight to the source. Flat saturated colour, no gradients past a subtle two-stop, nothing gritty. Must read clearly at 32px, never obscure a silhouette for more than ~200ms."
"status:shieldBreak","status-effects","additive","shieldBreak","Status-effect treatment (additive tint + one particle loop, never a texture/material change) for ""shieldBreak"" — white flash tint + shattering shard particles House VFX style: large, few, rounded particles — fat circles, chunky stars, thick rings. Never fine dust, realistic smoke, or lens flares. Additive glow clipped tight to the source. Flat saturated colour, no gradients past a subtle two-stop, nothing gritty. Must read clearly at 32px, never obscure a silhouette for more than ~200ms."
"status:armourBreak","status-effects","additive","armourBreak","Status-effect treatment (additive tint + one particle loop, never a texture/material change) for ""armourBreak"" — orange flash tint + cracking-plate particles House VFX style: large, few, rounded particles — fat circles, chunky stars, thick rings. Never fine dust, realistic smoke, or lens flares. Additive glow clipped tight to the source. Flat saturated colour, no gradients past a subtle two-stop, nothing gritty. Must read clearly at 32px, never obscure a silhouette for more than ~200ms."
"status:overload","status-effects","additive","overload","Status-effect treatment (additive tint + one particle loop, never a texture/material change) for ""overload"" — electric blue tint + crackling overload particles House VFX style: large, few, rounded particles — fat circles, chunky stars, thick rings. Never fine dust, realistic smoke, or lens flares. Additive glow clipped tight to the source. Flat saturated colour, no gradients past a subtle two-stop, nothing gritty. Must read clearly at 32px, never obscure a silhouette for more than ~200ms."
"rarity-frame:damaged","loot-rarity","additive","damaged","Loot-rarity border/glow/icon-frame treatment (additive) for ""damaged"" tier. House VFX style: large, few, rounded particles — fat circles, chunky stars, thick rings. Never fine dust, realistic smoke, or lens flares. Additive glow clipped tight to the source. Flat saturated colour, no gradients past a subtle two-stop, nothing gritty. Must read clearly at 32px, never obscure a silhouette for more than ~200ms."
"rarity-frame:common","loot-rarity","additive","common","Loot-rarity border/glow/icon-frame treatment (additive) for ""common"" tier. House VFX style: large, few, rounded particles — fat circles, chunky stars, thick rings. Never fine dust, realistic smoke, or lens flares. Additive glow clipped tight to the source. Flat saturated colour, no gradients past a subtle two-stop, nothing gritty. Must read clearly at 32px, never obscure a silhouette for more than ~200ms."
"rarity-frame:improved","loot-rarity","additive","improved","Loot-rarity border/glow/icon-frame treatment (additive) for ""improved"" tier. House VFX style: large, few, rounded particles — fat circles, chunky stars, thick rings. Never fine dust, realistic smoke, or lens flares. Additive glow clipped tight to the source. Flat saturated colour, no gradients past a subtle two-stop, nothing gritty. Must read clearly at 32px, never obscure a silhouette for more than ~200ms."
"rarity-frame:rare","loot-rarity","additive","rare","Loot-rarity border/glow/icon-frame treatment (additive) for ""rare"" tier. House VFX style: large, few, rounded particles — fat circles, chunky stars, thick rings. Never fine dust, realistic smoke, or lens flares. Additive glow clipped tight to the source. Flat saturated colour, no gradients past a subtle two-stop, nothing gritty. Must read clearly at 32px, never obscure a silhouette for more than ~200ms."
"rarity-frame:epic","loot-rarity","additive","epic","Loot-rarity border/glow/icon-frame treatment (additive) for ""epic"" tier. House VFX style: large, few, rounded particles — fat circles, chunky stars, thick rings. Never fine dust, realistic smoke, or lens flares. Additive glow clipped tight to the source. Flat saturated colour, no gradients past a subtle two-stop, nothing gritty. Must read clearly at 32px, never obscure a silhouette for more than ~200ms."
"rarity-frame:legendary","loot-rarity","additive","legendary","Loot-rarity border/glow/icon-frame treatment (additive) for ""legendary"" tier. House VFX style: large, few, rounded particles — fat circles, chunky stars, thick rings. Never fine dust, realistic smoke, or lens flares. Additive glow clipped tight to the source. Flat saturated colour, no gradients past a subtle two-stop, nothing gritty. Must read clearly at 32px, never obscure a silhouette for more than ~200ms."
"rarity-frame:ancient","loot-rarity","additive","ancient","Loot-rarity border/glow/icon-frame treatment (additive) for ""ancient"" tier. House VFX style: large, few, rounded particles — fat circles, chunky stars, thick rings. Never fine dust, realistic smoke, or lens flares. Additive glow clipped tight to the source. Flat saturated colour, no gradients past a subtle two-stop, nothing gritty. Must read clearly at 32px, never obscure a silhouette for more than ~200ms."
"rarity-frame:mythic","loot-rarity","additive","mythic","Loot-rarity border/glow/icon-frame treatment (additive) for ""mythic"" tier. House VFX style: large, few, rounded particles — fat circles, chunky stars, thick rings. Never fine dust, realistic smoke, or lens flares. Additive glow clipped tight to the source. Flat saturated colour, no gradients past a subtle two-stop, nothing gritty. Must read clearly at 32px, never obscure a silhouette for more than ~200ms."
"rarity-frame:singularity","loot-rarity","additive","singularity","Loot-rarity border/glow/icon-frame treatment (additive) for ""singularity"" tier. House VFX style: large, few, rounded particles — fat circles, chunky stars, thick rings. Never fine dust, realistic smoke, or lens flares. Additive glow clipped tight to the source. Flat saturated colour, no gradients past a subtle two-stop, nothing gritty. Must read clearly at 32px, never obscure a silhouette for more than ~200ms."
"resource:commonMaterials","resources","keyed","commonMaterials","Resource icon (keyed) on transparent background, centered, for ""commonMaterials"". House style: chibi-proportioned stylized 3D, flat toon/cel-shading (max two-tone gradient, no PBR falloff), rounded chunky forms with visible thickness, soft dark outline or additive drop-glow for edge separation (never a realistic cast shadow), saturated flat colour, no gradients past a subtle two-stop, no fine detail, no film grain/vignette/chromatic aberration/lens flare/dust/scratches. Silhouette must read clearly at 32px."
"resource:rareAlloys","resources","keyed","rareAlloys","Resource icon (keyed) on transparent background, centered, for ""rareAlloys"". House style: chibi-proportioned stylized 3D, flat toon/cel-shading (max two-tone gradient, no PBR falloff), rounded chunky forms with visible thickness, soft dark outline or additive drop-glow for edge separation (never a realistic cast shadow), saturated flat colour, no gradients past a subtle two-stop, no fine detail, no film grain/vignette/chromatic aberration/lens flare/dust/scratches. Silhouette must read clearly at 32px."
"resource:crystalFragments","resources","keyed","crystalFragments","Resource icon (keyed) on transparent background, centered, for ""crystalFragments"". House style: chibi-proportioned stylized 3D, flat toon/cel-shading (max two-tone gradient, no PBR falloff), rounded chunky forms with visible thickness, soft dark outline or additive drop-glow for edge separation (never a realistic cast shadow), saturated flat colour, no gradients past a subtle two-stop, no fine detail, no film grain/vignette/chromatic aberration/lens flare/dust/scratches. Silhouette must read clearly at 32px."
"resource:voidEssence","resources","keyed","voidEssence","Resource icon (keyed) on transparent background, centered, for ""voidEssence"". House style: chibi-proportioned stylized 3D, flat toon/cel-shading (max two-tone gradient, no PBR falloff), rounded chunky forms with visible thickness, soft dark outline or additive drop-glow for edge separation (never a realistic cast shadow), saturated flat colour, no gradients past a subtle two-stop, no fine detail, no film grain/vignette/chromatic aberration/lens flare/dust/scratches. Silhouette must read clearly at 32px."
"resource:ancientComponents","resources","keyed","ancientComponents","Resource icon (keyed) on transparent background, centered, for ""ancientComponents"". House style: chibi-proportioned stylized 3D, flat toon/cel-shading (max two-tone gradient, no PBR falloff), rounded chunky forms with visible thickness, soft dark outline or additive drop-glow for edge separation (never a realistic cast shadow), saturated flat colour, no gradients past a subtle two-stop, no fine detail, no film grain/vignette/chromatic aberration/lens flare/dust/scratches. Silhouette must read clearly at 32px."
"resource:quantumCores","resources","keyed","quantumCores","Resource icon (keyed) on transparent background, centered, for ""quantumCores"". House style: chibi-proportioned stylized 3D, flat toon/cel-shading (max two-tone gradient, no PBR falloff), rounded chunky forms with visible thickness, soft dark outline or additive drop-glow for edge separation (never a realistic cast shadow), saturated flat colour, no gradients past a subtle two-stop, no fine detail, no film grain/vignette/chromatic aberration/lens flare/dust/scratches. Silhouette must read clearly at 32px."
"resource:energyCells","resources","keyed","energyCells","Resource icon (keyed) on transparent background, centered, for ""energyCells"". House style: chibi-proportioned stylized 3D, flat toon/cel-shading (max two-tone gradient, no PBR falloff), rounded chunky forms with visible thickness, soft dark outline or additive drop-glow for edge separation (never a realistic cast shadow), saturated flat colour, no gradients past a subtle two-stop, no fine detail, no film grain/vignette/chromatic aberration/lens flare/dust/scratches. Silhouette must read clearly at 32px."
"resource:researchSamples","resources","keyed","researchSamples","Resource icon (keyed) on transparent background, centered, for ""researchSamples"". House style: chibi-proportioned stylized 3D, flat toon/cel-shading (max two-tone gradient, no PBR falloff), rounded chunky forms with visible thickness, soft dark outline or additive drop-glow for edge separation (never a realistic cast shadow), saturated flat colour, no gradients past a subtle two-stop, no fine detail, no film grain/vignette/chromatic aberration/lens flare/dust/scratches. Silhouette must read clearly at 32px."
"resource:mythicMaterials","resources","keyed","mythicMaterials","Resource icon (keyed) on transparent background, centered, for ""mythicMaterials"". House style: chibi-proportioned stylized 3D, flat toon/cel-shading (max two-tone gradient, no PBR falloff), rounded chunky forms with visible thickness, soft dark outline or additive drop-glow for edge separation (never a realistic cast shadow), saturated flat colour, no gradients past a subtle two-stop, no fine detail, no film grain/vignette/chromatic aberration/lens flare/dust/scratches. Silhouette must read clearly at 32px."
"resource:singularityMatter","resources","keyed","singularityMatter","Resource icon (keyed) on transparent background, centered, for ""singularityMatter"". House style: chibi-proportioned stylized 3D, flat toon/cel-shading (max two-tone gradient, no PBR falloff), rounded chunky forms with visible thickness, soft dark outline or additive drop-glow for edge separation (never a realistic cast shadow), saturated flat colour, no gradients past a subtle two-stop, no fine detail, no film grain/vignette/chromatic aberration/lens flare/dust/scratches. Silhouette must read clearly at 32px."
"resource:darkMatter","resources","keyed","darkMatter","Resource icon (keyed) on transparent background, centered, for ""darkMatter"". House style: chibi-proportioned stylized 3D, flat toon/cel-shading (max two-tone gradient, no PBR falloff), rounded chunky forms with visible thickness, soft dark outline or additive drop-glow for edge separation (never a realistic cast shadow), saturated flat colour, no gradients past a subtle two-stop, no fine detail, no film grain/vignette/chromatic aberration/lens flare/dust/scratches. Silhouette must read clearly at 32px."
"resource:quantumCrystals","resources","keyed","quantumCrystals","Resource icon (keyed) on transparent background, centered, for ""quantumCrystals"". House style: chibi-proportioned stylized 3D, flat toon/cel-shading (max two-tone gradient, no PBR falloff), rounded chunky forms with visible thickness, soft dark outline or additive drop-glow for edge separation (never a realistic cast shadow), saturated flat colour, no gradients past a subtle two-stop, no fine detail, no film grain/vignette/chromatic aberration/lens flare/dust/scratches. Silhouette must read clearly at 32px."
"resource:biomass","resources","keyed","biomass","Resource icon (keyed) on transparent background, centered, for ""biomass"" — amber-yellow palette (colour-law substitution for its green lore colour, DIRECTIVE §4). House style: chibi-proportioned stylized 3D, flat toon/cel-shading (max two-tone gradient, no PBR falloff), rounded chunky forms with visible thickness, soft dark outline or additive drop-glow for edge separation (never a realistic cast shadow), saturated flat colour, no gradients past a subtle two-stop, no fine detail, no film grain/vignette/chromatic aberration/lens flare/dust/scratches. Silhouette must read clearly at 32px."
"resource:livingMetal","resources","keyed","livingMetal","Resource icon (keyed) on transparent background, centered, for ""livingMetal"". House style: chibi-proportioned stylized 3D, flat toon/cel-shading (max two-tone gradient, no PBR falloff), rounded chunky forms with visible thickness, soft dark outline or additive drop-glow for edge separation (never a realistic cast shadow), saturated flat colour, no gradients past a subtle two-stop, no fine detail, no film grain/vignette/chromatic aberration/lens flare/dust/scratches. Silhouette must read clearly at 32px."
"resource:atlasFragments","resources","keyed","atlasFragments","Resource icon (keyed) on transparent background, centered, for ""atlasFragments"". House style: chibi-proportioned stylized 3D, flat toon/cel-shading (max two-tone gradient, no PBR falloff), rounded chunky forms with visible thickness, soft dark outline or additive drop-glow for edge separation (never a realistic cast shadow), saturated flat colour, no gradients past a subtle two-stop, no fine detail, no film grain/vignette/chromatic aberration/lens flare/dust/scratches. Silhouette must read clearly at 32px."
"currency:credits","currencies","keyed","credits","Currency icon (keyed) on transparent background, centered, for ""credits"". House style: chibi-proportioned stylized 3D, flat toon/cel-shading (max two-tone gradient, no PBR falloff), rounded chunky forms with visible thickness, soft dark outline or additive drop-glow for edge separation (never a realistic cast shadow), saturated flat colour, no gradients past a subtle two-stop, no fine detail, no film grain/vignette/chromatic aberration/lens flare/dust/scratches. Silhouette must read clearly at 32px."
"currency:researchData","currencies","keyed","researchData","Currency icon (keyed) on transparent background, centered, for ""researchData"". House style: chibi-proportioned stylized 3D, flat toon/cel-shading (max two-tone gradient, no PBR falloff), rounded chunky forms with visible thickness, soft dark outline or additive drop-glow for edge separation (never a realistic cast shadow), saturated flat colour, no gradients past a subtle two-stop, no fine detail, no film grain/vignette/chromatic aberration/lens flare/dust/scratches. Silhouette must read clearly at 32px."
"currency:ancientFragments","currencies","keyed","ancientFragments","Currency icon (keyed) on transparent background, centered, for ""ancientFragments"". House style: chibi-proportioned stylized 3D, flat toon/cel-shading (max two-tone gradient, no PBR falloff), rounded chunky forms with visible thickness, soft dark outline or additive drop-glow for edge separation (never a realistic cast shadow), saturated flat colour, no gradients past a subtle two-stop, no fine detail, no film grain/vignette/chromatic aberration/lens flare/dust/scratches. Silhouette must read clearly at 32px."
"currency:crystalEssence","currencies","keyed","crystalEssence","Currency icon (keyed) on transparent background, centered, for ""crystalEssence"". House style: chibi-proportioned stylized 3D, flat toon/cel-shading (max two-tone gradient, no PBR falloff), rounded chunky forms with visible thickness, soft dark outline or additive drop-glow for edge separation (never a realistic cast shadow), saturated flat colour, no gradients past a subtle two-stop, no fine detail, no film grain/vignette/chromatic aberration/lens flare/dust/scratches. Silhouette must read clearly at 32px."
"currency:voidMatter","currencies","keyed","voidMatter","Currency icon (keyed) on transparent background, centered, for ""voidMatter"". House style: chibi-proportioned stylized 3D, flat toon/cel-shading (max two-tone gradient, no PBR falloff), rounded chunky forms with visible thickness, soft dark outline or additive drop-glow for edge separation (never a realistic cast shadow), saturated flat colour, no gradients past a subtle two-stop, no fine detail, no film grain/vignette/chromatic aberration/lens flare/dust/scratches. Silhouette must read clearly at 32px."
"currency:singularityCores","currencies","keyed","singularityCores","Currency icon (keyed) on transparent background, centered, for ""singularityCores"". House style: chibi-proportioned stylized 3D, flat toon/cel-shading (max two-tone gradient, no PBR falloff), rounded chunky forms with visible thickness, soft dark outline or additive drop-glow for edge separation (never a realistic cast shadow), saturated flat colour, no gradients past a subtle two-stop, no fine detail, no film grain/vignette/chromatic aberration/lens flare/dust/scratches. Silhouette must read clearly at 32px."
"title:TITLE_UNSCARRED","titles","keyed","TITLE_UNSCARRED","Title-card/banner treatment for the cosmetic title ""UNSCARRED"". House style: chibi-proportioned stylized 3D, flat toon/cel-shading (max two-tone gradient, no PBR falloff), rounded chunky forms with visible thickness, soft dark outline or additive drop-glow for edge separation (never a realistic cast shadow), saturated flat colour, no gradients past a subtle two-stop, no fine detail, no film grain/vignette/chromatic aberration/lens flare/dust/scratches. Silhouette must read clearly at 32px."
"title:TITLE_VETERAN","titles","keyed","TITLE_VETERAN","Title-card/banner treatment for the cosmetic title ""VETERAN"". House style: chibi-proportioned stylized 3D, flat toon/cel-shading (max two-tone gradient, no PBR falloff), rounded chunky forms with visible thickness, soft dark outline or additive drop-glow for edge separation (never a realistic cast shadow), saturated flat colour, no gradients past a subtle two-stop, no fine detail, no film grain/vignette/chromatic aberration/lens flare/dust/scratches. Silhouette must read clearly at 32px."
"title:TITLE_ARCHIVIST_OF_BOSSES","titles","keyed","TITLE_ARCHIVIST_OF_BOSSES","Title-card/banner treatment for the cosmetic title ""ARCHIVIST OF BOSSES"". House style: chibi-proportioned stylized 3D, flat toon/cel-shading (max two-tone gradient, no PBR falloff), rounded chunky forms with visible thickness, soft dark outline or additive drop-glow for edge separation (never a realistic cast shadow), saturated flat colour, no gradients past a subtle two-stop, no fine detail, no film grain/vignette/chromatic aberration/lens flare/dust/scratches. Silhouette must read clearly at 32px."
"title:TITLE_WINTERLINE_WARDEN","titles","keyed","TITLE_WINTERLINE_WARDEN","Title-card/banner treatment for the cosmetic title ""WINTERLINE WARDEN"". House style: chibi-proportioned stylized 3D, flat toon/cel-shading (max two-tone gradient, no PBR falloff), rounded chunky forms with visible thickness, soft dark outline or additive drop-glow for edge separation (never a realistic cast shadow), saturated flat colour, no gradients past a subtle two-stop, no fine detail, no film grain/vignette/chromatic aberration/lens flare/dust/scratches. Silhouette must read clearly at 32px."
"title:TITLE_FOUNDRY_BREAKER","titles","keyed","TITLE_FOUNDRY_BREAKER","Title-card/banner treatment for the cosmetic title ""FOUNDRY BREAKER"". House style: chibi-proportioned stylized 3D, flat toon/cel-shading (max two-tone gradient, no PBR falloff), rounded chunky forms with visible thickness, soft dark outline or additive drop-glow for edge separation (never a realistic cast shadow), saturated flat colour, no gradients past a subtle two-stop, no fine detail, no film grain/vignette/chromatic aberration/lens flare/dust/scratches. Silhouette must read clearly at 32px."
"title:TITLE_UNTOUCHED","titles","keyed","TITLE_UNTOUCHED","Title-card/banner treatment for the cosmetic title ""UNTOUCHED"". House style: chibi-proportioned stylized 3D, flat toon/cel-shading (max two-tone gradient, no PBR falloff), rounded chunky forms with visible thickness, soft dark outline or additive drop-glow for edge separation (never a realistic cast shadow), saturated flat colour, no gradients past a subtle two-stop, no fine detail, no film grain/vignette/chromatic aberration/lens flare/dust/scratches. Silhouette must read clearly at 32px."
"title:TITLE_DRONE_REAPER","titles","keyed","TITLE_DRONE_REAPER","Title-card/banner treatment for the cosmetic title ""DRONE REAPER"". House style: chibi-proportioned stylized 3D, flat toon/cel-shading (max two-tone gradient, no PBR falloff), rounded chunky forms with visible thickness, soft dark outline or additive drop-glow for edge separation (never a realistic cast shadow), saturated flat colour, no gradients past a subtle two-stop, no fine detail, no film grain/vignette/chromatic aberration/lens flare/dust/scratches. Silhouette must read clearly at 32px."
"frame:FRAME_BOSS_HUNTER","frames","additive","FRAME_BOSS_HUNTER","Portrait-frame border art (additive) for ""BOSS HUNTER"". House VFX style: large, few, rounded particles — fat circles, chunky stars, thick rings. Never fine dust, realistic smoke, or lens flares. Additive glow clipped tight to the source. Flat saturated colour, no gradients past a subtle two-stop, nothing gritty. Must read clearly at 32px, never obscure a silhouette for more than ~200ms."
"frame:FRAME_FIRST_LIGHT","frames","additive","FRAME_FIRST_LIGHT","Portrait-frame border art (additive) for ""FIRST LIGHT"". House VFX style: large, few, rounded particles — fat circles, chunky stars, thick rings. Never fine dust, realistic smoke, or lens flares. Additive glow clipped tight to the source. Flat saturated colour, no gradients past a subtle two-stop, nothing gritty. Must read clearly at 32px, never obscure a silhouette for more than ~200ms."
"frame:FRAME_ELITE_HUNTER","frames","additive","FRAME_ELITE_HUNTER","Portrait-frame border art (additive) for ""ELITE HUNTER"". House VFX style: large, few, rounded particles — fat circles, chunky stars, thick rings. Never fine dust, realistic smoke, or lens flares. Additive glow clipped tight to the source. Flat saturated colour, no gradients past a subtle two-stop, nothing gritty. Must read clearly at 32px, never obscure a silhouette for more than ~200ms."
"frame:FRAME_HARVESTER","frames","additive","FRAME_HARVESTER","Portrait-frame border art (additive) for ""HARVESTER"". House VFX style: large, few, rounded particles — fat circles, chunky stars, thick rings. Never fine dust, realistic smoke, or lens flares. Additive glow clipped tight to the source. Flat saturated colour, no gradients past a subtle two-stop, nothing gritty. Must read clearly at 32px, never obscure a silhouette for more than ~200ms."
"reputation-title:The Explorer","reputation-titles","keyed","The Explorer","Player rank badge (keyed) for the reputation title ""The Explorer"". House style: chibi-proportioned stylized 3D, flat toon/cel-shading (max two-tone gradient, no PBR falloff), rounded chunky forms with visible thickness, soft dark outline or additive drop-glow for edge separation (never a realistic cast shadow), saturated flat colour, no gradients past a subtle two-stop, no fine detail, no film grain/vignette/chromatic aberration/lens flare/dust/scratches. Silhouette must read clearly at 32px."
"reputation-title:The Builder","reputation-titles","keyed","The Builder","Player rank badge (keyed) for the reputation title ""The Builder"". House style: chibi-proportioned stylized 3D, flat toon/cel-shading (max two-tone gradient, no PBR falloff), rounded chunky forms with visible thickness, soft dark outline or additive drop-glow for edge separation (never a realistic cast shadow), saturated flat colour, no gradients past a subtle two-stop, no fine detail, no film grain/vignette/chromatic aberration/lens flare/dust/scratches. Silhouette must read clearly at 32px."
"reputation-title:The Scientist","reputation-titles","keyed","The Scientist","Player rank badge (keyed) for the reputation title ""The Scientist"". House style: chibi-proportioned stylized 3D, flat toon/cel-shading (max two-tone gradient, no PBR falloff), rounded chunky forms with visible thickness, soft dark outline or additive drop-glow for edge separation (never a realistic cast shadow), saturated flat colour, no gradients past a subtle two-stop, no fine detail, no film grain/vignette/chromatic aberration/lens flare/dust/scratches. Silhouette must read clearly at 32px."
"reputation-title:The Guardian","reputation-titles","keyed","The Guardian","Player rank badge (keyed) for the reputation title ""The Guardian"". House style: chibi-proportioned stylized 3D, flat toon/cel-shading (max two-tone gradient, no PBR falloff), rounded chunky forms with visible thickness, soft dark outline or additive drop-glow for edge separation (never a realistic cast shadow), saturated flat colour, no gradients past a subtle two-stop, no fine detail, no film grain/vignette/chromatic aberration/lens flare/dust/scratches. Silhouette must read clearly at 32px."
"reputation-title:The Diplomat","reputation-titles","keyed","The Diplomat","Player rank badge (keyed) for the reputation title ""The Diplomat"". House style: chibi-proportioned stylized 3D, flat toon/cel-shading (max two-tone gradient, no PBR falloff), rounded chunky forms with visible thickness, soft dark outline or additive drop-glow for edge separation (never a realistic cast shadow), saturated flat colour, no gradients past a subtle two-stop, no fine detail, no film grain/vignette/chromatic aberration/lens flare/dust/scratches. Silhouette must read clearly at 32px."
"reputation-title:The Founder","reputation-titles","keyed","The Founder","Player rank badge (keyed) for the reputation title ""The Founder"". House style: chibi-proportioned stylized 3D, flat toon/cel-shading (max two-tone gradient, no PBR falloff), rounded chunky forms with visible thickness, soft dark outline or additive drop-glow for edge separation (never a realistic cast shadow), saturated flat colour, no gradients past a subtle two-stop, no fine detail, no film grain/vignette/chromatic aberration/lens flare/dust/scratches. Silhouette must read clearly at 32px."
"reputation-title:The Pathfinder","reputation-titles","keyed","The Pathfinder","Player rank badge (keyed) for the reputation title ""The Pathfinder"". House style: chibi-proportioned stylized 3D, flat toon/cel-shading (max two-tone gradient, no PBR falloff), rounded chunky forms with visible thickness, soft dark outline or additive drop-glow for edge separation (never a realistic cast shadow), saturated flat colour, no gradients past a subtle two-stop, no fine detail, no film grain/vignette/chromatic aberration/lens flare/dust/scratches. Silhouette must read clearly at 32px."
"reputation-title:The Restorer","reputation-titles","keyed","The Restorer","Player rank badge (keyed) for the reputation title ""The Restorer"". House style: chibi-proportioned stylized 3D, flat toon/cel-shading (max two-tone gradient, no PBR falloff), rounded chunky forms with visible thickness, soft dark outline or additive drop-glow for edge separation (never a realistic cast shadow), saturated flat colour, no gradients past a subtle two-stop, no fine detail, no film grain/vignette/chromatic aberration/lens flare/dust/scratches. Silhouette must read clearly at 32px."
"achievement:ach-veteran","achievements","keyed","ach-veteran","Achievement badge icon (keyed) for ""ach-veteran"". House style: chibi-proportioned stylized 3D, flat toon/cel-shading (max two-tone gradient, no PBR falloff), rounded chunky forms with visible thickness, soft dark outline or additive drop-glow for edge separation (never a realistic cast shadow), saturated flat colour, no gradients past a subtle two-stop, no fine detail, no film grain/vignette/chromatic aberration/lens flare/dust/scratches. Silhouette must read clearly at 32px."
"achievement:ach-boss-hunter","achievements","keyed","ach-boss-hunter","Achievement badge icon (keyed) for ""ach-boss-hunter"". House style: chibi-proportioned stylized 3D, flat toon/cel-shading (max two-tone gradient, no PBR falloff), rounded chunky forms with visible thickness, soft dark outline or additive drop-glow for edge separation (never a realistic cast shadow), saturated flat colour, no gradients past a subtle two-stop, no fine detail, no film grain/vignette/chromatic aberration/lens flare/dust/scratches. Silhouette must read clearly at 32px."
"achievement:ach-curator","achievements","keyed","ach-curator","Achievement badge icon (keyed) for ""ach-curator"". House style: chibi-proportioned stylized 3D, flat toon/cel-shading (max two-tone gradient, no PBR falloff), rounded chunky forms with visible thickness, soft dark outline or additive drop-glow for edge separation (never a realistic cast shadow), saturated flat colour, no gradients past a subtle two-stop, no fine detail, no film grain/vignette/chromatic aberration/lens flare/dust/scratches. Silhouette must read clearly at 32px."
"achievement:ach-trusted-ally","achievements","keyed","ach-trusted-ally","Achievement badge icon (keyed) for ""ach-trusted-ally"". House style: chibi-proportioned stylized 3D, flat toon/cel-shading (max two-tone gradient, no PBR falloff), rounded chunky forms with visible thickness, soft dark outline or additive drop-glow for edge separation (never a realistic cast shadow), saturated flat colour, no gradients past a subtle two-stop, no fine detail, no film grain/vignette/chromatic aberration/lens flare/dust/scratches. Silhouette must read clearly at 32px."
"achievement:ach-researcher","achievements","keyed","ach-researcher","Achievement badge icon (keyed) for ""ach-researcher"". House style: chibi-proportioned stylized 3D, flat toon/cel-shading (max two-tone gradient, no PBR falloff), rounded chunky forms with visible thickness, soft dark outline or additive drop-glow for edge separation (never a realistic cast shadow), saturated flat colour, no gradients past a subtle two-stop, no fine detail, no film grain/vignette/chromatic aberration/lens flare/dust/scratches. Silhouette must read clearly at 32px."
"achievement:ach-restorer","achievements","keyed","ach-restorer","Achievement badge icon (keyed) for ""ach-restorer"". House style: chibi-proportioned stylized 3D, flat toon/cel-shading (max two-tone gradient, no PBR falloff), rounded chunky forms with visible thickness, soft dark outline or additive drop-glow for edge separation (never a realistic cast shadow), saturated flat colour, no gradients past a subtle two-stop, no fine detail, no film grain/vignette/chromatic aberration/lens flare/dust/scratches. Silhouette must read clearly at 32px."
"achievement:ach-ghost-vault","achievements","keyed","ach-ghost-vault","Achievement badge icon (keyed) for ""ach-ghost-vault"". House style: chibi-proportioned stylized 3D, flat toon/cel-shading (max two-tone gradient, no PBR falloff), rounded chunky forms with visible thickness, soft dark outline or additive drop-glow for edge separation (never a realistic cast shadow), saturated flat colour, no gradients past a subtle two-stop, no fine detail, no film grain/vignette/chromatic aberration/lens flare/dust/scratches. Silhouette must read clearly at 32px."
"achievement:ach-first-contact","achievements","keyed","ach-first-contact","Achievement badge icon (keyed) for ""ach-first-contact"". House style: chibi-proportioned stylized 3D, flat toon/cel-shading (max two-tone gradient, no PBR falloff), rounded chunky forms with visible thickness, soft dark outline or additive drop-glow for edge separation (never a realistic cast shadow), saturated flat colour, no gradients past a subtle two-stop, no fine detail, no film grain/vignette/chromatic aberration/lens flare/dust/scratches. Silhouette must read clearly at 32px."
"faction-reputation:hostile","faction-reputation","keyed","hostile","Faction-standing icon/bar-segment (keyed) for reputation tier ""hostile"". House style: chibi-proportioned stylized 3D, flat toon/cel-shading (max two-tone gradient, no PBR falloff), rounded chunky forms with visible thickness, soft dark outline or additive drop-glow for edge separation (never a realistic cast shadow), saturated flat colour, no gradients past a subtle two-stop, no fine detail, no film grain/vignette/chromatic aberration/lens flare/dust/scratches. Silhouette must read clearly at 32px."
"faction-reputation:distrusted","faction-reputation","keyed","distrusted","Faction-standing icon/bar-segment (keyed) for reputation tier ""distrusted"". House style: chibi-proportioned stylized 3D, flat toon/cel-shading (max two-tone gradient, no PBR falloff), rounded chunky forms with visible thickness, soft dark outline or additive drop-glow for edge separation (never a realistic cast shadow), saturated flat colour, no gradients past a subtle two-stop, no fine detail, no film grain/vignette/chromatic aberration/lens flare/dust/scratches. Silhouette must read clearly at 32px."
"faction-reputation:neutral","faction-reputation","keyed","neutral","Faction-standing icon/bar-segment (keyed) for reputation tier ""neutral"". House style: chibi-proportioned stylized 3D, flat toon/cel-shading (max two-tone gradient, no PBR falloff), rounded chunky forms with visible thickness, soft dark outline or additive drop-glow for edge separation (never a realistic cast shadow), saturated flat colour, no gradients past a subtle two-stop, no fine detail, no film grain/vignette/chromatic aberration/lens flare/dust/scratches. Silhouette must read clearly at 32px."
"faction-reputation:known","faction-reputation","keyed","known","Faction-standing icon/bar-segment (keyed) for reputation tier ""known"". House style: chibi-proportioned stylized 3D, flat toon/cel-shading (max two-tone gradient, no PBR falloff), rounded chunky forms with visible thickness, soft dark outline or additive drop-glow for edge separation (never a realistic cast shadow), saturated flat colour, no gradients past a subtle two-stop, no fine detail, no film grain/vignette/chromatic aberration/lens flare/dust/scratches. Silhouette must read clearly at 32px."
"faction-reputation:trusted","faction-reputation","keyed","trusted","Faction-standing icon/bar-segment (keyed) for reputation tier ""trusted"". House style: chibi-proportioned stylized 3D, flat toon/cel-shading (max two-tone gradient, no PBR falloff), rounded chunky forms with visible thickness, soft dark outline or additive drop-glow for edge separation (never a realistic cast shadow), saturated flat colour, no gradients past a subtle two-stop, no fine detail, no film grain/vignette/chromatic aberration/lens flare/dust/scratches. Silhouette must read clearly at 32px."
"faction-reputation:respected","faction-reputation","keyed","respected","Faction-standing icon/bar-segment (keyed) for reputation tier ""respected"". House style: chibi-proportioned stylized 3D, flat toon/cel-shading (max two-tone gradient, no PBR falloff), rounded chunky forms with visible thickness, soft dark outline or additive drop-glow for edge separation (never a realistic cast shadow), saturated flat colour, no gradients past a subtle two-stop, no fine detail, no film grain/vignette/chromatic aberration/lens flare/dust/scratches. Silhouette must read clearly at 32px."
"faction-reputation:honoured","faction-reputation","keyed","honoured","Faction-standing icon/bar-segment (keyed) for reputation tier ""honoured"". House style: chibi-proportioned stylized 3D, flat toon/cel-shading (max two-tone gradient, no PBR falloff), rounded chunky forms with visible thickness, soft dark outline or additive drop-glow for edge separation (never a realistic cast shadow), saturated flat colour, no gradients past a subtle two-stop, no fine detail, no film grain/vignette/chromatic aberration/lens flare/dust/scratches. Silhouette must read clearly at 32px."
"faction-reputation:legendaryAlly","faction-reputation","keyed","legendaryAlly","Faction-standing icon/bar-segment (keyed) for reputation tier ""legendaryAlly"". House style: chibi-proportioned stylized 3D, flat toon/cel-shading (max two-tone gradient, no PBR falloff), rounded chunky forms with visible thickness, soft dark outline or additive drop-glow for edge separation (never a realistic cast shadow), saturated flat colour, no gradients past a subtle two-stop, no fine detail, no film grain/vignette/chromatic aberration/lens flare/dust/scratches. Silhouette must read clearly at 32px."
"manufacturer:atlas-dynamics","manufacturers","keyed","Atlas Dynamics","Manufacturer emblem/logo (keyed) for ""Atlas Dynamics"" — Slab breeches, visible bolts, ammunition counted in crates.. House style: chibi-proportioned stylized 3D, flat toon/cel-shading (max two-tone gradient, no PBR falloff), rounded chunky forms with visible thickness, soft dark outline or additive drop-glow for edge separation (never a realistic cast shadow), saturated flat colour, no gradients past a subtle two-stop, no fine detail, no film grain/vignette/chromatic aberration/lens flare/dust/scratches. Silhouette must read clearly at 32px."
"manufacturer:helios-industries","manufacturers","keyed","Helios Industries","Manufacturer emblem/logo (keyed) for ""Helios Industries"" — Sun-gold emitter housings over white ceramic.. House style: chibi-proportioned stylized 3D, flat toon/cel-shading (max two-tone gradient, no PBR falloff), rounded chunky forms with visible thickness, soft dark outline or additive drop-glow for edge separation (never a realistic cast shadow), saturated flat colour, no gradients past a subtle two-stop, no fine detail, no film grain/vignette/chromatic aberration/lens flare/dust/scratches. Silhouette must read clearly at 32px."
"manufacturer:nova-forge","manufacturers","keyed","Nova Forge","Manufacturer emblem/logo (keyed) for ""Nova Forge"" — Hive-textured launchers with drone-assembled magazines.. House style: chibi-proportioned stylized 3D, flat toon/cel-shading (max two-tone gradient, no PBR falloff), rounded chunky forms with visible thickness, soft dark outline or additive drop-glow for edge separation (never a realistic cast shadow), saturated flat colour, no gradients past a subtle two-stop, no fine detail, no film grain/vignette/chromatic aberration/lens flare/dust/scratches. Silhouette must read clearly at 32px."
"manufacturer:vanguard-systems","manufacturers","keyed","Vanguard Systems","Manufacturer emblem/logo (keyed) for ""Vanguard Systems"" — Blade-lined rails, gunmetal blue, one killing light.. House style: chibi-proportioned stylized 3D, flat toon/cel-shading (max two-tone gradient, no PBR falloff), rounded chunky forms with visible thickness, soft dark outline or additive drop-glow for edge separation (never a realistic cast shadow), saturated flat colour, no gradients past a subtle two-stop, no fine detail, no film grain/vignette/chromatic aberration/lens flare/dust/scratches. Silhouette must read clearly at 32px."
"manufacturer:aegis-armaments","manufacturers","keyed","Aegis Armaments","Manufacturer emblem/logo (keyed) for ""Aegis Armaments"" — Rounded white housings with green field-lines.. House style: chibi-proportioned stylized 3D, flat toon/cel-shading (max two-tone gradient, no PBR falloff), rounded chunky forms with visible thickness, soft dark outline or additive drop-glow for edge separation (never a realistic cast shadow), saturated flat colour, no gradients past a subtle two-stop, no fine detail, no film grain/vignette/chromatic aberration/lens flare/dust/scratches. Silhouette must read clearly at 32px."
"manufacturer:quantum-horizon","manufacturers","keyed","Quantum Horizon","Manufacturer emblem/logo (keyed) for ""Quantum Horizon"" — Iridescent seams that render a frame late.. House style: chibi-proportioned stylized 3D, flat toon/cel-shading (max two-tone gradient, no PBR falloff), rounded chunky forms with visible thickness, soft dark outline or additive drop-glow for edge separation (never a realistic cast shadow), saturated flat colour, no gradients past a subtle two-stop, no fine detail, no film grain/vignette/chromatic aberration/lens flare/dust/scratches. Silhouette must read clearly at 32px."
"manufacturer:black-horizon","manufacturers","keyed","Black Horizon","Manufacturer emblem/logo (keyed) for ""Black Horizon"" — Matte void panels; hard to photograph, harder to trace.. House style: chibi-proportioned stylized 3D, flat toon/cel-shading (max two-tone gradient, no PBR falloff), rounded chunky forms with visible thickness, soft dark outline or additive drop-glow for edge separation (never a realistic cast shadow), saturated flat colour, no gradients past a subtle two-stop, no fine detail, no film grain/vignette/chromatic aberration/lens flare/dust/scratches. Silhouette must read clearly at 32px."
"manufacturer:frontier-salvage","manufacturers","keyed","Frontier Salvage","Manufacturer emblem/logo (keyed) for ""Frontier Salvage"" — Mismatched panels, honest rust, stencilled serials from three fleets.. House style: chibi-proportioned stylized 3D, flat toon/cel-shading (max two-tone gradient, no PBR falloff), rounded chunky forms with visible thickness, soft dark outline or additive drop-glow for edge separation (never a realistic cast shadow), saturated flat colour, no gradients past a subtle two-stop, no fine detail, no film grain/vignette/chromatic aberration/lens flare/dust/scratches. Silhouette must read clearly at 32px."
"manufacturer:ancient-foundry","manufacturers","keyed","Ancient Foundry","Manufacturer emblem/logo (keyed) for ""Ancient Foundry"" — White stone alloy and gold conduit, excavated not machined.. House style: chibi-proportioned stylized 3D, flat toon/cel-shading (max two-tone gradient, no PBR falloff), rounded chunky forms with visible thickness, soft dark outline or additive drop-glow for edge separation (never a realistic cast shadow), saturated flat colour, no gradients past a subtle two-stop, no fine detail, no film grain/vignette/chromatic aberration/lens flare/dust/scratches. Silhouette must read clearly at 32px."
"manufacturer:paragon-laboratories","manufacturers","keyed","Paragon Laboratories","Manufacturer emblem/logo (keyed) for ""Paragon Laboratories"" — Exposed telemetry, warning stencils, one fresh weld always cooling.. House style: chibi-proportioned stylized 3D, flat toon/cel-shading (max two-tone gradient, no PBR falloff), rounded chunky forms with visible thickness, soft dark outline or additive drop-glow for edge separation (never a realistic cast shadow), saturated flat colour, no gradients past a subtle two-stop, no fine detail, no film grain/vignette/chromatic aberration/lens flare/dust/scratches. Silhouette must read clearly at 32px."
"manufacturer:halcyon-driveworks","manufacturers","keyed","Halcyon Driveworks","Manufacturer emblem/logo (keyed) for ""Halcyon Driveworks"" — Expedition white with exposed coil windings.. House style: chibi-proportioned stylized 3D, flat toon/cel-shading (max two-tone gradient, no PBR falloff), rounded chunky forms with visible thickness, soft dark outline or additive drop-glow for edge separation (never a realistic cast shadow), saturated flat colour, no gradients past a subtle two-stop, no fine detail, no film grain/vignette/chromatic aberration/lens flare/dust/scratches. Silhouette must read clearly at 32px."
"manufacturer:ironmoor-foundry","manufacturers","keyed","Ironmoor Foundry","Manufacturer emblem/logo (keyed) for ""Ironmoor Foundry"" — Foundry grey, proud welds, recoil handled by mass.. House style: chibi-proportioned stylized 3D, flat toon/cel-shading (max two-tone gradient, no PBR falloff), rounded chunky forms with visible thickness, soft dark outline or additive drop-glow for edge separation (never a realistic cast shadow), saturated flat colour, no gradients past a subtle two-stop, no fine detail, no film grain/vignette/chromatic aberration/lens flare/dust/scratches. Silhouette must read clearly at 32px."
"manufacturer:void-legion-remnant","manufacturers","keyed","Void Legion Remnant","Manufacturer emblem/logo (keyed) for ""Void Legion Remnant"" — Seams of not-quite-black that drip upward.. House style: chibi-proportioned stylized 3D, flat toon/cel-shading (max two-tone gradient, no PBR falloff), rounded chunky forms with visible thickness, soft dark outline or additive drop-glow for edge separation (never a realistic cast shadow), saturated flat colour, no gradients past a subtle two-stop, no fine detail, no film grain/vignette/chromatic aberration/lens flare/dust/scratches. Silhouette must read clearly at 32px."
"manufacturer:meridian-yards","manufacturers","keyed","Meridian Yards","Manufacturer emblem/logo (keyed) for ""Meridian Yards"" — Survey-white lattices grown around instrument cores.. House style: chibi-proportioned stylized 3D, flat toon/cel-shading (max two-tone gradient, no PBR falloff), rounded chunky forms with visible thickness, soft dark outline or additive drop-glow for edge separation (never a realistic cast shadow), saturated flat colour, no gradients past a subtle two-stop, no fine detail, no film grain/vignette/chromatic aberration/lens flare/dust/scratches. Silhouette must read clearly at 32px."
"manufacturer:aegis-systems","manufacturers","keyed","Aegis Systems","Manufacturer emblem/logo (keyed) for ""Aegis Systems"" — Rounded white hulls, green field-lines, medical calm.. House style: chibi-proportioned stylized 3D, flat toon/cel-shading (max two-tone gradient, no PBR falloff), rounded chunky forms with visible thickness, soft dark outline or additive drop-glow for edge separation (never a realistic cast shadow), saturated flat colour, no gradients past a subtle two-stop, no fine detail, no film grain/vignette/chromatic aberration/lens flare/dust/scratches. Silhouette must read clearly at 32px."
"manufacturer:vanguard-fleetworks","manufacturers","keyed","Vanguard Fleetworks","Manufacturer emblem/logo (keyed) for ""Vanguard Fleetworks"" — Predator lines, gunmetal blue, one blade-edge running light.. House style: chibi-proportioned stylized 3D, flat toon/cel-shading (max two-tone gradient, no PBR falloff), rounded chunky forms with visible thickness, soft dark outline or additive drop-glow for edge separation (never a realistic cast shadow), saturated flat colour, no gradients past a subtle two-stop, no fine detail, no film grain/vignette/chromatic aberration/lens flare/dust/scratches. Silhouette must read clearly at 32px."
"manufacturer:eclipse-engineering","manufacturers","keyed","Eclipse Engineering","Manufacturer emblem/logo (keyed) for ""Eclipse Engineering"" — Matte black with storm-grey baffles; hard to photograph on purpose.. House style: chibi-proportioned stylized 3D, flat toon/cel-shading (max two-tone gradient, no PBR falloff), rounded chunky forms with visible thickness, soft dark outline or additive drop-glow for edge separation (never a realistic cast shadow), saturated flat colour, no gradients past a subtle two-stop, no fine detail, no film grain/vignette/chromatic aberration/lens flare/dust/scratches. Silhouette must read clearly at 32px."
"manufacturer:prototype-division","manufacturers","keyed","Prototype Division","Manufacturer emblem/logo (keyed) for ""Prototype Division"" — Mismatched panels, exposed telemetry, warning stencils in three languages.. House style: chibi-proportioned stylized 3D, flat toon/cel-shading (max two-tone gradient, no PBR falloff), rounded chunky forms with visible thickness, soft dark outline or additive drop-glow for edge separation (never a realistic cast shadow), saturated flat colour, no gradients past a subtle two-stop, no fine detail, no film grain/vignette/chromatic aberration/lens flare/dust/scratches. Silhouette must read clearly at 32px."
"fire-pattern:singleShot","fire-patterns","additive","singleShot","Muzzle/spawn-geometry VFX primitive (additive) for fire pattern ""singleShot"". House VFX style: large, few, rounded particles — fat circles, chunky stars, thick rings. Never fine dust, realistic smoke, or lens flares. Additive glow clipped tight to the source. Flat saturated colour, no gradients past a subtle two-stop, nothing gritty. Must read clearly at 32px, never obscure a silhouette for more than ~200ms."
"fire-pattern:burst","fire-patterns","additive","burst","Muzzle/spawn-geometry VFX primitive (additive) for fire pattern ""burst"". House VFX style: large, few, rounded particles — fat circles, chunky stars, thick rings. Never fine dust, realistic smoke, or lens flares. Additive glow clipped tight to the source. Flat saturated colour, no gradients past a subtle two-stop, nothing gritty. Must read clearly at 32px, never obscure a silhouette for more than ~200ms."
"fire-pattern:spread","fire-patterns","additive","spread","Muzzle/spawn-geometry VFX primitive (additive) for fire pattern ""spread"". House VFX style: large, few, rounded particles — fat circles, chunky stars, thick rings. Never fine dust, realistic smoke, or lens flares. Additive glow clipped tight to the source. Flat saturated colour, no gradients past a subtle two-stop, nothing gritty. Must read clearly at 32px, never obscure a silhouette for more than ~200ms."
"fire-pattern:arc","fire-patterns","additive","arc","Muzzle/spawn-geometry VFX primitive (additive) for fire pattern ""arc"". House VFX style: large, few, rounded particles — fat circles, chunky stars, thick rings. Never fine dust, realistic smoke, or lens flares. Additive glow clipped tight to the source. Flat saturated colour, no gradients past a subtle two-stop, nothing gritty. Must read clearly at 32px, never obscure a silhouette for more than ~200ms."
"fire-pattern:nova","fire-patterns","additive","nova","Muzzle/spawn-geometry VFX primitive (additive) for fire pattern ""nova"". House VFX style: large, few, rounded particles — fat circles, chunky stars, thick rings. Never fine dust, realistic smoke, or lens flares. Additive glow clipped tight to the source. Flat saturated colour, no gradients past a subtle two-stop, nothing gritty. Must read clearly at 32px, never obscure a silhouette for more than ~200ms."
"fire-pattern:spiral","fire-patterns","additive","spiral","Muzzle/spawn-geometry VFX primitive (additive) for fire pattern ""spiral"". House VFX style: large, few, rounded particles — fat circles, chunky stars, thick rings. Never fine dust, realistic smoke, or lens flares. Additive glow clipped tight to the source. Flat saturated colour, no gradients past a subtle two-stop, nothing gritty. Must read clearly at 32px, never obscure a silhouette for more than ~200ms."
"fire-pattern:beam","fire-patterns","additive","beam","Muzzle/spawn-geometry VFX primitive (additive) for fire pattern ""beam"". House VFX style: large, few, rounded particles — fat circles, chunky stars, thick rings. Never fine dust, realistic smoke, or lens flares. Additive glow clipped tight to the source. Flat saturated colour, no gradients past a subtle two-stop, nothing gritty. Must read clearly at 32px, never obscure a silhouette for more than ~200ms."
"fire-pattern:orbit","fire-patterns","additive","orbit","Muzzle/spawn-geometry VFX primitive (additive) for fire pattern ""orbit"". House VFX style: large, few, rounded particles — fat circles, chunky stars, thick rings. Never fine dust, realistic smoke, or lens flares. Additive glow clipped tight to the source. Flat saturated colour, no gradients past a subtle two-stop, nothing gritty. Must read clearly at 32px, never obscure a silhouette for more than ~200ms."
"fire-pattern:homing","fire-patterns","additive","homing","Muzzle/spawn-geometry VFX primitive (additive) for fire pattern ""homing"". House VFX style: large, few, rounded particles — fat circles, chunky stars, thick rings. Never fine dust, realistic smoke, or lens flares. Additive glow clipped tight to the source. Flat saturated colour, no gradients past a subtle two-stop, nothing gritty. Must read clearly at 32px, never obscure a silhouette for more than ~200ms."
"fire-pattern:chain","fire-patterns","additive","chain","Muzzle/spawn-geometry VFX primitive (additive) for fire pattern ""chain"". House VFX style: large, few, rounded particles — fat circles, chunky stars, thick rings. Never fine dust, realistic smoke, or lens flares. Additive glow clipped tight to the source. Flat saturated colour, no gradients past a subtle two-stop, nothing gritty. Must read clearly at 32px, never obscure a silhouette for more than ~200ms."
"fire-pattern:wave","fire-patterns","additive","wave","Muzzle/spawn-geometry VFX primitive (additive) for fire pattern ""wave"". House VFX style: large, few, rounded particles — fat circles, chunky stars, thick rings. Never fine dust, realistic smoke, or lens flares. Additive glow clipped tight to the source. Flat saturated colour, no gradients past a subtle two-stop, nothing gritty. Must read clearly at 32px, never obscure a silhouette for more than ~200ms."
"fire-pattern:chargedShot","fire-patterns","additive","chargedShot","Muzzle/spawn-geometry VFX primitive (additive) for fire pattern ""chargedShot"". House VFX style: large, few, rounded particles — fat circles, chunky stars, thick rings. Never fine dust, realistic smoke, or lens flares. Additive glow clipped tight to the source. Flat saturated colour, no gradients past a subtle two-stop, nothing gritty. Must read clearly at 32px, never obscure a silhouette for more than ~200ms."
"projectile-behaviour:straight","projectile-behaviours","additive","straight","Projectile visual/trail primitive (additive) for behaviour ""straight"". House VFX style: large, few, rounded particles — fat circles, chunky stars, thick rings. Never fine dust, realistic smoke, or lens flares. Additive glow clipped tight to the source. Flat saturated colour, no gradients past a subtle two-stop, nothing gritty. Must read clearly at 32px, never obscure a silhouette for more than ~200ms."
"projectile-behaviour:seeking","projectile-behaviours","additive","seeking","Projectile visual/trail primitive (additive) for behaviour ""seeking"". House VFX style: large, few, rounded particles — fat circles, chunky stars, thick rings. Never fine dust, realistic smoke, or lens flares. Additive glow clipped tight to the source. Flat saturated colour, no gradients past a subtle two-stop, nothing gritty. Must read clearly at 32px, never obscure a silhouette for more than ~200ms."
"projectile-behaviour:bouncing","projectile-behaviours","additive","bouncing","Projectile visual/trail primitive (additive) for behaviour ""bouncing"". House VFX style: large, few, rounded particles — fat circles, chunky stars, thick rings. Never fine dust, realistic smoke, or lens flares. Additive glow clipped tight to the source. Flat saturated colour, no gradients past a subtle two-stop, nothing gritty. Must read clearly at 32px, never obscure a silhouette for more than ~200ms."
"projectile-behaviour:piercing","projectile-behaviours","additive","piercing","Projectile visual/trail primitive (additive) for behaviour ""piercing"". House VFX style: large, few, rounded particles — fat circles, chunky stars, thick rings. Never fine dust, realistic smoke, or lens flares. Additive glow clipped tight to the source. Flat saturated colour, no gradients past a subtle two-stop, nothing gritty. Must read clearly at 32px, never obscure a silhouette for more than ~200ms."
"projectile-behaviour:explosive","projectile-behaviours","additive","explosive","Projectile visual/trail primitive (additive) for behaviour ""explosive"". House VFX style: large, few, rounded particles — fat circles, chunky stars, thick rings. Never fine dust, realistic smoke, or lens flares. Additive glow clipped tight to the source. Flat saturated colour, no gradients past a subtle two-stop, nothing gritty. Must read clearly at 32px, never obscure a silhouette for more than ~200ms."
"projectile-behaviour:returning","projectile-behaviours","additive","returning","Projectile visual/trail primitive (additive) for behaviour ""returning"". House VFX style: large, few, rounded particles — fat circles, chunky stars, thick rings. Never fine dust, realistic smoke, or lens flares. Additive glow clipped tight to the source. Flat saturated colour, no gradients past a subtle two-stop, nothing gritty. Must read clearly at 32px, never obscure a silhouette for more than ~200ms."
"projectile-behaviour:accelerating","projectile-behaviours","additive","accelerating","Projectile visual/trail primitive (additive) for behaviour ""accelerating"". House VFX style: large, few, rounded particles — fat circles, chunky stars, thick rings. Never fine dust, realistic smoke, or lens flares. Additive glow clipped tight to the source. Flat saturated colour, no gradients past a subtle two-stop, nothing gritty. Must read clearly at 32px, never obscure a silhouette for more than ~200ms."
"projectile-behaviour:splitting","projectile-behaviours","additive","splitting","Projectile visual/trail primitive (additive) for behaviour ""splitting"". House VFX style: large, few, rounded particles — fat circles, chunky stars, thick rings. Never fine dust, realistic smoke, or lens flares. Additive glow clipped tight to the source. Flat saturated colour, no gradients past a subtle two-stop, nothing gritty. Must read clearly at 32px, never obscure a silhouette for more than ~200ms."
"projectile-behaviour:orbiting","projectile-behaviours","additive","orbiting","Projectile visual/trail primitive (additive) for behaviour ""orbiting"". House VFX style: large, few, rounded particles — fat circles, chunky stars, thick rings. Never fine dust, realistic smoke, or lens flares. Additive glow clipped tight to the source. Flat saturated colour, no gradients past a subtle two-stop, nothing gritty. Must read clearly at 32px, never obscure a silhouette for more than ~200ms."
"projectile-behaviour:chainLightning","projectile-behaviours","additive","chainLightning","Projectile visual/trail primitive (additive) for behaviour ""chainLightning"". House VFX style: large, few, rounded particles — fat circles, chunky stars, thick rings. Never fine dust, realistic smoke, or lens flares. Additive glow clipped tight to the source. Flat saturated colour, no gradients past a subtle two-stop, nothing gritty. Must read clearly at 32px, never obscure a silhouette for more than ~200ms."
"projectile-behaviour:persistentBeam","projectile-behaviours","additive","persistentBeam","Projectile visual/trail primitive (additive) for behaviour ""persistentBeam"". House VFX style: large, few, rounded particles — fat circles, chunky stars, thick rings. Never fine dust, realistic smoke, or lens flares. Additive glow clipped tight to the source. Flat saturated colour, no gradients past a subtle two-stop, nothing gritty. Must read clearly at 32px, never obscure a silhouette for more than ~200ms."
"projectile-behaviour:gravityAffected","projectile-behaviours","additive","gravityAffected","Projectile visual/trail primitive (additive) for behaviour ""gravityAffected"". House VFX style: large, few, rounded particles — fat circles, chunky stars, thick rings. Never fine dust, realistic smoke, or lens flares. Additive glow clipped tight to the source. Flat saturated colour, no gradients past a subtle two-stop, nothing gritty. Must read clearly at 32px, never obscure a silhouette for more than ~200ms."
"xp-tier:small","xp-tiers","keyed","small","XP pickup gem/orb sprite (keyed) for tier ""small"". House style: chibi-proportioned stylized 3D, flat toon/cel-shading (max two-tone gradient, no PBR falloff), rounded chunky forms with visible thickness, soft dark outline or additive drop-glow for edge separation (never a realistic cast shadow), saturated flat colour, no gradients past a subtle two-stop, no fine detail, no film grain/vignette/chromatic aberration/lens flare/dust/scratches. Silhouette must read clearly at 32px."
"xp-tier:medium","xp-tiers","keyed","medium","XP pickup gem/orb sprite (keyed) for tier ""medium"". House style: chibi-proportioned stylized 3D, flat toon/cel-shading (max two-tone gradient, no PBR falloff), rounded chunky forms with visible thickness, soft dark outline or additive drop-glow for edge separation (never a realistic cast shadow), saturated flat colour, no gradients past a subtle two-stop, no fine detail, no film grain/vignette/chromatic aberration/lens flare/dust/scratches. Silhouette must read clearly at 32px."
"xp-tier:large","xp-tiers","keyed","large","XP pickup gem/orb sprite (keyed) for tier ""large"". House style: chibi-proportioned stylized 3D, flat toon/cel-shading (max two-tone gradient, no PBR falloff), rounded chunky forms with visible thickness, soft dark outline or additive drop-glow for edge separation (never a realistic cast shadow), saturated flat colour, no gradients past a subtle two-stop, no fine detail, no film grain/vignette/chromatic aberration/lens flare/dust/scratches. Silhouette must read clearly at 32px."
"xp-tier:elite","xp-tiers","keyed","elite","XP pickup gem/orb sprite (keyed) for tier ""elite"". House style: chibi-proportioned stylized 3D, flat toon/cel-shading (max two-tone gradient, no PBR falloff), rounded chunky forms with visible thickness, soft dark outline or additive drop-glow for edge separation (never a realistic cast shadow), saturated flat colour, no gradients past a subtle two-stop, no fine detail, no film grain/vignette/chromatic aberration/lens flare/dust/scratches. Silhouette must read clearly at 32px."
"xp-tier:boss","xp-tiers","keyed","boss","XP pickup gem/orb sprite (keyed) for tier ""boss"". House style: chibi-proportioned stylized 3D, flat toon/cel-shading (max two-tone gradient, no PBR falloff), rounded chunky forms with visible thickness, soft dark outline or additive drop-glow for edge separation (never a realistic cast shadow), saturated flat colour, no gradients past a subtle two-stop, no fine detail, no film grain/vignette/chromatic aberration/lens flare/dust/scratches. Silhouette must read clearly at 32px."
"xp-tier:ancient","xp-tiers","keyed","ancient","XP pickup gem/orb sprite (keyed) for tier ""ancient"". House style: chibi-proportioned stylized 3D, flat toon/cel-shading (max two-tone gradient, no PBR falloff), rounded chunky forms with visible thickness, soft dark outline or additive drop-glow for edge separation (never a realistic cast shadow), saturated flat colour, no gradients past a subtle two-stop, no fine detail, no film grain/vignette/chromatic aberration/lens flare/dust/scratches. Silhouette must read clearly at 32px."
"xp-tier:research","xp-tiers","keyed","research","XP pickup gem/orb sprite (keyed) for tier ""research"". House style: chibi-proportioned stylized 3D, flat toon/cel-shading (max two-tone gradient, no PBR falloff), rounded chunky forms with visible thickness, soft dark outline or additive drop-glow for edge separation (never a realistic cast shadow), saturated flat colour, no gradients past a subtle two-stop, no fine detail, no film grain/vignette/chromatic aberration/lens flare/dust/scratches. Silhouette must read clearly at 32px."
"branding:logo-wordmark","branding","keyed","AFTERLIGHT logo/wordmark","Game logo/wordmark for ""AFTERLIGHT"" — a dying galaxy re-lit one expedition at a time; hopeful, not grim. Chunky rounded letterforms with visible thickness. House style: chibi-proportioned stylized 3D, flat toon/cel-shading (max two-tone gradient, no PBR falloff), rounded chunky forms with visible thickness, soft dark outline or additive drop-glow for edge separation (never a realistic cast shadow), saturated flat colour, no gradients past a subtle two-stop, no fine detail, no film grain/vignette/chromatic aberration/lens flare/dust/scratches. Silhouette must read clearly at 32px."
"branding:app-icon-512","branding","fullbleed","PWA app icon 512px","PWA app icon, 512x512, full-bleed — a single instantly-readable emblem of the game (the carried light against the dark). House background style: flat saturated colour, no gradients past a subtle two-stop, no film grain/vignette/chromatic aberration/lens flare/dust/scratches. Bold simple shapes, no fine detail or naturalistic texture noise. Must stay clearly readable behind foreground sprites — it never competes with the silhouette."
"branding:app-icon-192","branding","fullbleed","PWA app icon 192px","PWA app icon, 192x192, full-bleed — same emblem as the 512px icon, simplified for the smaller size. House background style: flat saturated colour, no gradients past a subtle two-stop, no film grain/vignette/chromatic aberration/lens flare/dust/scratches. Bold simple shapes, no fine detail or naturalistic texture noise. Must stay clearly readable behind foreground sprites — it never competes with the silhouette."
"branding:favicon","branding","fullbleed","Browser favicon","Browser favicon — the game emblem reduced to its simplest readable form. House background style: flat saturated colour, no gradients past a subtle two-stop, no film grain/vignette/chromatic aberration/lens flare/dust/scratches. Bold simple shapes, no fine detail or naturalistic texture noise. Must stay clearly readable behind foreground sprites — it never competes with the silhouette."
"branding:loading-spinner","branding","additive","Loading spinner/animation","Loading spinner/animation — a chunky rotating ring or orbit motif, additive glow. House VFX style: large, few, rounded particles — fat circles, chunky stars, thick rings. Never fine dust, realistic smoke, or lens flares. Additive glow clipped tight to the source. Flat saturated colour, no gradients past a subtle two-stop, nothing gritty. Must read clearly at 32px, never obscure a silhouette for more than ~200ms."
"branding:cursor","branding","keyed","Custom cursor","Custom cursor sprite — small, chunky, unmissable at a glance, never obscuring what it points at. House style: chibi-proportioned stylized 3D, flat toon/cel-shading (max two-tone gradient, no PBR falloff), rounded chunky forms with visible thickness, soft dark outline or additive drop-glow for edge separation (never a realistic cast shadow), saturated flat colour, no gradients past a subtle two-stop, no fine detail, no film grain/vignette/chromatic aberration/lens flare/dust/scratches. Silhouette must read clearly at 32px."
"branding:display-typeface","branding","keyed","Chunky rounded display typeface (Visual Style Rule 5)","Display typeface specimen: rounded, heavy-weight, friendly letterforms for damage numbers and headers (Visual Style Rule 5 — no thin or condensed faces anywhere in gameplay). Full A-Z, 0-9, and the damage/HUD punctuation set. House style: chibi-proportioned stylized 3D, flat toon/cel-shading (max two-tone gradient, no PBR falloff), rounded chunky forms with visible thickness, soft dark outline or additive drop-glow for edge separation (never a realistic cast shadow), saturated flat colour, no gradients past a subtle two-stop, no fine detail, no film grain/vignette/chromatic aberration/lens flare/dust/scratches. Silhouette must read clearly at 32px."
"hud:health-bar","hud-chrome","keyed","health-bar","HUD element: Player hull/health bar — rounded, chunky, visible thickness, reads at a glance. House style: chibi-proportioned stylized 3D, flat toon/cel-shading (max two-tone gradient, no PBR falloff), rounded chunky forms with visible thickness, soft dark outline or additive drop-glow for edge separation (never a realistic cast shadow), saturated flat colour, no gradients past a subtle two-stop, no fine detail, no film grain/vignette/chromatic aberration/lens flare/dust/scratches. Silhouette must read clearly at 32px."
"hud:shield-bar","hud-chrome","keyed","shield-bar","HUD element: Player shield/barrier bar — distinct from the health bar at a glance. House style: chibi-proportioned stylized 3D, flat toon/cel-shading (max two-tone gradient, no PBR falloff), rounded chunky forms with visible thickness, soft dark outline or additive drop-glow for edge separation (never a realistic cast shadow), saturated flat colour, no gradients past a subtle two-stop, no fine detail, no film grain/vignette/chromatic aberration/lens flare/dust/scratches. Silhouette must read clearly at 32px."
"hud:energy-bar","hud-chrome","keyed","energy-bar","HUD element: Ship energy bar (weapon/ability energy pool). House style: chibi-proportioned stylized 3D, flat toon/cel-shading (max two-tone gradient, no PBR falloff), rounded chunky forms with visible thickness, soft dark outline or additive drop-glow for edge separation (never a realistic cast shadow), saturated flat colour, no gradients past a subtle two-stop, no fine detail, no film grain/vignette/chromatic aberration/lens flare/dust/scratches. Silhouette must read clearly at 32px."
"hud:xp-bar","hud-chrome","keyed","xp-bar","HUD element: XP progress bar with level indicator. House style: chibi-proportioned stylized 3D, flat toon/cel-shading (max two-tone gradient, no PBR falloff), rounded chunky forms with visible thickness, soft dark outline or additive drop-glow for edge separation (never a realistic cast shadow), saturated flat colour, no gradients past a subtle two-stop, no fine detail, no film grain/vignette/chromatic aberration/lens flare/dust/scratches. Silhouette must read clearly at 32px."
"hud:boss-health-bar","hud-chrome","keyed","boss-health-bar","HUD element: Boss health bar with phase-threshold ticks and a weak-point indicator slot. House style: chibi-proportioned stylized 3D, flat toon/cel-shading (max two-tone gradient, no PBR falloff), rounded chunky forms with visible thickness, soft dark outline or additive drop-glow for edge separation (never a realistic cast shadow), saturated flat colour, no gradients past a subtle two-stop, no fine detail, no film grain/vignette/chromatic aberration/lens flare/dust/scratches. Silhouette must read clearly at 32px."
"hud:ultimate-meter","hud-chrome","keyed","ultimate-meter","HUD element: Commander ultimate charge meter — reads clearly when READY. House style: chibi-proportioned stylized 3D, flat toon/cel-shading (max two-tone gradient, no PBR falloff), rounded chunky forms with visible thickness, soft dark outline or additive drop-glow for edge separation (never a realistic cast shadow), saturated flat colour, no gradients past a subtle two-stop, no fine detail, no film grain/vignette/chromatic aberration/lens flare/dust/scratches. Silhouette must read clearly at 32px."
"hud:ability-cooldown","hud-chrome","keyed","ability-cooldown","HUD element: Ability cooldown indicator (radial or pip-based). House style: chibi-proportioned stylized 3D, flat toon/cel-shading (max two-tone gradient, no PBR falloff), rounded chunky forms with visible thickness, soft dark outline or additive drop-glow for edge separation (never a realistic cast shadow), saturated flat colour, no gradients past a subtle two-stop, no fine detail, no film grain/vignette/chromatic aberration/lens flare/dust/scratches. Silhouette must read clearly at 32px."
"hud:minimap","hud-chrome","keyed","minimap","HUD element: Minimap frame + player/enemy/objective blips. House style: chibi-proportioned stylized 3D, flat toon/cel-shading (max two-tone gradient, no PBR falloff), rounded chunky forms with visible thickness, soft dark outline or additive drop-glow for edge separation (never a realistic cast shadow), saturated flat colour, no gradients past a subtle two-stop, no fine detail, no film grain/vignette/chromatic aberration/lens flare/dust/scratches. Silhouette must read clearly at 32px."
"hud:crosshair","hud-chrome","keyed","crosshair","HUD element: Aim crosshair/reticle. House style: chibi-proportioned stylized 3D, flat toon/cel-shading (max two-tone gradient, no PBR falloff), rounded chunky forms with visible thickness, soft dark outline or additive drop-glow for edge separation (never a realistic cast shadow), saturated flat colour, no gradients past a subtle two-stop, no fine detail, no film grain/vignette/chromatic aberration/lens flare/dust/scratches. Silhouette must read clearly at 32px."
"hud:damage-numbers","hud-chrome","keyed","damage-numbers","HUD element: Floating damage-number treatment — chunky rounded digits, distinct crit variant. House style: chibi-proportioned stylized 3D, flat toon/cel-shading (max two-tone gradient, no PBR falloff), rounded chunky forms with visible thickness, soft dark outline or additive drop-glow for edge separation (never a realistic cast shadow), saturated flat colour, no gradients past a subtle two-stop, no fine detail, no film grain/vignette/chromatic aberration/lens flare/dust/scratches. Silhouette must read clearly at 32px."
"hud:toast-banner","hud-chrome","keyed","toast-banner","HUD element: Loot/reward toast notification banner. House style: chibi-proportioned stylized 3D, flat toon/cel-shading (max two-tone gradient, no PBR falloff), rounded chunky forms with visible thickness, soft dark outline or additive drop-glow for edge separation (never a realistic cast shadow), saturated flat colour, no gradients past a subtle two-stop, no fine detail, no film grain/vignette/chromatic aberration/lens flare/dust/scratches. Silhouette must read clearly at 32px."
"hud:wave-banner","hud-chrome","keyed","wave-banner","HUD element: Wave announcement banner (WAVE 5, MINI BOSS, etc.). House style: chibi-proportioned stylized 3D, flat toon/cel-shading (max two-tone gradient, no PBR falloff), rounded chunky forms with visible thickness, soft dark outline or additive drop-glow for edge separation (never a realistic cast shadow), saturated flat colour, no gradients past a subtle two-stop, no fine detail, no film grain/vignette/chromatic aberration/lens flare/dust/scratches. Silhouette must read clearly at 32px."
"hud:objective-tracker","hud-chrome","keyed","objective-tracker","HUD element: Mission objective tracker panel (primary + optional objectives). House style: chibi-proportioned stylized 3D, flat toon/cel-shading (max two-tone gradient, no PBR falloff), rounded chunky forms with visible thickness, soft dark outline or additive drop-glow for edge separation (never a realistic cast shadow), saturated flat colour, no gradients past a subtle two-stop, no fine detail, no film grain/vignette/chromatic aberration/lens flare/dust/scratches. Silhouette must read clearly at 32px."
"hud:extraction-timer","hud-chrome","keyed","extraction-timer","HUD element: Extraction countdown timer readout. House style: chibi-proportioned stylized 3D, flat toon/cel-shading (max two-tone gradient, no PBR falloff), rounded chunky forms with visible thickness, soft dark outline or additive drop-glow for edge separation (never a realistic cast shadow), saturated flat colour, no gradients past a subtle two-stop, no fine detail, no film grain/vignette/chromatic aberration/lens flare/dust/scratches. Silhouette must read clearly at 32px."
"ui:button-set","ui-components","keyed","button-set","UI component: Button component set — normal, hover, pressed, disabled states. House style: chibi-proportioned stylized 3D, flat toon/cel-shading (max two-tone gradient, no PBR falloff), rounded chunky forms with visible thickness, soft dark outline or additive drop-glow for edge separation (never a realistic cast shadow), saturated flat colour, no gradients past a subtle two-stop, no fine detail, no film grain/vignette/chromatic aberration/lens flare/dust/scratches. Silhouette must read clearly at 32px."
"ui:panel","ui-components","keyed","panel","UI component: Screen panel background — rounded corners, visible border thickness. House style: chibi-proportioned stylized 3D, flat toon/cel-shading (max two-tone gradient, no PBR falloff), rounded chunky forms with visible thickness, soft dark outline or additive drop-glow for edge separation (never a realistic cast shadow), saturated flat colour, no gradients past a subtle two-stop, no fine detail, no film grain/vignette/chromatic aberration/lens flare/dust/scratches. Silhouette must read clearly at 32px."
"ui:card-frame","ui-components","keyed","card-frame","UI component: Choice-card frame (level-up offers, build paths, boss artifacts). House style: chibi-proportioned stylized 3D, flat toon/cel-shading (max two-tone gradient, no PBR falloff), rounded chunky forms with visible thickness, soft dark outline or additive drop-glow for edge separation (never a realistic cast shadow), saturated flat colour, no gradients past a subtle two-stop, no fine detail, no film grain/vignette/chromatic aberration/lens flare/dust/scratches. Silhouette must read clearly at 32px."
"ui:tooltip","ui-components","keyed","tooltip","UI component: Tooltip bubble. House style: chibi-proportioned stylized 3D, flat toon/cel-shading (max two-tone gradient, no PBR falloff), rounded chunky forms with visible thickness, soft dark outline or additive drop-glow for edge separation (never a realistic cast shadow), saturated flat colour, no gradients past a subtle two-stop, no fine detail, no film grain/vignette/chromatic aberration/lens flare/dust/scratches. Silhouette must read clearly at 32px."
"ui:modal-frame","ui-components","keyed","modal-frame","UI component: Modal/dialog frame. House style: chibi-proportioned stylized 3D, flat toon/cel-shading (max two-tone gradient, no PBR falloff), rounded chunky forms with visible thickness, soft dark outline or additive drop-glow for edge separation (never a realistic cast shadow), saturated flat colour, no gradients past a subtle two-stop, no fine detail, no film grain/vignette/chromatic aberration/lens flare/dust/scratches. Silhouette must read clearly at 32px."
"ui:tab-bar","ui-components","keyed","tab-bar","UI component: Tab bar with active/inactive tab states. House style: chibi-proportioned stylized 3D, flat toon/cel-shading (max two-tone gradient, no PBR falloff), rounded chunky forms with visible thickness, soft dark outline or additive drop-glow for edge separation (never a realistic cast shadow), saturated flat colour, no gradients past a subtle two-stop, no fine detail, no film grain/vignette/chromatic aberration/lens flare/dust/scratches. Silhouette must read clearly at 32px."
"ui:toggle","ui-components","keyed","toggle","UI component: Settings toggle — on/off states. House style: chibi-proportioned stylized 3D, flat toon/cel-shading (max two-tone gradient, no PBR falloff), rounded chunky forms with visible thickness, soft dark outline or additive drop-glow for edge separation (never a realistic cast shadow), saturated flat colour, no gradients past a subtle two-stop, no fine detail, no film grain/vignette/chromatic aberration/lens flare/dust/scratches. Silhouette must read clearly at 32px."
"ui:slider","ui-components","keyed","slider","UI component: Settings slider — track, fill, and handle. House style: chibi-proportioned stylized 3D, flat toon/cel-shading (max two-tone gradient, no PBR falloff), rounded chunky forms with visible thickness, soft dark outline or additive drop-glow for edge separation (never a realistic cast shadow), saturated flat colour, no gradients past a subtle two-stop, no fine detail, no film grain/vignette/chromatic aberration/lens flare/dust/scratches. Silhouette must read clearly at 32px."
"ui:scrollbar","ui-components","keyed","scrollbar","UI component: Scrollbar — track and thumb. House style: chibi-proportioned stylized 3D, flat toon/cel-shading (max two-tone gradient, no PBR falloff), rounded chunky forms with visible thickness, soft dark outline or additive drop-glow for edge separation (never a realistic cast shadow), saturated flat colour, no gradients past a subtle two-stop, no fine detail, no film grain/vignette/chromatic aberration/lens flare/dust/scratches. Silhouette must read clearly at 32px."
"ui:list-row","ui-components","keyed","list-row","UI component: List row / roster entry background — normal and selected states. House style: chibi-proportioned stylized 3D, flat toon/cel-shading (max two-tone gradient, no PBR falloff), rounded chunky forms with visible thickness, soft dark outline or additive drop-glow for edge separation (never a realistic cast shadow), saturated flat colour, no gradients past a subtle two-stop, no fine detail, no film grain/vignette/chromatic aberration/lens flare/dust/scratches. Silhouette must read clearly at 32px."
"ui:talent-node-frame","ui-components","keyed","talent-node-frame","UI component: Talent-tree node frame — locked, available, and unlocked states. House style: chibi-proportioned stylized 3D, flat toon/cel-shading (max two-tone gradient, no PBR falloff), rounded chunky forms with visible thickness, soft dark outline or additive drop-glow for edge separation (never a realistic cast shadow), saturated flat colour, no gradients past a subtle two-stop, no fine detail, no film grain/vignette/chromatic aberration/lens flare/dust/scratches. Silhouette must read clearly at 32px."
"player-vfx:engine-trail","player-vfx","additive","engine-trail","Player-ship VFX: Player ship engine/thruster trail — constant, subtle, never obscuring the ship. House VFX style: large, few, rounded particles — fat circles, chunky stars, thick rings. Never fine dust, realistic smoke, or lens flares. Additive glow clipped tight to the source. Flat saturated colour, no gradients past a subtle two-stop, nothing gritty. Must read clearly at 32px, never obscure a silhouette for more than ~200ms."
"player-vfx:boost-dash","player-vfx","additive","boost-dash","Player-ship VFX: Boost dash burst — brief chunky speed-line/ring burst along the dash direction. House VFX style: large, few, rounded particles — fat circles, chunky stars, thick rings. Never fine dust, realistic smoke, or lens flares. Additive glow clipped tight to the source. Flat saturated colour, no gradients past a subtle two-stop, nothing gritty. Must read clearly at 32px, never obscure a silhouette for more than ~200ms."
"player-vfx:invuln-shimmer","player-vfx","additive","invuln-shimmer","Player-ship VFX: Invulnerability-frame shimmer during boost — a clean outline glow. House VFX style: large, few, rounded particles — fat circles, chunky stars, thick rings. Never fine dust, realistic smoke, or lens flares. Additive glow clipped tight to the source. Flat saturated colour, no gradients past a subtle two-stop, nothing gritty. Must read clearly at 32px, never obscure a silhouette for more than ~200ms."
"player-vfx:barrier-bubble","player-vfx","additive","barrier-bubble","Player-ship VFX: Active barrier/shield bubble around the player ship. House VFX style: large, few, rounded particles — fat circles, chunky stars, thick rings. Never fine dust, realistic smoke, or lens flares. Additive glow clipped tight to the source. Flat saturated colour, no gradients past a subtle two-stop, nothing gritty. Must read clearly at 32px, never obscure a silhouette for more than ~200ms."
"player-vfx:shield-impact","player-vfx","additive","shield-impact","Player-ship VFX: Shield impact flash + knockback ring when the player is hit. House VFX style: large, few, rounded particles — fat circles, chunky stars, thick rings. Never fine dust, realistic smoke, or lens flares. Additive glow clipped tight to the source. Flat saturated colour, no gradients past a subtle two-stop, nothing gritty. Must read clearly at 32px, never obscure a silhouette for more than ~200ms."
"player-vfx:player-death","player-vfx","additive","player-death","Player-ship VFX: Player ship destruction — fragment-and-flash, bold and brief. House VFX style: large, few, rounded particles — fat circles, chunky stars, thick rings. Never fine dust, realistic smoke, or lens flares. Additive glow clipped tight to the source. Flat saturated colour, no gradients past a subtle two-stop, nothing gritty. Must read clearly at 32px, never obscure a silhouette for more than ~200ms."
"player-vfx:player-spawn","player-vfx","additive","player-spawn","Player-ship VFX: Player spawn-in / mission-start materialisation. House VFX style: large, few, rounded particles — fat circles, chunky stars, thick rings. Never fine dust, realistic smoke, or lens flares. Additive glow clipped tight to the source. Flat saturated colour, no gradients past a subtle two-stop, nothing gritty. Must read clearly at 32px, never obscure a silhouette for more than ~200ms."
"player-vfx:extraction-warp","player-vfx","additive","extraction-warp","Player-ship VFX: Extraction warp-out — the ship leaves in a bold vertical light column. House VFX style: large, few, rounded particles — fat circles, chunky stars, thick rings. Never fine dust, realistic smoke, or lens flares. Additive glow clipped tight to the source. Flat saturated colour, no gradients past a subtle two-stop, nothing gritty. Must read clearly at 32px, never obscure a silhouette for more than ~200ms."
"player-vfx:heal-pulse","player-vfx","additive","heal-pulse","Player-ship VFX: Hull-repair pulse (repair drone ticks, heal passives, patch kits). House VFX style: large, few, rounded particles — fat circles, chunky stars, thick rings. Never fine dust, realistic smoke, or lens flares. Additive glow clipped tight to the source. Flat saturated colour, no gradients past a subtle two-stop, nothing gritty. Must read clearly at 32px, never obscure a silhouette for more than ~200ms."
"combat-entity:outlaw-mine","combat-entities","keyed","outlaw-mine","In-run entity: Proximity mine seeded by the Outlaw Mine Layer — small, readable, clearly dangerous. House style: chibi-proportioned stylized 3D, flat toon/cel-shading (max two-tone gradient, no PBR falloff), rounded chunky forms with visible thickness, soft dark outline or additive drop-glow for edge separation (never a realistic cast shadow), saturated flat colour, no gradients past a subtle two-stop, no fine detail, no film grain/vignette/chromatic aberration/lens flare/dust/scratches. Silhouette must read clearly at 32px."
"combat-entity:crystal-growth","combat-entities","keyed","crystal-growth","In-run entity: Living crystal growth spreading across the arena floor (Crystal Dominion terrain expansion). House style: chibi-proportioned stylized 3D, flat toon/cel-shading (max two-tone gradient, no PBR falloff), rounded chunky forms with visible thickness, soft dark outline or additive drop-glow for edge separation (never a realistic cast shadow), saturated flat colour, no gradients past a subtle two-stop, no fine detail, no film grain/vignette/chromatic aberration/lens flare/dust/scratches. Silhouette must read clearly at 32px."
"combat-entity:xeno-hive","combat-entities","keyed","xeno-hive","In-run entity: Xenomorph hive structure — organic, bone-plated, bioluminescent (amber-yellow veins, not green — colour law, DIRECTIVE §4). House style: chibi-proportioned stylized 3D, flat toon/cel-shading (max two-tone gradient, no PBR falloff), rounded chunky forms with visible thickness, soft dark outline or additive drop-glow for edge separation (never a realistic cast shadow), saturated flat colour, no gradients past a subtle two-stop, no fine detail, no film grain/vignette/chromatic aberration/lens flare/dust/scratches. Silhouette must read clearly at 32px."
"combat-entity:ancient-site","combat-entities","keyed","ancient-site","In-run entity: Ancient Custodian security site structure — white stone alloy, gold conduit. House style: chibi-proportioned stylized 3D, flat toon/cel-shading (max two-tone gradient, no PBR falloff), rounded chunky forms with visible thickness, soft dark outline or additive drop-glow for edge separation (never a realistic cast shadow), saturated flat colour, no gradients past a subtle two-stop, no fine detail, no film grain/vignette/chromatic aberration/lens flare/dust/scratches. Silhouette must read clearly at 32px."
"combat-entity:loot-cache","combat-entities","keyed","loot-cache","In-run entity: Dropped loot cache/canister awaiting pickup. House style: chibi-proportioned stylized 3D, flat toon/cel-shading (max two-tone gradient, no PBR falloff), rounded chunky forms with visible thickness, soft dark outline or additive drop-glow for edge separation (never a realistic cast shadow), saturated flat colour, no gradients past a subtle two-stop, no fine detail, no film grain/vignette/chromatic aberration/lens flare/dust/scratches. Silhouette must read clearly at 32px."
"combat-entity:merchant-vessel","combat-entities","keyed","merchant-vessel","In-run entity: The Travelling Merchant's vessel — mismatched trader hull, inviting not hostile. House style: chibi-proportioned stylized 3D, flat toon/cel-shading (max two-tone gradient, no PBR falloff), rounded chunky forms with visible thickness, soft dark outline or additive drop-glow for edge separation (never a realistic cast shadow), saturated flat colour, no gradients past a subtle two-stop, no fine detail, no film grain/vignette/chromatic aberration/lens flare/dust/scratches. Silhouette must read clearly at 32px."
"combat-entity:extraction-beacon","combat-entities","keyed","extraction-beacon","In-run entity: Extraction beacon structure the player defends/reaches. House style: chibi-proportioned stylized 3D, flat toon/cel-shading (max two-tone gradient, no PBR falloff), rounded chunky forms with visible thickness, soft dark outline or additive drop-glow for edge separation (never a realistic cast shadow), saturated flat colour, no gradients past a subtle two-stop, no fine detail, no film grain/vignette/chromatic aberration/lens flare/dust/scratches. Silhouette must read clearly at 32px."
"combat-entity:meteor-telegraph","combat-entities","additive","meteor-telegraph","In-run entity: Meteor impact warning telegraph — a chunky target ring on the ground before the strike. House VFX style: large, few, rounded particles — fat circles, chunky stars, thick rings. Never fine dust, realistic smoke, or lens flares. Additive glow clipped tight to the source. Flat saturated colour, no gradients past a subtle two-stop, nothing gritty. Must read clearly at 32px, never obscure a silhouette for more than ~200ms."
"combat-entity:meteor-impact","combat-entities","additive","meteor-impact","In-run entity: Meteor strike impact burst. House VFX style: large, few, rounded particles — fat circles, chunky stars, thick rings. Never fine dust, realistic smoke, or lens flares. Additive glow clipped tight to the source. Flat saturated colour, no gradients past a subtle two-stop, nothing gritty. Must read clearly at 32px, never obscure a silhouette for more than ~200ms."
"combat-entity:acid-pool","combat-entities","additive","acid-pool","In-run entity: Acid pool ground hazard (amber, not green — colour law, DIRECTIVE §4) with a lazy bubble loop. House VFX style: large, few, rounded particles — fat circles, chunky stars, thick rings. Never fine dust, realistic smoke, or lens flares. Additive glow clipped tight to the source. Flat saturated colour, no gradients past a subtle two-stop, nothing gritty. Must read clearly at 32px, never obscure a silhouette for more than ~200ms."
"combat-entity:void-zone","combat-entities","additive","void-zone","In-run entity: Void corruption zone — reality-torn dark patch with a violet edge. House VFX style: large, few, rounded particles — fat circles, chunky stars, thick rings. Never fine dust, realistic smoke, or lens flares. Additive glow clipped tight to the source. Flat saturated colour, no gradients past a subtle two-stop, nothing gritty. Must read clearly at 32px, never obscure a silhouette for more than ~200ms."
"combat-entity:gravity-well","combat-entities","additive","gravity-well","In-run entity: Gravity well — visible distortion ring pulling inward. House VFX style: large, few, rounded particles — fat circles, chunky stars, thick rings. Never fine dust, realistic smoke, or lens flares. Additive glow clipped tight to the source. Flat saturated colour, no gradients past a subtle two-stop, nothing gritty. Must read clearly at 32px, never obscure a silhouette for more than ~200ms."
"combat-entity:singularity-charge","combat-entities","additive","singularity-charge","In-run entity: Paragon singularity charge — an unstable contained point of light. House VFX style: large, few, rounded particles — fat circles, chunky stars, thick rings. Never fine dust, realistic smoke, or lens flares. Additive glow clipped tight to the source. Flat saturated colour, no gradients past a subtle two-stop, nothing gritty. Must read clearly at 32px, never obscure a silhouette for more than ~200ms."
"combat-entity:machine-shield-lattice","combat-entities","additive","machine-shield-lattice","In-run entity: Machine Collective shared-shield lattice — hexagonal energy links between networked units. House VFX style: large, few, rounded particles — fat circles, chunky stars, thick rings. Never fine dust, realistic smoke, or lens flares. Additive glow clipped tight to the source. Flat saturated colour, no gradients past a subtle two-stop, nothing gritty. Must read clearly at 32px, never obscure a silhouette for more than ~200ms."
"combat-entity:constellation-link","combat-entities","additive","constellation-link","In-run entity: Celestial constellation link-line between networked enemies. House VFX style: large, few, rounded particles — fat circles, chunky stars, thick rings. Never fine dust, realistic smoke, or lens flares. Additive glow clipped tight to the source. Flat saturated colour, no gradients past a subtle two-stop, nothing gritty. Must read clearly at 32px, never obscure a silhouette for more than ~200ms."
"combat-entity:spawn-warp-in","combat-entities","additive","spawn-warp-in","In-run entity: Enemy spawn warp-in flash — brief, readable, fair (AF-017 spawn-fairness telegraph). House VFX style: large, few, rounded particles — fat circles, chunky stars, thick rings. Never fine dust, realistic smoke, or lens flares. Additive glow clipped tight to the source. Flat saturated colour, no gradients past a subtle two-stop, nothing gritty. Must read clearly at 32px, never obscure a silhouette for more than ~200ms."
"combat-entity:telegraph-ring","combat-entities","additive","telegraph-ring","In-run entity: Generic attack telegraph ring (radial attacks) — reads instantly as 'don't stand here'. House VFX style: large, few, rounded particles — fat circles, chunky stars, thick rings. Never fine dust, realistic smoke, or lens flares. Additive glow clipped tight to the source. Flat saturated colour, no gradients past a subtle two-stop, nothing gritty. Must read clearly at 32px, never obscure a silhouette for more than ~200ms."
"combat-entity:telegraph-line","combat-entities","additive","telegraph-line","In-run entity: Generic attack telegraph line/cone (sniper and beam attacks). House VFX style: large, few, rounded particles — fat circles, chunky stars, thick rings. Never fine dust, realistic smoke, or lens flares. Additive glow clipped tight to the source. Flat saturated colour, no gradients past a subtle two-stop, nothing gritty. Must read clearly at 32px, never obscure a silhouette for more than ~200ms."
"combat-entity:hazard-telegraph","combat-entities","additive","hazard-telegraph","In-run entity: Hazard-zone arming telegraph before a zone starts dealing damage. House VFX style: large, few, rounded particles — fat circles, chunky stars, thick rings. Never fine dust, realistic smoke, or lens flares. Additive glow clipped tight to the source. Flat saturated colour, no gradients past a subtle two-stop, nothing gritty. Must read clearly at 32px, never obscure a silhouette for more than ~200ms."
"combat-entity:loot-beam","combat-entities","additive","loot-beam","In-run entity: Loot drop beam — a vertical light column marking a drop, tinted by rarity frame. House VFX style: large, few, rounded particles — fat circles, chunky stars, thick rings. Never fine dust, realistic smoke, or lens flares. Additive glow clipped tight to the source. Flat saturated colour, no gradients past a subtle two-stop, nothing gritty. Must read clearly at 32px, never obscure a silhouette for more than ~200ms."
"combat-entity:extraction-beacon-pulse","combat-entities","additive","extraction-beacon-pulse","In-run entity: Extraction beacon active pulse while the countdown runs. House VFX style: large, few, rounded particles — fat circles, chunky stars, thick rings. Never fine dust, realistic smoke, or lens flares. Additive glow clipped tight to the source. Flat saturated colour, no gradients past a subtle two-stop, nothing gritty. Must read clearly at 32px, never obscure a silhouette for more than ~200ms."
"environment:space-backdrop","environment","fullbleed","Shared deep-space backdrop (starfield base layer)","Shared deep-space backdrop — the base starfield layer behind every biome. Sparse chunky stars, flat nebula shapes, no fine noise; must never compete with foreground silhouettes. House background style: flat saturated colour, no gradients past a subtle two-stop, no film grain/vignette/chromatic aberration/lens flare/dust/scratches. Bold simple shapes, no fine detail or naturalistic texture noise. Must stay clearly readable behind foreground sprites — it never competes with the silhouette."
"environment:arena-boundary","environment","additive","Arena boundary treatment","Arena boundary treatment — the play-field edge, a clean glowing border that reads as 'the world ends here' without visual clutter. House VFX style: large, few, rounded particles — fat circles, chunky stars, thick rings. Never fine dust, realistic smoke, or lens flares. Additive glow clipped tight to the source. Flat saturated colour, no gradients past a subtle two-stop, nothing gritty. Must read clearly at 32px, never obscure a silhouette for more than ~200ms."
"interactable:activateAncientDevice","interactables","keyed","activateAncientDevice","Interactable object sprite: an ancient device the player activates — dormant vs active states — must read as 'interact with me' at a glance. House style: chibi-proportioned stylized 3D, flat toon/cel-shading (max two-tone gradient, no PBR falloff), rounded chunky forms with visible thickness, soft dark outline or additive drop-glow for edge separation (never a realistic cast shadow), saturated flat colour, no gradients past a subtle two-stop, no fine detail, no film grain/vignette/chromatic aberration/lens flare/dust/scratches. Silhouette must read clearly at 32px."
"interactable:destroyObstacle","interactables","keyed","destroyObstacle","Interactable object sprite: a destructible obstacle — must read as 'interact with me' at a glance. House style: chibi-proportioned stylized 3D, flat toon/cel-shading (max two-tone gradient, no PBR falloff), rounded chunky forms with visible thickness, soft dark outline or additive drop-glow for edge separation (never a realistic cast shadow), saturated flat colour, no gradients past a subtle two-stop, no fine detail, no film grain/vignette/chromatic aberration/lens flare/dust/scratches. Silhouette must read clearly at 32px."
"interactable:openHiddenArea","interactables","keyed","openHiddenArea","Interactable object sprite: a sealed hidden-area entrance — must read as 'interact with me' at a glance. House style: chibi-proportioned stylized 3D, flat toon/cel-shading (max two-tone gradient, no PBR falloff), rounded chunky forms with visible thickness, soft dark outline or additive drop-glow for edge separation (never a realistic cast shadow), saturated flat colour, no gradients past a subtle two-stop, no fine detail, no film grain/vignette/chromatic aberration/lens flare/dust/scratches. Silhouette must read clearly at 32px."
"interactable:triggerEvent","interactables","keyed","triggerEvent","Interactable object sprite: an event trigger console/beacon — must read as 'interact with me' at a glance. House style: chibi-proportioned stylized 3D, flat toon/cel-shading (max two-tone gradient, no PBR falloff), rounded chunky forms with visible thickness, soft dark outline or additive drop-glow for edge separation (never a realistic cast shadow), saturated flat colour, no gradients past a subtle two-stop, no fine detail, no film grain/vignette/chromatic aberration/lens flare/dust/scratches. Silhouette must read clearly at 32px."
"interactable:harvestResource","interactables","keyed","harvestResource","Interactable object sprite: a harvestable resource node — must read as 'interact with me' at a glance. House style: chibi-proportioned stylized 3D, flat toon/cel-shading (max two-tone gradient, no PBR falloff), rounded chunky forms with visible thickness, soft dark outline or additive drop-glow for edge separation (never a realistic cast shadow), saturated flat colour, no gradients past a subtle two-stop, no fine detail, no film grain/vignette/chromatic aberration/lens flare/dust/scratches. Silhouette must read clearly at 32px."
"interactable:disableHazard","interactables","keyed","disableHazard","Interactable object sprite: a hazard control the player disables — must read as 'interact with me' at a glance. House style: chibi-proportioned stylized 3D, flat toon/cel-shading (max two-tone gradient, no PBR falloff), rounded chunky forms with visible thickness, soft dark outline or additive drop-glow for edge separation (never a realistic cast shadow), saturated flat colour, no gradients past a subtle two-stop, no fine detail, no film grain/vignette/chromatic aberration/lens flare/dust/scratches. Silhouette must read clearly at 32px."
"interactable:unlockSecret","interactables","keyed","unlockSecret","Interactable object sprite: a secret lock/vault marker — must read as 'interact with me' at a glance. House style: chibi-proportioned stylized 3D, flat toon/cel-shading (max two-tone gradient, no PBR falloff), rounded chunky forms with visible thickness, soft dark outline or additive drop-glow for edge separation (never a realistic cast shadow), saturated flat colour, no gradients past a subtle two-stop, no fine detail, no film grain/vignette/chromatic aberration/lens flare/dust/scratches. Silhouette must read clearly at 32px."
"condition:solarRadiation","environmental-conditions","keyed","solarRadiation","Environmental-condition indicator icon for ""solarRadiation"" — shown when the biome condition is active. House style: chibi-proportioned stylized 3D, flat toon/cel-shading (max two-tone gradient, no PBR falloff), rounded chunky forms with visible thickness, soft dark outline or additive drop-glow for edge separation (never a realistic cast shadow), saturated flat colour, no gradients past a subtle two-stop, no fine detail, no film grain/vignette/chromatic aberration/lens flare/dust/scratches. Silhouette must read clearly at 32px."
"condition:gravityDistortion","environmental-conditions","keyed","gravityDistortion","Environmental-condition indicator icon for ""gravityDistortion"" — shown when the biome condition is active. House style: chibi-proportioned stylized 3D, flat toon/cel-shading (max two-tone gradient, no PBR falloff), rounded chunky forms with visible thickness, soft dark outline or additive drop-glow for edge separation (never a realistic cast shadow), saturated flat colour, no gradients past a subtle two-stop, no fine detail, no film grain/vignette/chromatic aberration/lens flare/dust/scratches. Silhouette must read clearly at 32px."
"condition:crystalGrowth","environmental-conditions","keyed","crystalGrowth","Environmental-condition indicator icon for ""crystalGrowth"" — shown when the biome condition is active. House style: chibi-proportioned stylized 3D, flat toon/cel-shading (max two-tone gradient, no PBR falloff), rounded chunky forms with visible thickness, soft dark outline or additive drop-glow for edge separation (never a realistic cast shadow), saturated flat colour, no gradients past a subtle two-stop, no fine detail, no film grain/vignette/chromatic aberration/lens flare/dust/scratches. Silhouette must read clearly at 32px."
"condition:nebulaFog","environmental-conditions","keyed","nebulaFog","Environmental-condition indicator icon for ""nebulaFog"" — shown when the biome condition is active. House style: chibi-proportioned stylized 3D, flat toon/cel-shading (max two-tone gradient, no PBR falloff), rounded chunky forms with visible thickness, soft dark outline or additive drop-glow for edge separation (never a realistic cast shadow), saturated flat colour, no gradients past a subtle two-stop, no fine detail, no film grain/vignette/chromatic aberration/lens flare/dust/scratches. Silhouette must read clearly at 32px."
"condition:ionStorms","environmental-conditions","keyed","ionStorms","Environmental-condition indicator icon for ""ionStorms"" — shown when the biome condition is active. House style: chibi-proportioned stylized 3D, flat toon/cel-shading (max two-tone gradient, no PBR falloff), rounded chunky forms with visible thickness, soft dark outline or additive drop-glow for edge separation (never a realistic cast shadow), saturated flat colour, no gradients past a subtle two-stop, no fine detail, no film grain/vignette/chromatic aberration/lens flare/dust/scratches. Silhouette must read clearly at 32px."
"condition:empFields","environmental-conditions","keyed","empFields","Environmental-condition indicator icon for ""empFields"" — shown when the biome condition is active. House style: chibi-proportioned stylized 3D, flat toon/cel-shading (max two-tone gradient, no PBR falloff), rounded chunky forms with visible thickness, soft dark outline or additive drop-glow for edge separation (never a realistic cast shadow), saturated flat colour, no gradients past a subtle two-stop, no fine detail, no film grain/vignette/chromatic aberration/lens flare/dust/scratches. Silhouette must read clearly at 32px."
"condition:asteroidDrift","environmental-conditions","keyed","asteroidDrift","Environmental-condition indicator icon for ""asteroidDrift"" — shown when the biome condition is active. House style: chibi-proportioned stylized 3D, flat toon/cel-shading (max two-tone gradient, no PBR falloff), rounded chunky forms with visible thickness, soft dark outline or additive drop-glow for edge separation (never a realistic cast shadow), saturated flat colour, no gradients past a subtle two-stop, no fine detail, no film grain/vignette/chromatic aberration/lens flare/dust/scratches. Silhouette must read clearly at 32px."
"condition:voidCorruption","environmental-conditions","keyed","voidCorruption","Environmental-condition indicator icon for ""voidCorruption"" — shown when the biome condition is active. House style: chibi-proportioned stylized 3D, flat toon/cel-shading (max two-tone gradient, no PBR falloff), rounded chunky forms with visible thickness, soft dark outline or additive drop-glow for edge separation (never a realistic cast shadow), saturated flat colour, no gradients past a subtle two-stop, no fine detail, no film grain/vignette/chromatic aberration/lens flare/dust/scratches. Silhouette must read clearly at 32px."
"condition:machineActivity","environmental-conditions","keyed","machineActivity","Environmental-condition indicator icon for ""machineActivity"" — shown when the biome condition is active. House style: chibi-proportioned stylized 3D, flat toon/cel-shading (max two-tone gradient, no PBR falloff), rounded chunky forms with visible thickness, soft dark outline or additive drop-glow for edge separation (never a realistic cast shadow), saturated flat colour, no gradients past a subtle two-stop, no fine detail, no film grain/vignette/chromatic aberration/lens flare/dust/scratches. Silhouette must read clearly at 32px."
"condition:ancientEnergy","environmental-conditions","keyed","ancientEnergy","Environmental-condition indicator icon for ""ancientEnergy"" — shown when the biome condition is active. House style: chibi-proportioned stylized 3D, flat toon/cel-shading (max two-tone gradient, no PBR falloff), rounded chunky forms with visible thickness, soft dark outline or additive drop-glow for edge separation (never a realistic cast shadow), saturated flat colour, no gradients past a subtle two-stop, no fine detail, no film grain/vignette/chromatic aberration/lens flare/dust/scratches. Silhouette must read clearly at 32px."
"starmap:route-line","starmap-chrome","additive","Star-map route/lane line","Star-map element: Star-map route/lane line. House VFX style: large, few, rounded particles — fat circles, chunky stars, thick rings. Never fine dust, realistic smoke, or lens flares. Additive glow clipped tight to the source. Flat saturated colour, no gradients past a subtle two-stop, nothing gritty. Must read clearly at 32px, never obscure a silhouette for more than ~200ms."
"starmap:position-marker","starmap-chrome","keyed","Current-position marker","Star-map element: Current-position marker. House style: chibi-proportioned stylized 3D, flat toon/cel-shading (max two-tone gradient, no PBR falloff), rounded chunky forms with visible thickness, soft dark outline or additive drop-glow for edge separation (never a realistic cast shadow), saturated flat colour, no gradients past a subtle two-stop, no fine detail, no film grain/vignette/chromatic aberration/lens flare/dust/scratches. Silhouette must read clearly at 32px."
"starmap:threat-pips","starmap-chrome","keyed","System threat-level pips","Star-map element: System threat-level pips. House style: chibi-proportioned stylized 3D, flat toon/cel-shading (max two-tone gradient, no PBR falloff), rounded chunky forms with visible thickness, soft dark outline or additive drop-glow for edge separation (never a realistic cast shadow), saturated flat colour, no gradients past a subtle two-stop, no fine detail, no film grain/vignette/chromatic aberration/lens flare/dust/scratches. Silhouette must read clearly at 32px."
"starmap:locked-marker","starmap-chrome","keyed","Locked-system marker","Star-map element: Locked-system marker. House style: chibi-proportioned stylized 3D, flat toon/cel-shading (max two-tone gradient, no PBR falloff), rounded chunky forms with visible thickness, soft dark outline or additive drop-glow for edge separation (never a realistic cast shadow), saturated flat colour, no gradients past a subtle two-stop, no fine detail, no film grain/vignette/chromatic aberration/lens flare/dust/scratches. Silhouette must read clearly at 32px."
"banner:boss-intro","banners","fullbleed","Boss introduction banner/title card","Boss introduction banner/title card — dramatic full-width treatment for the boss name + title reveal (e.g. ""THE HOLLOW SENTINEL — Last Watcher of the Drift""). House background style: flat saturated colour, no gradients past a subtle two-stop, no film grain/vignette/chromatic aberration/lens flare/dust/scratches. Bold simple shapes, no fine detail or naturalistic texture noise. Must stay clearly readable behind foreground sprites — it never competes with the silhouette."
"wayfarer-hull-mk2:ability-vfx","ship-abilities","additive","Wayfarer Mk. II — Emergency Thrusters","Ship-ability VFX for ""Emergency Thrusters"", fired from the Wayfarer Mk. II (scout-class). Built for expeditions that were never meant to end in combat. House VFX style: large, few, rounded particles — fat circles, chunky stars, thick rings. Never fine dust, realistic smoke, or lens flares. Additive glow clipped tight to the source. Flat saturated colour, no gradients past a subtle two-stop, nothing gritty. Must read clearly at 32px, never obscure a silhouette for more than ~200ms."
"bastion-hull-mk1:ability-vfx","ship-abilities","additive","Bastion Mk. I — Shield Overload","Ship-ability VFX for ""Shield Overload"", fired from the Bastion Mk. I (guardian-class). Slow to move, slower to fall. House VFX style: large, few, rounded particles — fat circles, chunky stars, thick rings. Never fine dust, realistic smoke, or lens flares. Additive glow clipped tight to the source. Flat saturated colour, no gradients past a subtle two-stop, nothing gritty. Must read clearly at 32px, never obscure a silhouette for more than ~200ms."
"aurelia-hull-mk1:ability-vfx","ship-abilities","additive","Aurelia Mk. I — Survey Burst","Ship-ability VFX for ""Survey Burst"", fired from the Aurelia Mk. I (experimental-class). A survey platform with more sensor mass than armour. It has never lost a fight it saw coming, because it always sees them coming. House VFX style: large, few, rounded particles — fat circles, chunky stars, thick rings. Never fine dust, realistic smoke, or lens flares. Additive glow clipped tight to the source. Flat saturated colour, no gradients past a subtle two-stop, nothing gritty. Must read clearly at 32px, never obscure a silhouette for more than ~200ms."
"sable-dart-mk1:ability-vfx","ship-abilities","additive","Sable Dart Mk. I — Afterburn Manifold","Ship-ability VFX for ""Afterburn Manifold"", fired from the Sable Dart Mk. I (interceptor-class). Helios built it to win races. The Collapse repurposed the finish line. House VFX style: large, few, rounded particles — fat circles, chunky stars, thick rings. Never fine dust, realistic smoke, or lens flares. Additive glow clipped tight to the source. Flat saturated colour, no gradients past a subtle two-stop, nothing gritty. Must read clearly at 32px, never obscure a silhouette for more than ~200ms."
"falchion-mk2:ability-vfx","ship-abilities","additive","Falchion Mk. II — Executioner Suite","Ship-ability VFX for ""Executioner Suite"", fired from the Falchion Mk. II (assault-class). A duelling hull with the safeties filed off and the paperwork lost on purpose. House VFX style: large, few, rounded particles — fat circles, chunky stars, thick rings. Never fine dust, realistic smoke, or lens flares. Additive glow clipped tight to the source. Flat saturated colour, no gradients past a subtle two-stop, nothing gritty. Must read clearly at 32px, never obscure a silhouette for more than ~200ms."
"hivemother-mk1:ability-vfx","ship-abilities","additive","Hivemother Mk. I — Brood Bay","Ship-ability VFX for ""Brood Bay"", fired from the Hivemother Mk. I (carrier-class). The mining tools learned to defend themselves. Then they learned to be a fleet. House VFX style: large, few, rounded particles — fat circles, chunky stars, thick rings. Never fine dust, realistic smoke, or lens flares. Additive glow clipped tight to the source. Flat saturated colour, no gradients past a subtle two-stop, nothing gritty. Must read clearly at 32px, never obscure a silhouette for more than ~200ms."
"dawnspire:ability-vfx","ship-abilities","additive","Dawnspire — Vigil Lance","Ship-ability VFX for ""Vigil Lance"", fired from the Dawnspire (ancient-class). The Foundry did not build the Dawnspire. It excavated her, lit her, and has apologised to her ever since. House VFX style: large, few, rounded particles — fat circles, chunky stars, thick rings. Never fine dust, realistic smoke, or lens flares. Additive glow clipped tight to the source. Flat saturated colour, no gradients past a subtle two-stop, nothing gritty. Must read clearly at 32px, never obscure a silhouette for more than ~200ms."
"ballista-mk3:ability-vfx","ship-abilities","additive","Ballista Mk. III — Hardpoint Lattice","Ship-ability VFX for ""Hardpoint Lattice"", fired from the Ballista Mk. III (destroyer-class). Atlas put missiles where missiles should not fit, then reinforced the places that complained. House VFX style: large, few, rounded particles — fat circles, chunky stars, thick rings. Never fine dust, realistic smoke, or lens flares. Additive glow clipped tight to the source. Flat saturated colour, no gradients past a subtle two-stop, nothing gritty. Must read clearly at 32px, never obscure a silhouette for more than ~200ms."
"caduceus-mk1:ability-vfx","ship-abilities","additive","Caduceus Mk. I — Umbrella Field","Ship-ability VFX for ""Umbrella Field"", fired from the Caduceus Mk. I (engineer-class). Never lost an escorted hull. The record is painted inside the cockpit where only the pilot can read it. House VFX style: large, few, rounded particles — fat circles, chunky stars, thick rings. Never fine dust, realistic smoke, or lens flares. Additive glow clipped tight to the source. Flat saturated colour, no gradients past a subtle two-stop, nothing gritty. Must read clearly at 32px, never obscure a silhouette for more than ~200ms."
"maelstrom-x1:ability-vfx","ship-abilities","additive","Maelstrom X-1 — Shear Field","Ship-ability VFX for ""Shear Field"", fired from the Maelstrom X-1 (prototype-class). The shear field works. The warning stencils are for everything else. House VFX style: large, few, rounded particles — fat circles, chunky stars, thick rings. Never fine dust, realistic smoke, or lens flares. Additive glow clipped tight to the source. Flat saturated colour, no gradients past a subtle two-stop, nothing gritty. Must read clearly at 32px, never obscure a silhouette for more than ~200ms."
"reyes-longlight:active-vfx","commander-actives","additive","Ilsa Reyes — Energy Pulse","Active-ability VFX for ""Energy Pulse"" (cooldown-gated, fires often — brief and modest, clearly smaller than an ultimate). Ilsa Reyes ""Longlight"", an assault commander of the Human Alliance. The last gunnery officer of a fleet that no longer exists. Design brief: Scorched fleet-grey plate, one gold epaulette from a decommissioned uniform, targeting monocle always lit. House VFX style: large, few, rounded particles — fat circles, chunky stars, thick rings. Never fine dust, realistic smoke, or lens flares. Additive glow clipped tight to the source. Flat saturated colour, no gradients past a subtle two-stop, nothing gritty. Must read clearly at 32px, never obscure a silhouette for more than ~200ms."
"vek-ironhull:active-vfx","commander-actives","additive","Vek Tarn — Emergency Barrier","Active-ability VFX for ""Emergency Barrier"" (cooldown-gated, fires often — brief and modest, clearly smaller than an ultimate). Vek Tarn ""Ironhull"", a guardian commander of the Machine Collective. Rebuilt three times. Remembers all three deaths. Design brief: Salvage-plated bulk, three weld-seams across the chest — one per death — running lights set to dim amber. House VFX style: large, few, rounded particles — fat circles, chunky stars, thick rings. Never fine dust, realistic smoke, or lens flares. Additive glow clipped tight to the source. Flat saturated colour, no gradients past a subtle two-stop, nothing gritty. Must read clearly at 32px, never obscure a silhouette for more than ~200ms."
"vael-meridian:active-vfx","commander-actives","additive","Dr. Sen Vael — Resonance Survey","Active-ability VFX for ""Resonance Survey"" (cooldown-gated, fires often — brief and modest, clearly smaller than an ultimate). Dr. Sen Vael ""Meridian"", a crystalSpecialist commander of the Human Alliance. Wrote the paper proving the Afterlight Network was artificial. Has spent every year since trying to be wrong about the second half. Design brief: Field-research whites gone expedition-grey, sample vials in bandolier rows, annotating everything mid-fight. House VFX style: large, few, rounded particles — fat circles, chunky stars, thick rings. Never fine dust, realistic smoke, or lens flares. Additive glow clipped tight to the source. Flat saturated colour, no gradients past a subtle two-stop, nothing gritty. Must read clearly at 32px, never obscure a silhouette for more than ~200ms."
"okoye-torque:active-vfx","commander-actives","additive","Jelan Okoye — Field Refit","Active-ability VFX for ""Field Refit"" (cooldown-gated, fires often — brief and modest, clearly smaller than an ultimate). Jelan Okoye ""Torque"", an engineer commander of the Human Alliance. Kept a generation ship running for forty years with spare parts and spite. The restoration is just a bigger engine room. Design brief: Grease-marked utility rig, magnetic tool bandolier, one glove always off. House VFX style: large, few, rounded particles — fat circles, chunky stars, thick rings. Never fine dust, realistic smoke, or lens flares. Additive glow clipped tight to the source. Flat saturated colour, no gradients past a subtle two-stop, nothing gritty. Must read clearly at 32px, never obscure a silhouette for more than ~200ms."
"naru-whisper:active-vfx","commander-actives","additive","Ai Naru — Ghost Vector","Active-ability VFX for ""Ghost Vector"" (cooldown-gated, fires often — brief and modest, clearly smaller than an ultimate). Ai Naru ""Whisper"", a recon commander of the Stellar Nomads. Flew pathfinder for three convoys that never lost a ship. The dark isn't empty, she says. It's just quiet. Design brief: Matte convoy leathers, route-tattoos on both forearms, engine trail dimmed to a breath. House VFX style: large, few, rounded particles — fat circles, chunky stars, thick rings. Never fine dust, realistic smoke, or lens flares. Additive glow clipped tight to the source. Flat saturated colour, no gradients past a subtle two-stop, nothing gritty. Must read clearly at 32px, never obscure a silhouette for more than ~200ms."
"vex-longfang:active-vfx","commander-actives","additive","Dain Vex — Marked Quarry","Active-ability VFX for ""Marked Quarry"" (cooldown-gated, fires often — brief and modest, clearly smaller than an ultimate). Dain Vex ""Longfang"", a recon commander of the Outlaw Havens. Hunted salvage claim-jumpers for the havens until the restoration offered better prey: everything the dark sends. Design brief: Trophy-notched hull plating, one optic permanently zeroed, moves like a slow question. House VFX style: large, few, rounded particles — fat circles, chunky stars, thick rings. Never fine dust, realistic smoke, or lens flares. Additive glow clipped tight to the source. Flat saturated colour, no gradients past a subtle two-stop, nothing gritty. Must read clearly at 32px, never obscure a silhouette for more than ~200ms."
"holt-thunderline:active-vfx","commander-actives","additive","Petra Holt — Ranging Shot","Active-ability VFX for ""Ranging Shot"" (cooldown-gated, fires often — brief and modest, clearly smaller than an ultimate). Petra Holt ""Thunderline"", an orbitalCommander commander of the Human Alliance. Commanded the orbital batteries at the Collapse's last stand. Never stopped believing in preparation as a weapon. Design brief: Battery-command greatcoat, ranging monocle, chalk still on her gloves from the plotting table. House VFX style: large, few, rounded particles — fat circles, chunky stars, thick rings. Never fine dust, realistic smoke, or lens flares. Additive glow clipped tight to the source. Flat saturated colour, no gradients past a subtle two-stop, nothing gritty. Must read clearly at 32px, never obscure a silhouette for more than ~200ms."
"anders-cipher:active-vfx","commander-actives","additive","Rell Anders — Intrusion Suite","Active-ability VFX for ""Intrusion Suite"" (cooldown-gated, fires often — brief and modest, clearly smaller than an ultimate). Rell Anders ""Cipher"", a prototypePilot commander of the Independent. Speaks four machine dialects and one the Machines pretend not to recognise. Systems open for them like doors. Design brief: Cable-laced duster, glyph projections orbiting one wrist, never quite looking at you. House VFX style: large, few, rounded particles — fat circles, chunky stars, thick rings. Never fine dust, realistic smoke, or lens flares. Additive glow clipped tight to the source. Flat saturated colour, no gradients past a subtle two-stop, nothing gritty. Must read clearly at 32px, never obscure a silhouette for more than ~200ms."
"kite-aviary:active-vfx","commander-actives","additive","Suno Kite — Release the Flock","Active-ability VFX for ""Release the Flock"" (cooldown-gated, fires often — brief and modest, clearly smaller than an ultimate). Suno Kite ""Aviary"", a droneCommander commander of the Stellar Nomads. Raised a flock of salvage drones from junked parts. They follow without being told. Nobody knows how, including Suno. Design brief: Perch-scarred shoulder plating, a drone always idling at each shoulder like patient birds. House VFX style: large, few, rounded particles — fat circles, chunky stars, thick rings. Never fine dust, realistic smoke, or lens flares. Additive glow clipped tight to the source. Flat saturated colour, no gradients past a subtle two-stop, nothing gritty. Must read clearly at 32px, never obscure a silhouette for more than ~200ms."
"sel-keystone:active-vfx","commander-actives","additive","Mara Sel — Well Anchor","Active-ability VFX for ""Well Anchor"" (cooldown-gated, fires often — brief and modest, clearly smaller than an ultimate). Mara Sel ""Keystone"", a voidSpecialist commander of the Independent. Survived a gravity-well collapse that should have folded her ship into a point. Came back understanding weight. Design brief: Counterweighted rig that hangs wrong in every gravity, hair drifting a half-second late. House VFX style: large, few, rounded particles — fat circles, chunky stars, thick rings. Never fine dust, realistic smoke, or lens flares. Additive glow clipped tight to the source. Flat saturated colour, no gradients past a subtle two-stop, nothing gritty. Must read clearly at 32px, never obscure a silhouette for more than ~200ms."
"vane-chord:active-vfx","commander-actives","additive","Ilex Vane — Resonant Note","Active-ability VFX for ""Resonant Note"" (cooldown-gated, fires often — brief and modest, clearly smaller than an ultimate). Ilex Vane ""Chord"", a crystalSpecialist commander of the Crystal Dominion. The only human the Dominion's ecosystems sing back to. The Ascendancy finds this hilarious, or possibly holy. Design brief: Lattice-grown plating that chimes when struck, tuning forks where medals would go. House VFX style: large, few, rounded particles — fat circles, chunky stars, thick rings. Never fine dust, realistic smoke, or lens flares. Additive glow clipped tight to the source. Flat saturated colour, no gradients past a subtle two-stop, nothing gritty. Must read clearly at 32px, never obscure a silhouette for more than ~200ms."
"kael-nadir:active-vfx","commander-actives","additive","Dr. Oshen Kael — Containment Sample","Active-ability VFX for ""Containment Sample"" (cooldown-gated, fires often — brief and modest, clearly smaller than an ultimate). Dr. Oshen Kael ""Nadir"", a voidSpecialist commander of the Independent. Studies the Void the way you study a predator: from inside the enclosure, taking excellent notes. Design brief: Containment-grade fieldsuit annotated in grease pencil, sample vials that occasionally move. House VFX style: large, few, rounded particles — fat circles, chunky stars, thick rings. Never fine dust, realistic smoke, or lens flares. Additive glow clipped tight to the source. Flat saturated colour, no gradients past a subtle two-stop, nothing gritty. Must read clearly at 32px, never obscure a silhouette for more than ~200ms."
"farr-redline:active-vfx","commander-actives","additive","Juno Farr — Test Envelope","Active-ability VFX for ""Test Envelope"" (cooldown-gated, fires often — brief and modest, clearly smaller than an ultimate). Juno Farr ""Redline"", a prototypePilot commander of the Independent. Test-flew eleven prototypes the Protocol abandoned. Crashed nine. Bonded with the tenth. Nobody discusses the eleventh. Design brief: Mismatched prototype plating with eleven tally marks, one fresh weld always cooling. House VFX style: large, few, rounded particles — fat circles, chunky stars, thick rings. Never fine dust, realistic smoke, or lens flares. Additive glow clipped tight to the source. Flat saturated colour, no gradients past a subtle two-stop, nothing gritty. Must read clearly at 32px, never obscure a silhouette for more than ~200ms."
"iman-relay:active-vfx","commander-actives","additive","Sera Iman — Network Ping","Active-ability VFX for ""Network Ping"" (cooldown-gated, fires often — brief and modest, clearly smaller than an ultimate). Sera Iman ""Relay"", a support commander of the Human Alliance. Carries an Afterlight key that predates her family's records. The Network's doors open before she knocks. Design brief: Courier greys with a single precursor-white gauntlet, the key worn openly — a statement. House VFX style: large, few, rounded particles — fat circles, chunky stars, thick rings. Never fine dust, realistic smoke, or lens flares. Additive glow clipped tight to the source. Flat saturated colour, no gradients past a subtle two-stop, nothing gritty. Must read clearly at 32px, never obscure a silhouette for more than ~200ms."
"korr-wardbreaker:active-vfx","commander-actives","additive","Thessaly Korr — Writ of Cover","Active-ability VFX for ""Writ of Cover"" (cooldown-gated, fires often — brief and modest, clearly smaller than an ultimate). Thessaly Korr ""Wardbreaker"", a guardian commander of the Mercenary Guild. Broke a Guild contract to pull civilians out of a burning evacuation instead of finishing the job she was paid for. The Guild fined her everything she owned. The restoration paid the fine. Design brief: Guild-issue plate re-forged into personal armour, contract seals filed off, one pauldron left blank on purpose. House VFX style: large, few, rounded particles — fat circles, chunky stars, thick rings. Never fine dust, realistic smoke, or lens flares. Additive glow clipped tight to the source. Flat saturated colour, no gradients past a subtle two-stop, nothing gritty. Must read clearly at 32px, never obscure a silhouette for more than ~200ms."
"voss-lanternkeep:active-vfx","commander-actives","additive","Dr. Imara Voss — Archive Lantern","Active-ability VFX for ""Archive Lantern"" (cooldown-gated, fires often — brief and modest, clearly smaller than an ultimate). Dr. Imara Voss ""Lanternkeep"", a recon commander of the Ancient Custodians. Spent eleven years cataloguing First Light's collapsed archive by hand before the Custodians decided she'd earned the right to read what she'd catalogued. She still asks permission. Design brief: Archive-whites layered under a Custodian courtesy sash, a hand-lantern clipped at the hip out of habit, never electronic. House VFX style: large, few, rounded particles — fat circles, chunky stars, thick rings. Never fine dust, realistic smoke, or lens flares. Additive glow clipped tight to the source. Flat saturated colour, no gradients past a subtle two-stop, nothing gritty. Must read clearly at 32px, never obscure a silhouette for more than ~200ms."
"devereux-static:active-vfx","commander-actives","additive","Ash Devereux — Burn the Orders","Active-ability VFX for ""Burn the Orders"" (cooldown-gated, fires often — brief and modest, clearly smaller than an ultimate). Ash Devereux ""Static"", a prototypePilot commander of the Independent. Flew reconnaissance for the Paragon Protocol until the Protocol reconnoitred a colony that hadn't done anything but exist. Defected mid-flight. Never fully trusts a clean scan again. Design brief: Stripped Protocol flight suit with every insignia burned off, a single unpatched scorch mark left where the Paragon crest used to sit. House VFX style: large, few, rounded particles — fat circles, chunky stars, thick rings. Never fine dust, realistic smoke, or lens flares. Additive glow clipped tight to the source. Flat saturated colour, no gradients past a subtle two-stop, nothing gritty. Must read clearly at 32px, never obscure a silhouette for more than ~200ms."
"okafor-halcyon:active-vfx","commander-actives","additive","Rin Okafor — Field Triage","Active-ability VFX for ""Field Triage"" (cooldown-gated, fires often — brief and modest, clearly smaller than an ultimate). Rin Okafor ""Halcyon"", a support commander of the Human Alliance. Combat medic who has personally stabilised more restoration personnel than any single ship has lost. Keeps a ledger of names, not casualties. The ledger is longer than the losses. Design brief: Field-medic whites gone road-worn, a hand-stitched ledger strapped where a sidearm would usually sit. House VFX style: large, few, rounded particles — fat circles, chunky stars, thick rings. Never fine dust, realistic smoke, or lens flares. Additive glow clipped tight to the source. Flat saturated colour, no gradients past a subtle two-stop, nothing gritty. Must read clearly at 32px, never obscure a silhouette for more than ~200ms."
"ur-sella-chorus:active-vfx","commander-actives","additive","Vantha Ur-Sella — Harmonic Accord","Active-ability VFX for ""Harmonic Accord"" (cooldown-gated, fires often — brief and modest, clearly smaller than an ultimate). Vantha Ur-Sella ""Chorus"", a crystalSpecialist commander of the Crystal Dominion. Diplomat-scientist who negotiates with the Dominion's resonant ecosystems as readily as with its Ascendancy. Says the crystals were the easier audience. Design brief: Diplomatic Dominion vestments grown, not sewn, from lattice-silk that shifts colour with her mood. House VFX style: large, few, rounded particles — fat circles, chunky stars, thick rings. Never fine dust, realistic smoke, or lens flares. Additive glow clipped tight to the source. Flat saturated colour, no gradients past a subtle two-stop, nothing gritty. Must read clearly at 32px, never obscure a silhouette for more than ~200ms."
"kade-fulcrum:active-vfx","commander-actives","additive","Boren Kade — Lattice Splice","Active-ability VFX for ""Lattice Splice"" (cooldown-gated, fires often — brief and modest, clearly smaller than an ultimate). Boren Kade ""Fulcrum"", an engineer commander of the Machine Collective. The first human the Collective certified as a full integration engineer. Argues the certification runs both ways — the Collective learned something too. Design brief: Integration-certified exoframe half-machined, half-grown, a visible lattice seam running from wrist to shoulder where the Collective's work meets his own. House VFX style: large, few, rounded particles — fat circles, chunky stars, thick rings. Never fine dust, realistic smoke, or lens flares. Additive glow clipped tight to the source. Flat saturated colour, no gradients past a subtle two-stop, nothing gritty. Must read clearly at 32px, never obscure a silhouette for more than ~200ms."
"calder-driftline:active-vfx","commander-actives","additive","Yuen Calder — Driftline Scan","Active-ability VFX for ""Driftline Scan"" (cooldown-gated, fires often — brief and modest, clearly smaller than an ultimate). Yuen Calder ""Driftline"", a droneCommander commander of the Stellar Nomads. Grew up navigating by convoy driftlines instead of star charts. Flies scout drones the way older pilots read weather — a sense, not a system. Design brief: Convoy-drift leathers patched from three different fleets, a scout-drone perch worn smooth at the shoulder from constant use. House VFX style: large, few, rounded particles — fat circles, chunky stars, thick rings. Never fine dust, realistic smoke, or lens flares. Additive glow clipped tight to the source. Flat saturated colour, no gradients past a subtle two-stop, nothing gritty. Must read clearly at 32px, never obscure a silhouette for more than ~200ms."
"aldana-aftercare:active-vfx","commander-actives","additive","Dr. Petrin Aldana — Aftercare Protocol","Active-ability VFX for ""Aftercare Protocol"" (cooldown-gated, fires often — brief and modest, clearly smaller than an ultimate). Dr. Petrin Aldana ""Aftercare"", a voidSpecialist commander of the Independent. Studies what the Void leaves behind in the people who come back from it. Survived contact with an Eclipsed vanguard herself; treats her own case notes with the same clinical honesty as everyone else's. Design brief: Clinical field-whites worn under a void-rated overcoat, case files bound in the same static-resistant cloth she wears. House VFX style: large, few, rounded particles — fat circles, chunky stars, thick rings. Never fine dust, realistic smoke, or lens flares. Additive glow clipped tight to the source. Flat saturated colour, no gradients past a subtle two-stop, nothing gritty. Must read clearly at 32px, never obscure a silhouette for more than ~200ms."
"voss-pathfinder:active-vfx","commander-actives","additive","Dr. Lyra Voss — Survey Drone","Active-ability VFX for ""Survey Drone"" (cooldown-gated, fires often — brief and modest, clearly smaller than an ultimate). Dr. Lyra Voss ""Pathfinder"", a recon commander of the Afterlight Initiative. An astrophysicist and expedition commander who chose curiosity over conquest — the first to rediscover functioning Afterlight technology after decades of failed expeditions, and the reason humanity started believing the galaxy could be understood again, not just survived. Design brief: Slim white-and-navy exploration exosuit with gold scientific markings, a long expedition coat, a compact scanning drone perched at the shoulder, an integrated holographic wrist computer, an explorer's backpack, and a blue visor — NASA-inspired equipment throughout. House VFX style: large, few, rounded particles — fat circles, chunky stars, thick rings. Never fine dust, realistic smoke, or lens flares. Additive glow clipped tight to the source. Flat saturated colour, no gradients past a subtle two-stop, nothing gritty. Must read clearly at 32px, never obscure a silhouette for more than ~200ms."
"kane-vanguard:active-vfx","commander-actives","additive","Adrian Kane — Guardian Barrier","Active-ability VFX for ""Guardian Barrier"" (cooldown-gated, fires often — brief and modest, clearly smaller than an ultimate). Adrian Kane ""Vanguard"", a guardian commander of the United Human Frontier. A fleet commander and veteran officer who held humanity's final defensive lines through the darkest years after the Collapse — refuses, on principle, to abandon a civilian population, no matter the cost to the mission. Design brief: Heavy dark-graphite command armour with white military markings and blue command lights, a long reinforced officer's coat, a mechanical left arm, a command visor, decorated service medals, and a battle-worn finish that has clearly seen every one of them. House VFX style: large, few, rounded particles — fat circles, chunky stars, thick rings. Never fine dust, realistic smoke, or lens flares. Additive glow clipped tight to the source. Flat saturated colour, no gradients past a subtle two-stop, nothing gritty. Must read clearly at 32px, never obscure a silhouette for more than ~200ms."
"ryker-engineer:active-vfx","commander-actives","additive","Elias Ryker — Auto Turret","Active-ability VFX for ""Auto Turret"" (cooldown-gated, fires often — brief and modest, clearly smaller than an ultimate). Elias Ryker ""Engineer"", an engineer commander of the Afterlight Initiative. A systems engineer, prototype designer, and chief recovery technician who helped rebuild dozens of frontier colonies after the Collapse — trained at Atlas Dynamics, and still argues their hardpoint lattice was the last honest piece of engineering they shipped. Design brief: Heavy industrial exosuit in dark steel with orange utility lights, a mechanical backpack with integrated fabrication arms, deployable tool drones at the hip, a protective visor, numerous repair tools, and a compact fabrication printer he's clearly used mid-fight before. House VFX style: large, few, rounded particles — fat circles, chunky stars, thick rings. Never fine dust, realistic smoke, or lens flares. Additive glow clipped tight to the source. Flat saturated colour, no gradients past a subtle two-stop, nothing gritty. Must read clearly at 32px, never obscure a silhouette for more than ~200ms."
"cael-weaver:active-vfx","commander-actives","additive","Seraphina Cael — Quantum Anchor","Active-ability VFX for ""Quantum Anchor"" (cooldown-gated, fires often — brief and modest, clearly smaller than an ultimate). Seraphina Cael ""Weaver"", a voidSpecialist commander of the Afterlight Initiative. A quantum physicist, reality research specialist, and experimental systems director who became the first scientist to stabilise an artificial quantum singularity after the Collapse — trained at the Helios Quantum Institute, with ties to Quantum Horizon that she describes, cheerfully, as 'mutual professional obsession.' Design brief: A white adaptive quantum suit with gold energy channels, floating holographic rings, and gravity stabilisers; white hair tied back, blue quantum eyes, a fractal energy cloak, and quantum particles that orbit her continuously — an elegant, unmistakably scientific silhouette. House VFX style: large, few, rounded particles — fat circles, chunky stars, thick rings. Never fine dust, realistic smoke, or lens flares. Additive glow clipped tight to the source. Flat saturated colour, no gradients past a subtle two-stop, nothing gritty. Must read clearly at 32px, never obscure a silhouette for more than ~200ms."
"drake-hunter:active-vfx","commander-actives","additive","Kael Drake — Hunter Drone","Active-ability VFX for ""Hunter Drone"" (cooldown-gated, fires often — brief and modest, clearly smaller than an ultimate). Kael Drake ""Hunter"", a recon commander of the Independent Frontier Rangers. A frontier tracker, elite recon specialist, and xeno hunter who spent decades protecting isolated colonies by studying threats long before they reached anyone — allied with the Afterlight Initiative, though he still answers to the Rangers first. Design brief: Light reconnaissance armour in dark forest green and graphite, an adaptive camouflage cloak, a compact tactical backpack, a retractable targeting visor, a biometric gauntlet, a magnetic utility belt, and a long-range sensor drone — every piece of it battle-scarred. House VFX style: large, few, rounded particles — fat circles, chunky stars, thick rings. Never fine dust, realistic smoke, or lens flares. Additive glow clipped tight to the source. Flat saturated colour, no gradients past a subtle two-stop, nothing gritty. Must read clearly at 32px, never obscure a silhouette for more than ~200ms."
"sol-resonant:active-vfx","commander-actives","additive","Aria Sol — Crystal Pulse","Active-ability VFX for ""Crystal Pulse"" (cooldown-gated, fires often — brief and modest, clearly smaller than an ultimate). Aria Sol ""Resonant"", a crystalSpecialist commander of the Crystal Ascendancy. A resonance physicist, crystal harmonics specialist, and energy systems architect who led the rediscovery of resonance engineering after recovering surviving Crystal Ascendancy archives — allied with the Afterlight Initiative, and still describes her own work as 'conducting an orchestra that was already playing.' Design brief: An elegant crystal-lined combat suit in pearlescent white with cyan resonance veins, a floating crystalline halo, holographic waveform ribbons, a lightweight scientific cloak, crystal gauntlets, a luminescent visor, and soft energy trails that follow every movement. House VFX style: large, few, rounded particles — fat circles, chunky stars, thick rings. Never fine dust, realistic smoke, or lens flares. Additive glow clipped tight to the source. Flat saturated colour, no gradients past a subtle two-stop, nothing gritty. Must read clearly at 32px, never obscure a silhouette for more than ~200ms."
"vale-voidrunner:active-vfx","commander-actives","additive","Orion Vale — Phase Step","Active-ability VFX for ""Phase Step"" (cooldown-gated, fires often — brief and modest, clearly smaller than an ultimate). Orion Vale ""Voidrunner"", a voidSpecialist commander of the Afterlight Initiative. A void expedition specialist, dimensional navigator, and reality recovery operative who volunteered for humanity's first successful expeditions into permanent Void anomalies after witnessing countless failed rescue attempts — believes someone must willingly walk into darkness so others never have to. Design brief: Black adaptive void armour with deep violet energy veins, a floating fractured cloak, a distorted helmet visor, micro-singularity stabilisers, dark energy gauntlets, subtle gravitational lensing, and reality fractures that appear around his every movement. House VFX style: large, few, rounded particles — fat circles, chunky stars, thick rings. Never fine dust, realistic smoke, or lens flares. Additive glow clipped tight to the source. Flat saturated colour, no gradients past a subtle two-stop, nothing gritty. Must read clearly at 32px, never obscure a silhouette for more than ~200ms."
"iskander-swarmmaster:active-vfx","commander-actives","additive","Nova Iskander — Drone Deployment Matrix","Active-ability VFX for ""Drone Deployment Matrix"" (cooldown-gated, fires often — brief and modest, clearly smaller than an ultimate). Nova Iskander ""Swarmmaster"", a droneCommander commander of the Afterlight Initiative. A drone fleet commander, autonomous systems engineer, and swarm intelligence architect who pioneered humanity's first ethical autonomous combat framework after the Collapse — believes automation should preserve life, never replace it. Design brief: A white tactical command suit over a graphite exoskeleton with blue command lights, a floating holographic drone interface, mechanical shoulder drones, a compact command visor, adaptive control gauntlets, and orbiting utility drones — a minimalist engineering aesthetic throughout. House VFX style: large, few, rounded particles — fat circles, chunky stars, thick rings. Never fine dust, realistic smoke, or lens flares. Additive glow clipped tight to the source. Flat saturated colour, no gradients past a subtle two-stop, nothing gritty. Must read clearly at 32px, never obscure a silhouette for more than ~200ms."
"thorne-starforged:active-vfx","commander-actives","additive","Cassia Thorne — Thermal Overdrive","Active-ability VFX for ""Thermal Overdrive"" (cooldown-gated, fires often — brief and modest, clearly smaller than an ultimate). Cassia Thorne ""Starforged"", an engineer commander of the Atlas Dynamics. Atlas Dynamics' Chief Weapons Architect, an experimental metallurgist and industrial commander who rebuilt humanity's first orbital forge complex after the Collapse — she believes true strength is earned through relentless refinement, never granted. Design brief: Heavy industrial combat armour in dark titanium plating with molten orange energy vents, forging gauntlets, a thermal reactor backpack, heat exhaust vents, a magnetic tool harness, and a glowing forge hammer emblem — an unmistakably industrial silhouette. House VFX style: large, few, rounded particles — fat circles, chunky stars, thick rings. Never fine dust, realistic smoke, or lens flares. Additive glow clipped tight to the source. Flat saturated colour, no gradients past a subtle two-stop, nothing gritty. Must read clearly at 32px, never obscure a silhouette for more than ~200ms."
"vex-chronomancer:active-vfx","commander-actives","additive","Aurelion Vex — Time Fracture","Active-ability VFX for ""Time Fracture"" (cooldown-gated, fires often — brief and modest, clearly smaller than an ultimate). Aurelion Vex ""Chronomancer"", a recon commander of the Afterlight Initiative. A temporal physicist, chrono expedition specialist, and Timeline Recovery Director who led humanity's first successful expedition through a naturally occurring temporal fracture — he understands that changing history always carries a cost, and refuses to rewrite lives for personal gain. Design brief: White and silver temporal armour with floating clockwork rings, blue temporal energy, a golden chronometer core, a transparent flowing cloak, fractal clock fragments, and an elegant scientific silhouette — time distortion surrounds his every movement. House VFX style: large, few, rounded particles — fat circles, chunky stars, thick rings. Never fine dust, realistic smoke, or lens flares. Additive glow clipped tight to the source. Flat saturated colour, no gradients past a subtle two-stop, nothing gritty. Must read clearly at 32px, never obscure a silhouette for more than ~200ms."
"ash-tempest:active-vfx","commander-actives","additive","Valen Ash — Lightning Spear","Active-ability VFX for ""Lightning Spear"" (cooldown-gated, fires often — brief and modest, clearly smaller than an ultimate). Valen Ash ""Tempest"", an orbitalCommander commander of the Afterlight Initiative. An atmospheric physicist, weather systems commander, and disaster response specialist who became the first commander to safely stabilise an artificial planetary weather network after the Collapse — he believes nature is never the enemy, only a failure to understand it. Design brief: White storm armour with electric blue energy veins, a flowing weather cloak, a lightning reactor backpack, floating atmospheric sensors, crackling gauntlets, and a blue-white visor — static electricity constantly dances across the armour. House VFX style: large, few, rounded particles — fat circles, chunky stars, thick rings. Never fine dust, realistic smoke, or lens flares. Additive glow clipped tight to the source. Flat saturated colour, no gradients past a subtle two-stop, nothing gritty. Must read clearly at 32px, never obscure a silhouette for more than ~200ms."
"korven-phantom:active-vfx","commander-actives","additive","Nyx Korven — Optical Cloak","Active-ability VFX for ""Optical Cloak"" (cooldown-gated, fires often — brief and modest, clearly smaller than an ultimate). Nyx Korven ""Phantom"", a recon commander of the Afterlight Initiative. An infiltration specialist, recon commander, and counter-intelligence operative who rebuilt humanity's fractured intelligence network after the Collapse — she avoids unnecessary conflict, believing her greatest victories are the battles that never happen. Design brief: Adaptive black stealth armour with dark violet energy lines, an active camouflage cloak, a retractable optical visor, a low-profile tactical harness, and a silenced propulsion pack — minimal lighting throughout, with glitch-like distortion trailing every movement. House VFX style: large, few, rounded particles — fat circles, chunky stars, thick rings. Never fine dust, realistic smoke, or lens flares. Additive glow clipped tight to the source. Flat saturated colour, no gradients past a subtle two-stop, nothing gritty. Must read clearly at 32px, never obscure a silhouette for more than ~200ms."
"syn-bioforge:active-vfx","commander-actives","additive","Dr. Mira Syn — Living Bloom","Active-ability VFX for ""Living Bloom"" (cooldown-gated, fires often — brief and modest, clearly smaller than an ultimate). Dr. Mira Syn ""Bioforge"", a support commander of the Afterlight Initiative. A bioengineer, genetic systems director, and xenobiology specialist who rebuilt humanity's lost xenobiology programme after recovering intact genetic archives from forgotten colonies — she believes every living organism deserves understanding before judgement. Design brief: A white biological research suit with emerald energy veins, living bio-organic shoulder armour, floating DNA holograms, adaptive vine-like gauntlets, a portable laboratory backpack, and a luminescent green visor — subtle organic growths integrated throughout her equipment. House VFX style: large, few, rounded particles — fat circles, chunky stars, thick rings. Never fine dust, realistic smoke, or lens flares. Additive glow clipped tight to the source. Flat saturated colour, no gradients past a subtle two-stop, nothing gritty. Must read clearly at 32px, never obscure a silhouette for more than ~200ms."
"solari-photon:active-vfx","commander-actives","additive","Rhea Solari — Photon Lance","Active-ability VFX for ""Photon Lance"" (cooldown-gated, fires often — brief and modest, clearly smaller than an ultimate). Rhea Solari ""Photon"", an assault commander of the Afterlight Initiative. A photon systems scientist, energy weapons specialist, and stellar array commander who restored humanity's first functioning stellar energy array after the Collapse — she believes every sunrise proves humanity deserves another chance. Design brief: A brilliant white combat suit with gold solar plating, radiant energy wings, floating solar mirrors, a golden visor, photon gauntlets, and a solar reactor backpack — constant shimmering light follows every movement. House VFX style: large, few, rounded particles — fat circles, chunky stars, thick rings. Never fine dust, realistic smoke, or lens flares. Additive glow clipped tight to the source. Flat saturated colour, no gradients past a subtle two-stop, nothing gritty. Must read clearly at 32px, never obscure a silhouette for more than ~200ms."
"kain-singularity:active-vfx","commander-actives","additive","Zephyr Kain — Gravity Well","Active-ability VFX for ""Gravity Well"" (cooldown-gated, fires often — brief and modest, clearly smaller than an ultimate). Zephyr Kain ""Singularity"", a prototypePilot commander of the Afterlight Initiative. A gravitational physicist, singularity engineer, and black hole navigation specialist who led the first successful expedition into the event horizon of a stable artificial singularity — he believes gravity is the universe's oldest language. Design brief: Midnight-black research armour with gold gravitational rings orbiting his torso, a deep violet singularity core, a distorted cloak, a gravity lens visor, and micro-black-hole stabilisers — floating debris slowly orbits him at all times. House VFX style: large, few, rounded particles — fat circles, chunky stars, thick rings. Never fine dust, realistic smoke, or lens flares. Additive glow clipped tight to the source. Flat saturated colour, no gradients past a subtle two-stop, nothing gritty. Must read clearly at 32px, never obscure a silhouette for more than ~200ms."
"reyes-warden:active-vfx","commander-actives","additive","Astrid Reyes — Guardian Dome","Active-ability VFX for ""Guardian Dome"" (cooldown-gated, fires often — brief and modest, clearly smaller than an ultimate). Astrid Reyes ""Warden"", a support commander of the Afterlight Initiative. A civil defence commander, emergency response director, and planetary guardian who became the face of humanity's Civil Defence Corps after the Collapse — she believes the greatest victory is bringing everyone home alive. Design brief: A heavy rescue exosuit in white ceramic armour with gold emergency markings, blue shield emitters, expandable rescue drones, a medical backpack, an integrated command visor, a protective energy mantle, and the Civil Defence insignia worn plainly. House VFX style: large, few, rounded particles — fat circles, chunky stars, thick rings. Never fine dust, realistic smoke, or lens flares. Additive glow clipped tight to the source. Flat saturated colour, no gradients past a subtle two-stop, nothing gritty. Must read clearly at 32px, never obscure a silhouette for more than ~200ms."
"orion-starlancer:active-vfx","commander-actives","additive","Lucien Orion — Star Dash","Active-ability VFX for ""Star Dash"" (cooldown-gated, fires often — brief and modest, clearly smaller than an ultimate). Lucien Orion ""Starlancer"", an assault commander of the Afterlight Initiative. A strike commander, experimental flight specialist, and deep space interceptor pilot who became the first pilot to successfully survive repeated flights through unstable prototype jump corridors — he believes hesitation is the only true enemy. Design brief: Aerodynamic white combat armour with blue plasma fins, retractable thruster wings, magnetic flight stabilisers, a streamlined visor, a star-blue reactor core, glowing propulsion vents, and a long asymmetric flight coat. House VFX style: large, few, rounded particles — fat circles, chunky stars, thick rings. Never fine dust, realistic smoke, or lens flares. Additive glow clipped tight to the source. Flat saturated colour, no gradients past a subtle two-stop, nothing gritty. Must read clearly at 32px, never obscure a silhouette for more than ~200ms."
"volkov-titan:active-vfx","commander-actives","additive","Ivan Volkov — Titan Charge","Active-ability VFX for ""Titan Charge"" (cooldown-gated, fires often — brief and modest, clearly smaller than an ultimate). Ivan Volkov ""Titan"", an engineer commander of the Afterlight Initiative. A heavy assault commander, siege operations director, and planetary defence specialist who commanded humanity's largest planetary defence operations during the reconstruction era — he believes true strength exists only to protect those who cannot defend themselves. Design brief: A massive reinforced exosuit in titanium-grey armour with gold reinforced plating, gigantic shoulder reactors, heavy magnetic boots, integrated shield emitters, industrial hazard markings, and a blue reactor core — a towering silhouette wherever he stands. House VFX style: large, few, rounded particles — fat circles, chunky stars, thick rings. Never fine dust, realistic smoke, or lens flares. Additive glow clipped tight to the source. Flat saturated colour, no gradients past a subtle two-stop, nothing gritty. Must read clearly at 32px, never obscure a silhouette for more than ~200ms."
"myrr-oracle:active-vfx","commander-actives","additive","Selene Myrr — Tactical Projection","Active-ability VFX for ""Tactical Projection"" (cooldown-gated, fires often — brief and modest, clearly smaller than an ultimate). Selene Myrr ""Oracle"", a support commander of the Afterlight Initiative. A strategic forecast scientist, battlefield simulation director, and predictive systems architect who rebuilt humanity's predictive analytics systems using recovered Afterlight computational arrays — she believes perfect preparation saves more lives than perfect weapons. Design brief: An elegant white command suit with silver neural circuitry, floating holographic prediction rings, a transparent tactical cloak, a blue quantum visor, orbiting tactical drones, and predictive holo-displays — a minimalist scientific aesthetic throughout. House VFX style: large, few, rounded particles — fat circles, chunky stars, thick rings. Never fine dust, realistic smoke, or lens flares. Additive glow clipped tight to the source. Flat saturated colour, no gradients past a subtle two-stop, nothing gritty. Must read clearly at 32px, never obscure a silhouette for more than ~200ms."
"nova-architect:active-vfx","commander-actives","additive","Caelus Nova — Rapid Fabrication","Active-ability VFX for ""Rapid Fabrication"" (cooldown-gated, fires often — brief and modest, clearly smaller than an ultimate). Caelus Nova ""Architect"", an orbitalCommander commander of the Atlas Dynamics. A megastructure engineer, orbital construction director, and stellar infrastructure commander who became the chief architect behind humanity's post-Collapse reconstruction programme — he believes civilisation is humanity's greatest invention, and every rebuilt structure is proof that hope survives. Design brief: A white industrial exosuit with graphite structural plating, gold engineering markings, floating holographic blueprint arrays, mechanical construction arms, adaptive fabrication gauntlets, a blueprint projector backpack, and an architectural visor — orbiting construction drones accompany him everywhere. House VFX style: large, few, rounded particles — fat circles, chunky stars, thick rings. Never fine dust, realistic smoke, or lens flares. Additive glow clipped tight to the source. Flat saturated colour, no gradients past a subtle two-stop, nothing gritty. Must read clearly at 32px, never obscure a silhouette for more than ~200ms."
"vega-echo:active-vfx","commander-actives","additive","Talia Vega — Resonance Pulse","Active-ability VFX for ""Resonance Pulse"" (cooldown-gated, fires often — brief and modest, clearly smaller than an ultimate). Talia Vega ""Echo"", a crystalSpecialist commander of the Afterlight Initiative. A signal intelligence specialist, acoustic physicist, and deep space communications commander who restored the fragmented interstellar communications infrastructure that had remained silent since the Collapse — she believes silence contains more information than noise. Design brief: Slim white reconnaissance armour with turquoise resonance circuitry, circular shoulder emitters, a waveform visor, floating signal receivers, an adaptive communication pack, and concentric energy rings — an elegant scientific silhouette throughout. House VFX style: large, few, rounded particles — fat circles, chunky stars, thick rings. Never fine dust, realistic smoke, or lens flares. Additive glow clipped tight to the source. Flat saturated colour, no gradients past a subtle two-stop, nothing gritty. Must read clearly at 32px, never obscure a silhouette for more than ~200ms."
"rhem-catalyst:active-vfx","commander-actives","additive","Darius Rhem — Catalytic Charge","Active-ability VFX for ""Catalytic Charge"" (cooldown-gated, fires often — brief and modest, clearly smaller than an ultimate). Darius Rhem ""Catalyst"", a prototypePilot commander of the Afterlight Initiative. A reaction systems scientist, chain-reaction specialist, and energy cascade researcher who pioneered safe chain-reaction engineering after preventing one of the largest post-Collapse reactor failures in recorded history — he believes the smallest action can reshape an entire civilisation. Design brief: A white experimental combat suit with amber energy conduits, reactive plasma coils, floating catalyst spheres, scientific gauntlets, an adaptive reaction backpack, and a bright orange reactor core — particle emitters orbit him constantly. House VFX style: large, few, rounded particles — fat circles, chunky stars, thick rings. Never fine dust, realistic smoke, or lens flares. Additive glow clipped tight to the source. Flat saturated colour, no gradients past a subtle two-stop, nothing gritty. Must read clearly at 32px, never obscure a silhouette for more than ~200ms."
"ross-horizon:active-vfx","commander-actives","additive","Eliana Ross — Survey Beacon","Active-ability VFX for ""Survey Beacon"" (cooldown-gated, fires often — brief and modest, clearly smaller than an ultimate). Eliana Ross ""Horizon"", a droneCommander commander of the Afterlight Initiative. A long-range expedition commander, planetary survey director, and colonisation specialist who commanded the first successful post-Collapse deep-space colonisation programme — she believes humanity's future will always exist just beyond the next horizon. Design brief: White expedition armour with sand-gold expedition markings, a long exploration cloak, a terrain analysis visor, portable survey drones, a planetary mapping backpack, adaptive climbing equipment, and blue atmospheric sensors — an unmistakable explorer silhouette. House VFX style: large, few, rounded particles — fat circles, chunky stars, thick rings. Never fine dust, realistic smoke, or lens flares. Additive glow clipped tight to the source. Flat saturated colour, no gradients past a subtle two-stop, nothing gritty. Must read clearly at 32px, never obscure a silhouette for more than ~200ms."
"solace-diplomat:active-vfx","commander-actives","additive","Kieran Solace — Peace Accord","Active-ability VFX for ""Peace Accord"" (cooldown-gated, fires often — brief and modest, clearly smaller than an ultimate). Kieran Solace ""Diplomat"", a crystalSpecialist commander of the Afterlight Initiative. A chief diplomatic envoy, conflict resolution director, and first contact specialist who negotiated the first lasting interstellar alliance following the Collapse — he believes lasting peace requires courage equal to warfare. Design brief: An elegant white diplomatic uniform with gold ceremonial armour, a blue illuminated insignia, a holographic translation device, a compact negotiation interface, a light ceremonial cape, and minimal defensive plating — orbiting diplomatic drones accompany him at all times. House VFX style: large, few, rounded particles — fat circles, chunky stars, thick rings. Never fine dust, realistic smoke, or lens flares. Additive glow clipped tight to the source. Flat saturated colour, no gradients past a subtle two-stop, nothing gritty. Must read clearly at 32px, never obscure a silhouette for more than ~200ms."
"oris-nanoforge:active-vfx","commander-actives","additive","Xanthe Oris — Nanite Swarm","Active-ability VFX for ""Nanite Swarm"" (cooldown-gated, fires often — brief and modest, clearly smaller than an ultimate). Xanthe Oris ""Nanoforge"", a guardian commander of the Afterlight Initiative. A nanotechnology engineer, adaptive materials scientist, and matter reconstruction specialist who perfected safe programmable matter after decades of failed experiments — she believes perfection is not a destination, it is continuous adaptation. Design brief: Pearlescent adaptive armour with silver nanite swarms flowing beneath transparent plating, floating construction particles, morphing gauntlets, a programmable cloak, a blue-white nanite reactor, a dynamic helmet visor, and constant microscopic surface movement. House VFX style: large, few, rounded particles — fat circles, chunky stars, thick rings. Never fine dust, realistic smoke, or lens flares. Additive glow clipped tight to the source. Flat saturated colour, no gradients past a subtle two-stop, nothing gritty. Must read clearly at 32px, never obscure a silhouette for more than ~200ms."
"drake-sentinel:active-vfx","commander-actives","additive","Ronan Drake — Interceptor Grid","Active-ability VFX for ""Interceptor Grid"" (cooldown-gated, fires often — brief and modest, clearly smaller than an ultimate). Ronan Drake ""Sentinel"", an orbitalCommander commander of the Afterlight Initiative. A perimeter defence commander, orbital security director, and threat assessment specialist who protected humanity's first restored core systems after the Collapse — he believes the best defence is one nobody notices because it never fails. Design brief: White tactical defence armour with dark graphite reinforcement, blue defensive energy nodes, an orbital targeting visor, deployable defence pylons, a compact radar backpack, integrated shield emitters, and floating interceptor drones. House VFX style: large, few, rounded particles — fat circles, chunky stars, thick rings. Never fine dust, realistic smoke, or lens flares. Additive glow clipped tight to the source. Flat saturated colour, no gradients past a subtle two-stop, nothing gritty. Must read clearly at 32px, never obscure a silhouette for more than ~200ms."
"helix-alchemist:active-vfx","commander-actives","additive","Sora Helix — Elemental Injector","Active-ability VFX for ""Elemental Injector"" (cooldown-gated, fires often — brief and modest, clearly smaller than an ultimate). Sora Helix ""Alchemist"", an engineer commander of the Afterlight Initiative. An experimental chemist, elemental reaction scientist, and hazard systems specialist who revolutionised applied chemistry after the Collapse — she treats every battlefield as a scientific laboratory. Design brief: An adaptive white research coat with amber chemical reservoirs, transparent reagent canisters, a multi-spectrum visor, mechanical synthesis gauntlets, portable analysis drones, a colour-changing reactor core, and a scientific expedition harness. House VFX style: large, few, rounded particles — fat circles, chunky stars, thick rings. Never fine dust, realistic smoke, or lens flares. Additive glow clipped tight to the source. Flat saturated colour, no gradients past a subtle two-stop, nothing gritty. Must read clearly at 32px, never obscure a silhouette for more than ~200ms."
"fen-beastmaster:active-vfx","commander-actives","additive","Dorian Fen — Call Companion","Active-ability VFX for ""Call Companion"" (cooldown-gated, fires often — brief and modest, clearly smaller than an ultimate). Dorian Fen ""Beastmaster"", a droneCommander commander of the Afterlight Initiative. A xenobiologist, wildlife handler, and ecological restoration commander who rebuilt humanity's relationship with alien ecosystems by proving that native species could become trusted expedition partners rather than obstacles — he believes every species deserves coexistence before conflict. Design brief: White frontier ranger armour with an emerald expedition cloak, a living bio-scanner, a creature command gauntlet, a portable habitat pack, adaptive survival equipment, a wildlife tracking visor, and a small companion that constantly accompanies him. House VFX style: large, few, rounded particles — fat circles, chunky stars, thick rings. Never fine dust, realistic smoke, or lens flares. Additive glow clipped tight to the source. Flat saturated colour, no gradients past a subtle two-stop, nothing gritty. Must read clearly at 32px, never obscure a silhouette for more than ~200ms."
"noctis-voidwalker:active-vfx","commander-actives","additive","Vega Noctis — Phase Step","Active-ability VFX for ""Phase Step"" (cooldown-gated, fires often — brief and modest, clearly smaller than an ultimate). Vega Noctis ""Voidwalker"", a voidSpecialist commander of the Afterlight Initiative. An anomaly navigator, deep void explorer, and reality boundary specialist who became the first explorer to successfully navigate and return from the expanding dimensional fractures that appeared after the Collapse — she has stared into the emptiness long enough to understand that hope shines brightest where light cannot reach. Design brief: Midnight-black adaptive armour with deep violet energy veins, a shifting starfield cloak, floating void crystals, a fractured visor, gravitational distortion surrounding her movement, small galaxies visible within her armour plating, and a dark silhouette with brilliant cosmic highlights. House VFX style: large, few, rounded particles — fat circles, chunky stars, thick rings. Never fine dust, realistic smoke, or lens flares. Additive glow clipped tight to the source. Flat saturated colour, no gradients past a subtle two-stop, nothing gritty. Must read clearly at 32px, never obscure a silhouette for more than ~200ms."
"aether-celestial:active-vfx","commander-actives","additive","Lysandra Aether — Starfall","Active-ability VFX for ""Starfall"" (cooldown-gated, fires often — brief and modest, clearly smaller than an ultimate). Lysandra Aether ""Celestial"", an orbitalCommander commander of the Afterlight Initiative. An astrophysicist, celestial navigation director, and cosmic energy research commander who restored the forgotten network of ancient observatories that once united humanity's earliest interstellar explorers — she believes humanity was never meant to conquer the stars, only to become worthy of them. Design brief: Flowing white ceremonial armour with gold celestial trim, an animated constellation cloak, orbiting miniature stars, a living galaxy halo, a solar crown, cosmic energy wings, and a deep blue crystal visor — every movement leaves constellations behind. House VFX style: large, few, rounded particles — fat circles, chunky stars, thick rings. Never fine dust, realistic smoke, or lens flares. Additive glow clipped tight to the source. Flat saturated colour, no gradients past a subtle two-stop, nothing gritty. Must read clearly at 32px, never obscure a silhouette for more than ~200ms."
"prime-founder:active-vfx","commander-actives","additive","Atlas Prime — Command Protocol","Active-ability VFX for ""Command Protocol"" (cooldown-gated, fires often — brief and modest, clearly smaller than an ultimate). Atlas Prime ""Founder"", a guardian commander of the The First Expedition. The first expedition commander, architect of humanity's survival, and founder of the Afterlight Network, revived after more than four centuries in cryostasis — he never sought greatness; he simply refused to let humanity disappear. Design brief: Ancient white expedition armour with worn gold trim, the original Atlas insignia, visible repairs accumulated over centuries, a simple command cloak, and a prototype reactor — no unnecessary ornamentation; his appearance reflects history rather than power. House VFX style: large, few, rounded particles — fat circles, chunky stars, thick rings. Never fine dust, realistic smoke, or lens flares. Additive glow clipped tight to the source. Flat saturated colour, no gradients past a subtle two-stop, nothing gritty. Must read clearly at 32px, never obscure a silhouette for more than ~200ms."
"elite-reward-xp-crystal:vfx","elite-reward-vfx","additive","Large XP Crystal","Elite-reward grant VFX for ""Large XP Crystal"" — A single, oversized XP pickup. Bold, brief, celebratory. House VFX style: large, few, rounded particles — fat circles, chunky stars, thick rings. Never fine dust, realistic smoke, or lens flares. Additive glow clipped tight to the source. Flat saturated colour, no gradients past a subtle two-stop, nothing gritty. Must read clearly at 32px, never obscure a silhouette for more than ~200ms."
"elite-reward-xp-magnet:vfx","elite-reward-vfx","additive","XP Magnet","Elite-reward grant VFX for ""XP Magnet"" — Every XP gem on the field flies to you at once. Bold, brief, celebratory. House VFX style: large, few, rounded particles — fat circles, chunky stars, thick rings. Never fine dust, realistic smoke, or lens flares. Additive glow clipped tight to the source. Flat saturated colour, no gradients past a subtle two-stop, nothing gritty. Must read clearly at 32px, never obscure a silhouette for more than ~200ms."
"elite-reward-screen-clear:vfx","elite-reward-vfx","additive","Screen Clear","Elite-reward grant VFX for ""Screen Clear"" — A shockwave scours every enemy nearby. Bold, brief, celebratory. House VFX style: large, few, rounded particles — fat circles, chunky stars, thick rings. Never fine dust, realistic smoke, or lens flares. Additive glow clipped tight to the source. Flat saturated colour, no gradients past a subtle two-stop, nothing gritty. Must read clearly at 32px, never obscure a silhouette for more than ~200ms."
"elite-reward-screen-stun:vfx","elite-reward-vfx","additive","Screen Stun","Elite-reward grant VFX for ""Screen Stun"" — Every enemy nearby locks up. Bold, brief, celebratory. House VFX style: large, few, rounded particles — fat circles, chunky stars, thick rings. Never fine dust, realistic smoke, or lens flares. Additive glow clipped tight to the source. Flat saturated colour, no gradients past a subtle two-stop, nothing gritty. Must read clearly at 32px, never obscure a silhouette for more than ~200ms."
"elite-reward-rare-cache:vfx","elite-reward-vfx","additive","Rare Cache","Elite-reward grant VFX for ""Rare Cache"" — A guaranteed Epic-or-better cache. Bold, brief, celebratory. House VFX style: large, few, rounded particles — fat circles, chunky stars, thick rings. Never fine dust, realistic smoke, or lens flares. Additive glow clipped tight to the source. Flat saturated colour, no gradients past a subtle two-stop, nothing gritty. Must read clearly at 32px, never obscure a silhouette for more than ~200ms."
"elite-reward-epic-upgrade:vfx","elite-reward-vfx","additive","Epic Upgrade","Elite-reward grant VFX for ""Epic Upgrade"" — An extra build choice, applied instantly. Bold, brief, celebratory. House VFX style: large, few, rounded particles — fat circles, chunky stars, thick rings. Never fine dust, realistic smoke, or lens flares. Additive glow clipped tight to the source. Flat saturated colour, no gradients past a subtle two-stop, nothing gritty. Must read clearly at 32px, never obscure a silhouette for more than ~200ms."
"elite-reward-legendary-chance:vfx","elite-reward-vfx","additive","Legendary Chance","Elite-reward grant VFX for ""Legendary Chance"" — A real shot at a Legendary drop. Bold, brief, celebratory. House VFX style: large, few, rounded particles — fat circles, chunky stars, thick rings. Never fine dust, realistic smoke, or lens flares. Additive glow clipped tight to the source. Flat saturated colour, no gradients past a subtle two-stop, nothing gritty. Must read clearly at 32px, never obscure a silhouette for more than ~200ms."
"elite-reward-temporary-ally:vfx","elite-reward-vfx","additive","Temporary Ally","Elite-reward grant VFX for ""Temporary Ally"" — An escort strike hits nearby enemies for a few seconds. Bold, brief, celebratory. House VFX style: large, few, rounded particles — fat circles, chunky stars, thick rings. Never fine dust, realistic smoke, or lens flares. Additive glow clipped tight to the source. Flat saturated colour, no gradients past a subtle two-stop, nothing gritty. Must read clearly at 32px, never obscure a silhouette for more than ~200ms."
"elite-reward-repair-drone:vfx","elite-reward-vfx","additive","Repair Drone","Elite-reward grant VFX for ""Repair Drone"" — A field repair, ticking hull back for a few seconds. Bold, brief, celebratory. House VFX style: large, few, rounded particles — fat circles, chunky stars, thick rings. Never fine dust, realistic smoke, or lens flares. Additive glow clipped tight to the source. Flat saturated colour, no gradients past a subtle two-stop, nothing gritty. Must read clearly at 32px, never obscure a silhouette for more than ~200ms."
"elite-reward-atlas-fragment:vfx","elite-reward-vfx","additive","Atlas Fragment","Elite-reward grant VFX for ""Atlas Fragment"" — A fragment of the Atlas, recovered intact. Bold, brief, celebratory. House VFX style: large, few, rounded particles — fat circles, chunky stars, thick rings. Never fine dust, realistic smoke, or lens flares. Additive glow clipped tight to the source. Flat saturated colour, no gradients past a subtle two-stop, nothing gritty. Must read clearly at 32px, never obscure a silhouette for more than ~200ms."
"elite-reward-ultra-rare-event:vfx","elite-reward-vfx","additive","Ultra Rare Event Trigger","Elite-reward grant VFX for ""Ultra Rare Event Trigger"" — Something the galaxy rarely allows fires immediately. Bold, brief, celebratory. House VFX style: large, few, rounded particles — fat circles, chunky stars, thick rings. Never fine dust, realistic smoke, or lens flares. Additive glow clipped tight to the source. Flat saturated colour, no gradients past a subtle two-stop, nothing gritty. Must read clearly at 32px, never obscure a silhouette for more than ~200ms."
"wave-reward-patch-kit:vfx","wave-reward-vfx","additive","Patch Kit","Wave-reward grant VFX for ""Patch Kit"" — Restores hull. Small and ambient (fires every wave — must never interrupt play). House VFX style: large, few, rounded particles — fat circles, chunky stars, thick rings. Never fine dust, realistic smoke, or lens flares. Additive glow clipped tight to the source. Flat saturated colour, no gradients past a subtle two-stop, nothing gritty. Must read clearly at 32px, never obscure a silhouette for more than ~200ms."
"wave-reward-salvage-haul:vfx","wave-reward-vfx","additive","Salvage Haul","Wave-reward grant VFX for ""Salvage Haul"" — A handful of credits. Small and ambient (fires every wave — must never interrupt play). House VFX style: large, few, rounded particles — fat circles, chunky stars, thick rings. Never fine dust, realistic smoke, or lens flares. Additive glow clipped tight to the source. Flat saturated colour, no gradients past a subtle two-stop, nothing gritty. Must read clearly at 32px, never obscure a silhouette for more than ~200ms."
"wave-reward-wide-scanner:vfx","wave-reward-vfx","additive","Wide Scanner","Wave-reward grant VFX for ""Wide Scanner"" — Extends pickup radius. Small and ambient (fires every wave — must never interrupt play). House VFX style: large, few, rounded particles — fat circles, chunky stars, thick rings. Never fine dust, realistic smoke, or lens flares. Additive glow clipped tight to the source. Flat saturated colour, no gradients past a subtle two-stop, nothing gritty. Must read clearly at 32px, never obscure a silhouette for more than ~200ms."
"wave-reward-coil-tune:vfx","wave-reward-vfx","additive","Coil Tune","Wave-reward grant VFX for ""Coil Tune"" — Raises weapon damage. Small and ambient (fires every wave — must never interrupt play). House VFX style: large, few, rounded particles — fat circles, chunky stars, thick rings. Never fine dust, realistic smoke, or lens flares. Additive glow clipped tight to the source. Flat saturated colour, no gradients past a subtle two-stop, nothing gritty. Must read clearly at 32px, never obscure a silhouette for more than ~200ms."
"wave-reward-field-primer:vfx","wave-reward-vfx","additive","Field Primer","Wave-reward grant VFX for ""Field Primer"" — An extra passive, applied instantly. Small and ambient (fires every wave — must never interrupt play). House VFX style: large, few, rounded particles — fat circles, chunky stars, thick rings. Never fine dust, realistic smoke, or lens flares. Additive glow clipped tight to the source. Flat saturated colour, no gradients past a subtle two-stop, nothing gritty. Must read clearly at 32px, never obscure a silhouette for more than ~200ms."
"wave-reward-second-look:vfx","wave-reward-vfx","additive","Second Look","Wave-reward grant VFX for ""Second Look"" — Rerolls your next level-up offer for free. Small and ambient (fires every wave — must never interrupt play). House VFX style: large, few, rounded particles — fat circles, chunky stars, thick rings. Never fine dust, realistic smoke, or lens flares. Additive glow clipped tight to the source. Flat saturated colour, no gradients past a subtle two-stop, nothing gritty. Must read clearly at 32px, never obscure a silhouette for more than ~200ms."
"wave-reward-atlas-cache:vfx","wave-reward-vfx","additive","Atlas Cache","Wave-reward grant VFX for ""Atlas Cache"" — A small Atlas Fragment cache. Small and ambient (fires every wave — must never interrupt play). House VFX style: large, few, rounded particles — fat circles, chunky stars, thick rings. Never fine dust, realistic smoke, or lens flares. Additive glow clipped tight to the source. Flat saturated colour, no gradients past a subtle two-stop, nothing gritty. Must read clearly at 32px, never obscure a silhouette for more than ~200ms."
"wave-reward-overdrive:vfx","wave-reward-vfx","additive","Overdrive","Wave-reward grant VFX for ""Overdrive"" — A brief burst of movement speed. Small and ambient (fires every wave — must never interrupt play). House VFX style: large, few, rounded particles — fat circles, chunky stars, thick rings. Never fine dust, realistic smoke, or lens flares. Additive glow clipped tight to the source. Flat saturated colour, no gradients past a subtle two-stop, nothing gritty. Must read clearly at 32px, never obscure a silhouette for more than ~200ms."
"faction-emblem:crystalDominion","faction-emblems","keyed","Crystal Dominion","Faction emblem/sigil for ""Crystal Dominion"" — palette #8a5cf5/#c9a6ff/#e0c3ff, faceted refraction on every surface. Used in reputation UI, mission briefings, and the codex. House style: chibi-proportioned stylized 3D, flat toon/cel-shading (max two-tone gradient, no PBR falloff), rounded chunky forms with visible thickness, soft dark outline or additive drop-glow for edge separation (never a realistic cast shadow), saturated flat colour, no gradients past a subtle two-stop, no fine detail, no film grain/vignette/chromatic aberration/lens flare/dust/scratches. Silhouette must read clearly at 32px."
"faction-emblem:machineCollective","faction-emblems","keyed","Machine Collective","Faction emblem/sigil for ""Machine Collective"" — palette #3d4d5c/#7fa8bf/#4dd9ff, hex-tiled surfaces, visible seams. Used in reputation UI, mission briefings, and the codex. House style: chibi-proportioned stylized 3D, flat toon/cel-shading (max two-tone gradient, no PBR falloff), rounded chunky forms with visible thickness, soft dark outline or additive drop-glow for edge separation (never a realistic cast shadow), saturated flat colour, no gradients past a subtle two-stop, no fine detail, no film grain/vignette/chromatic aberration/lens flare/dust/scratches. Silhouette must read clearly at 32px."
"faction-emblem:humanAlliance","faction-emblems","keyed","Human Alliance","Faction emblem/sigil for ""Human Alliance"" — palette #d9a13d/#f2d38a/#ffbf4d, patchwork panels, visible rivets. Used in reputation UI, mission briefings, and the codex. House style: chibi-proportioned stylized 3D, flat toon/cel-shading (max two-tone gradient, no PBR falloff), rounded chunky forms with visible thickness, soft dark outline or additive drop-glow for edge separation (never a realistic cast shadow), saturated flat colour, no gradients past a subtle two-stop, no fine detail, no film grain/vignette/chromatic aberration/lens flare/dust/scratches. Silhouette must read clearly at 32px."
"faction-emblem:mercenaryGuild","faction-emblems","keyed","Mercenary Guild","Faction emblem/sigil for ""Mercenary Guild"" — palette #8c2f2f/#c96a4d/#ff7a3d, stencilled serials, camera coverage. Used in reputation UI, mission briefings, and the codex. House style: chibi-proportioned stylized 3D, flat toon/cel-shading (max two-tone gradient, no PBR falloff), rounded chunky forms with visible thickness, soft dark outline or additive drop-glow for edge separation (never a realistic cast shadow), saturated flat colour, no gradients past a subtle two-stop, no fine detail, no film grain/vignette/chromatic aberration/lens flare/dust/scratches. Silhouette must read clearly at 32px."
"faction-emblem:ancientCustodians","faction-emblems","keyed","Ancient Custodians","Faction emblem/sigil for ""Ancient Custodians"" — palette #e8e2d0/#c9a84d/#fff2b3, geometry that predates its visitors. Used in reputation UI, mission briefings, and the codex. House style: chibi-proportioned stylized 3D, flat toon/cel-shading (max two-tone gradient, no PBR falloff), rounded chunky forms with visible thickness, soft dark outline or additive drop-glow for edge separation (never a realistic cast shadow), saturated flat colour, no gradients past a subtle two-stop, no fine detail, no film grain/vignette/chromatic aberration/lens flare/dust/scratches. Silhouette must read clearly at 32px."
"faction-emblem:nomadFleet","faction-emblems","keyed","Stellar Nomads","Faction emblem/sigil for ""Stellar Nomads"" — palette #5c7a8c/#a3b8a6/#c9d98c, silhouette recomposed every season. Used in reputation UI, mission briefings, and the codex. House style: chibi-proportioned stylized 3D, flat toon/cel-shading (max two-tone gradient, no PBR falloff), rounded chunky forms with visible thickness, soft dark outline or additive drop-glow for edge separation (never a realistic cast shadow), saturated flat colour, no gradients past a subtle two-stop, no fine detail, no film grain/vignette/chromatic aberration/lens flare/dust/scratches. Silhouette must read clearly at 32px."
"research-node:focused-lattice","research-nodes","keyed","Focused Lattice","Research-tree node icon for ""Focused Lattice"" (weaponTechnology, tier 1). House style: chibi-proportioned stylized 3D, flat toon/cel-shading (max two-tone gradient, no PBR falloff), rounded chunky forms with visible thickness, soft dark outline or additive drop-glow for edge separation (never a realistic cast shadow), saturated flat colour, no gradients past a subtle two-stop, no fine detail, no film grain/vignette/chromatic aberration/lens flare/dust/scratches. Silhouette must read clearly at 32px."
"research-node:coherent-beams","research-nodes","keyed","Coherent Beams","Research-tree node icon for ""Coherent Beams"" (weaponTechnology, tier 2). House style: chibi-proportioned stylized 3D, flat toon/cel-shading (max two-tone gradient, no PBR falloff), rounded chunky forms with visible thickness, soft dark outline or additive drop-glow for edge separation (never a realistic cast shadow), saturated flat colour, no gradients past a subtle two-stop, no fine detail, no film grain/vignette/chromatic aberration/lens flare/dust/scratches. Silhouette must read clearly at 32px."
"research-node:harmonic-overload","research-nodes","keyed","Harmonic Overload","Research-tree node icon for ""Harmonic Overload"" (weaponTechnology, tier 3). House style: chibi-proportioned stylized 3D, flat toon/cel-shading (max two-tone gradient, no PBR falloff), rounded chunky forms with visible thickness, soft dark outline or additive drop-glow for edge separation (never a realistic cast shadow), saturated flat colour, no gradients past a subtle two-stop, no fine detail, no film grain/vignette/chromatic aberration/lens flare/dust/scratches. Silhouette must read clearly at 32px."
"research-node:field-dynamics","research-nodes","keyed","Field Dynamics","Research-tree node icon for ""Field Dynamics"" (energySystems, tier 1). House style: chibi-proportioned stylized 3D, flat toon/cel-shading (max two-tone gradient, no PBR falloff), rounded chunky forms with visible thickness, soft dark outline or additive drop-glow for edge separation (never a realistic cast shadow), saturated flat colour, no gradients past a subtle two-stop, no fine detail, no film grain/vignette/chromatic aberration/lens flare/dust/scratches. Silhouette must read clearly at 32px."
"research-node:resonant-collectors","research-nodes","keyed","Resonant Collectors","Research-tree node icon for ""Resonant Collectors"" (energySystems, tier 2). House style: chibi-proportioned stylized 3D, flat toon/cel-shading (max two-tone gradient, no PBR falloff), rounded chunky forms with visible thickness, soft dark outline or additive drop-glow for edge separation (never a realistic cast shadow), saturated flat colour, no gradients past a subtle two-stop, no fine detail, no film grain/vignette/chromatic aberration/lens flare/dust/scratches. Silhouette must read clearly at 32px."
"research-node:survey-protocols","research-nodes","keyed","Survey Protocols","Research-tree node icon for ""Survey Protocols"" (exploration, tier 1). House style: chibi-proportioned stylized 3D, flat toon/cel-shading (max two-tone gradient, no PBR falloff), rounded chunky forms with visible thickness, soft dark outline or additive drop-glow for edge separation (never a realistic cast shadow), saturated flat colour, no gradients past a subtle two-stop, no fine detail, no film grain/vignette/chromatic aberration/lens flare/dust/scratches. Silhouette must read clearly at 32px."
"research-node:deep-scanning","research-nodes","keyed","Deep Scanning","Research-tree node icon for ""Deep Scanning"" (exploration, tier 2). House style: chibi-proportioned stylized 3D, flat toon/cel-shading (max two-tone gradient, no PBR falloff), rounded chunky forms with visible thickness, soft dark outline or additive drop-glow for edge separation (never a realistic cast shadow), saturated flat colour, no gradients past a subtle two-stop, no fine detail, no film grain/vignette/chromatic aberration/lens flare/dust/scratches. Silhouette must read clearly at 32px."
"research-node:unified-theory","research-nodes","keyed","Unified Theory","Research-tree node icon for ""Unified Theory"" (ancientTechnology, tier 3). House style: chibi-proportioned stylized 3D, flat toon/cel-shading (max two-tone gradient, no PBR falloff), rounded chunky forms with visible thickness, soft dark outline or additive drop-glow for edge separation (never a realistic cast shadow), saturated flat colour, no gradients past a subtle two-stop, no fine detail, no film grain/vignette/chromatic aberration/lens flare/dust/scratches. Silhouette must read clearly at 32px."
"research-node:rapid-refit","research-nodes","keyed","Rapid Refit","Research-tree node icon for ""Rapid Refit"" (qualityOfLife, tier 1). House style: chibi-proportioned stylized 3D, flat toon/cel-shading (max two-tone gradient, no PBR falloff), rounded chunky forms with visible thickness, soft dark outline or additive drop-glow for edge separation (never a realistic cast shadow), saturated flat colour, no gradients past a subtle two-stop, no fine detail, no film grain/vignette/chromatic aberration/lens flare/dust/scratches. Silhouette must read clearly at 32px."
"research-node:expanded-archives","research-nodes","keyed","Expanded Archives","Research-tree node icon for ""Expanded Archives"" (qualityOfLife, tier 2). House style: chibi-proportioned stylized 3D, flat toon/cel-shading (max two-tone gradient, no PBR falloff), rounded chunky forms with visible thickness, soft dark outline or additive drop-glow for edge separation (never a realistic cast shadow), saturated flat colour, no gradients past a subtle two-stop, no fine detail, no film grain/vignette/chromatic aberration/lens flare/dust/scratches. Silhouette must read clearly at 32px."
"research-node:barrier-theory","research-nodes","keyed","Barrier Theory","Research-tree node icon for ""Barrier Theory"" (shieldTechnology, tier 1). House style: chibi-proportioned stylized 3D, flat toon/cel-shading (max two-tone gradient, no PBR falloff), rounded chunky forms with visible thickness, soft dark outline or additive drop-glow for edge separation (never a realistic cast shadow), saturated flat colour, no gradients past a subtle two-stop, no fine detail, no film grain/vignette/chromatic aberration/lens flare/dust/scratches. Silhouette must read clearly at 32px."
"research-node:ancient-conduit","research-nodes","keyed","Ancient Conduit","Research-tree node icon for ""Ancient Conduit"" (ancientTechnology, tier 3). House style: chibi-proportioned stylized 3D, flat toon/cel-shading (max two-tone gradient, no PBR falloff), rounded chunky forms with visible thickness, soft dark outline or additive drop-glow for edge separation (never a realistic cast shadow), saturated flat colour, no gradients past a subtle two-stop, no fine detail, no film grain/vignette/chromatic aberration/lens flare/dust/scratches. Silhouette must read clearly at 32px."
"research-node:warp-charting","research-nodes","keyed","Warp Charting","Research-tree node icon for ""Warp Charting"" (galaxyNavigation, tier 2). House style: chibi-proportioned stylized 3D, flat toon/cel-shading (max two-tone gradient, no PBR falloff), rounded chunky forms with visible thickness, soft dark outline or additive drop-glow for edge separation (never a realistic cast shadow), saturated flat colour, no gradients past a subtle two-stop, no fine detail, no film grain/vignette/chromatic aberration/lens flare/dust/scratches. Silhouette must read clearly at 32px."
"research-node:lattice-attunement","research-nodes","keyed","Lattice Attunement","Research-tree node icon for ""Lattice Attunement"" (crystalResonance, tier 1). House style: chibi-proportioned stylized 3D, flat toon/cel-shading (max two-tone gradient, no PBR falloff), rounded chunky forms with visible thickness, soft dark outline or additive drop-glow for edge separation (never a realistic cast shadow), saturated flat colour, no gradients past a subtle two-stop, no fine detail, no film grain/vignette/chromatic aberration/lens flare/dust/scratches. Silhouette must read clearly at 32px."
"research-node:drone-doctrine","research-nodes","keyed","Drone Doctrine","Research-tree node icon for ""Drone Doctrine"" (droneEngineering, tier 1). House style: chibi-proportioned stylized 3D, flat toon/cel-shading (max two-tone gradient, no PBR falloff), rounded chunky forms with visible thickness, soft dark outline or additive drop-glow for edge separation (never a realistic cast shadow), saturated flat colour, no gradients past a subtle two-stop, no fine detail, no film grain/vignette/chromatic aberration/lens flare/dust/scratches. Silhouette must read clearly at 32px."
"research-node:gene-tempering","research-nodes","keyed","Gene Tempering","Research-tree node icon for ""Gene Tempering"" (commanderDevelopment, tier 2). House style: chibi-proportioned stylized 3D, flat toon/cel-shading (max two-tone gradient, no PBR falloff), rounded chunky forms with visible thickness, soft dark outline or additive drop-glow for edge separation (never a realistic cast shadow), saturated flat colour, no gradients past a subtle two-stop, no fine detail, no film grain/vignette/chromatic aberration/lens flare/dust/scratches. Silhouette must read clearly at 32px."
"research-node:void-containment","research-nodes","keyed","Void Containment","Research-tree node icon for ""Void Containment"" (voidResearch, tier 3). House style: chibi-proportioned stylized 3D, flat toon/cel-shading (max two-tone gradient, no PBR falloff), rounded chunky forms with visible thickness, soft dark outline or additive drop-glow for edge separation (never a realistic cast shadow), saturated flat colour, no gradients past a subtle two-stop, no fine detail, no film grain/vignette/chromatic aberration/lens flare/dust/scratches. Silhouette must read clearly at 32px."
"research-node:afterlight-network","research-nodes","keyed","The Afterlight Network","Research-tree node icon for ""The Afterlight Network"" (ancientTechnology, tier 3). House style: chibi-proportioned stylized 3D, flat toon/cel-shading (max two-tone gradient, no PBR falloff), rounded chunky forms with visible thickness, soft dark outline or additive drop-glow for edge separation (never a realistic cast shadow), saturated flat colour, no gradients past a subtle two-stop, no fine detail, no film grain/vignette/chromatic aberration/lens flare/dust/scratches. Silhouette must read clearly at 32px."
