"asset_id","name","category","priority","pipeline","key_colour","palette_constraint","asset_type","view","suggested_size","nine_slice","subject","description_or_lore","faction","faction_palette","faction_visual_signature","biome","biome_visual_identity_status","manufacturer","manufacturer_visual_identity","rarity","rarity_hex","used_in","additional_context"
"_directive","ART DIRECTIVE (applies to every row below)","directive","","","","","","","","","GAME FRAMING: Afterlight is a top-down 360° SPACE roguelite. The player is a STARSHIP seen from above, not a person on foot. Ships, weapons, equipment, and ship modules are all SPACE HARDWARE — hull-mounted armaments, pods, cannons, engine/reactor/shield modules — rendered as mechanical kit at a top-down or 3/4 hardware angle, NEVER held, worn, or carried by a character, and never an infantry firearm. A 'weapon' is a ship armament that bolts to a hull hardpoint (turret / cannon / missile pod / beam emitter / lattice array), not a gun a soldier holds. Weapon FAMILY names (railguns, shotguns, missileLaunchers, laserArrays…) describe the FIRING BEHAVIOUR, not an infantry form-factor. Commanders are the ONLY human/character assets in the game (chibi pilots) — everything else is hardware, creatures, environments, or UI. Chibi-proportioned stylized 3D rendered with flat toon/cel-shading — Nintendo-inspired, hopeful not grim. The 8 Visual Style Rules below bind every asset. RULES: 1. Shapes are rounded and chunky. No 1px lines, no sharp rectangles. Minimum corner radius on any UI panel or bar. Health bars, buttons, frames all have visible thickness. 2. Colour is saturated and flat. No gradients longer than a subtle two-stop. No desaturated greys except the defined rarity/faction colours. Use the loot-tier hex values as the canonical accent palette. 3. VFX are bold and brief. Particles are large, few, and rounded — fat circles, chunky stars, thick rings. Never fine dust, never realistic smoke, never lens flares. Additive glow is allowed but clipped tight to the source. 4. Outlines over realism. Where an entity needs separation from the background, prefer a soft dark outline or drop-glow, never a realistic shadow. 5. Text is chunky and friendly. Rounded, heavy-weight type for damage numbers and headers. No thin or condensed faces anywhere in gameplay. 6. Status effects tint, they don't texture. Burn = warm orange tint + fat ember particles; freeze = pale blue tint + chunky frost ring. A tint plus one particle loop, never a material change. 7. Nothing gritty. No scratches, film grain, chromatic aberration, vignettes, or screen dirt. The camera is clean. 8. Readability beats fidelity. Any effect that obscures the player ship or enemy silhouettes for more than ~200ms gets scaled down. The silhouette is sacred. LITMUS: Shrink any new visual element to 32px. If you can't tell what it is, redesign it. DELIVERY — keyed: Pre-keyed RGBA PNG, trimmed to content, 2px alpha pad, nose/face pointing up (north). Never assume a background colour. additive: RGB PNG on pure black — black IS the transparency, rendered additively. Never rely on an alpha channel. fullbleed: Opaque image, rendered as a background. No keying, no blending tricks. COLOUR LAW: Nothing green in any KEYED sprite's palette. Lore-green subjects substitute: regeneration → gold, poison/toxic → amber, biomass → amber-yellow. Green is permitted freely in ADDITIVE and FULL-BLEED assets. Crystal Dominion sprites are magenta-keyed — magenta forbidden in their palettes instead (per-entry keyColour field). DERIVATION: Derived assets are NOT in this file and must not be generated: ship roster thumbnails, enemy move/attack/death states, and the World-Ender/Vanguard boss variants are produced in code from their parent asset (Asset Pipeline Directive §2).","","","","","","","","","","","","{""rarityPalette"":{""damaged"":""#7a8296"",""common"":""#dce4f2"",""improved"":""#4de868"",""rare"":""#4d7cff"",""epic"":""#9b5cff"",""legendary"":""#ffc652"",""ancient"":""#c8323c"",""mythic"":""#fff3d6"",""singularity"":""#e4d4ff""}}"
"wayfarer-hull-mk2:portrait","Wayfarer Mk. II","ships","1","keyed","green","no green anywhere in this sprite's palette (green-keyed; see directive.colourLaw for substitutions)","character/vehicle portrait","3/4 hero angle, plain dark backdrop","512x512","","the Wayfarer Mk. II, scout-class starship","Built for expeditions that were never meant to end in combat.","","","","","","Halcyon Driveworks","Expedition white, doubled nav-lights, panels made to be swapped in the dark.","","","hangar/loadout screens","{""shipClass"":""scout"",""tier"":""common"",""specialisation"":""exploration"",""manufacturerEngineering"":""Endurance drives and field maintainability.""}"
"wayfarer-hull-mk2:sprite","Wayfarer Mk. II","ships","1","keyed","green","no green anywhere in this sprite's palette (green-keyed; see directive.colourLaw for substitutions)","in-run sprite","top-down, nose north","256x256, trimmed","","the Wayfarer Mk. II, scout-class starship","Built for expeditions that were never meant to end in combat.","","","","","","Halcyon Driveworks","Expedition white, doubled nav-lights, panels made to be swapped in the dark.","","","in-run gameplay","{""shipClass"":""scout"",""tier"":""common"",""specialisation"":""exploration"",""manufacturerEngineering"":""Endurance drives and field maintainability.""}"
"bastion-hull-mk1:portrait","Bastion Mk. I","ships","1","keyed","green","no green anywhere in this sprite's palette (green-keyed; see directive.colourLaw for substitutions)","character/vehicle portrait","3/4 hero angle, plain dark backdrop","512x512","","the Bastion Mk. I, guardian-class starship","Slow to move, slower to fall.","","","","","","Ironmoor Foundry","Foundry grey, proud weld seams, amber running lights.","","","hangar/loadout screens","{""shipClass"":""guardian"",""tier"":""uncommon"",""specialisation"":""tanking"",""manufacturerEngineering"":""Hull integrity and stationary resilience.""}"
"bastion-hull-mk1:sprite","Bastion Mk. I","ships","1","keyed","green","no green anywhere in this sprite's palette (green-keyed; see directive.colourLaw for substitutions)","in-run sprite","top-down, nose north","256x256, trimmed","","the Bastion Mk. I, guardian-class starship","Slow to move, slower to fall.","","","","","","Ironmoor Foundry","Foundry grey, proud weld seams, amber running lights.","","","in-run gameplay","{""shipClass"":""guardian"",""tier"":""uncommon"",""specialisation"":""tanking"",""manufacturerEngineering"":""Hull integrity and stationary resilience.""}"
"aurelia-hull-mk1:portrait","Aurelia Mk. I","ships","1","keyed","green","no green anywhere in this sprite's palette (green-keyed; see directive.colourLaw for substitutions)","character/vehicle portrait","3/4 hero angle, plain dark backdrop","512x512","","the Aurelia Mk. I, experimental-class starship","A survey platform with more sensor mass than armour. It has never lost a fight it saw coming, because it always sees them coming.","","","","","","Meridian Yards","Survey white with sensor-vane crowns; instruments before armour.","","","hangar/loadout screens","{""shipClass"":""experimental"",""tier"":""ancient"",""specialisation"":""scientificOperations"",""manufacturerEngineering"":""Sensor mass and analysis suites.""}"
"aurelia-hull-mk1:sprite","Aurelia Mk. I","ships","1","keyed","green","no green anywhere in this sprite's palette (green-keyed; see directive.colourLaw for substitutions)","in-run sprite","top-down, nose north","256x256, trimmed","","the Aurelia Mk. I, experimental-class starship","A survey platform with more sensor mass than armour. It has never lost a fight it saw coming, because it always sees them coming.","","","","","","Meridian Yards","Survey white with sensor-vane crowns; instruments before armour.","","","in-run gameplay","{""shipClass"":""experimental"",""tier"":""ancient"",""specialisation"":""scientificOperations"",""manufacturerEngineering"":""Sensor mass and analysis suites.""}"
"sable-dart-mk1:portrait","Sable Dart Mk. I","ships","1","keyed","green","no green anywhere in this sprite's palette (green-keyed; see directive.colourLaw for substitutions)","character/vehicle portrait","3/4 hero angle, plain dark backdrop","512x512","","the Sable Dart Mk. I, interceptor-class starship","Helios built it to win races. The Collapse repurposed the finish line.","","","","","","Helios Industries","Sun-gold trim over white ceramic, engines like sunrise.","","","hangar/loadout screens","{""shipClass"":""interceptor"",""tier"":""uncommon"",""specialisation"":""speed"",""manufacturerEngineering"":""Thrust-to-mass ratios nobody else certifies.""}"
"sable-dart-mk1:sprite","Sable Dart Mk. I","ships","1","keyed","green","no green anywhere in this sprite's palette (green-keyed; see directive.colourLaw for substitutions)","in-run sprite","top-down, nose north","256x256, trimmed","","the Sable Dart Mk. I, interceptor-class starship","Helios built it to win races. The Collapse repurposed the finish line.","","","","","","Helios Industries","Sun-gold trim over white ceramic, engines like sunrise.","","","in-run gameplay","{""shipClass"":""interceptor"",""tier"":""uncommon"",""specialisation"":""speed"",""manufacturerEngineering"":""Thrust-to-mass ratios nobody else certifies.""}"
"falchion-mk2:portrait","Falchion Mk. II","ships","1","keyed","green","no green anywhere in this sprite's palette (green-keyed; see directive.colourLaw for substitutions)","character/vehicle portrait","3/4 hero angle, plain dark backdrop","512x512","","the Falchion Mk. II, assault-class starship","A duelling hull with the safeties filed off and the paperwork lost on purpose.","","","","","","Vanguard Fleetworks","Predator lines, gunmetal blue, one blade-edge running light.","","","hangar/loadout screens","{""shipClass"":""assault"",""tier"":""rare"",""specialisation"":""criticalHits"",""manufacturerEngineering"":""Fire-control integration and target acquisition.""}"
"falchion-mk2:sprite","Falchion Mk. II","ships","1","keyed","green","no green anywhere in this sprite's palette (green-keyed; see directive.colourLaw for substitutions)","in-run sprite","top-down, nose north","256x256, trimmed","","the Falchion Mk. II, assault-class starship","A duelling hull with the safeties filed off and the paperwork lost on purpose.","","","","","","Vanguard Fleetworks","Predator lines, gunmetal blue, one blade-edge running light.","","","in-run gameplay","{""shipClass"":""assault"",""tier"":""rare"",""specialisation"":""criticalHits"",""manufacturerEngineering"":""Fire-control integration and target acquisition.""}"
"hivemother-mk1:portrait","Hivemother Mk. I","ships","1","keyed","green","no green anywhere in this sprite's palette (green-keyed; see directive.colourLaw for substitutions)","character/vehicle portrait","3/4 hero angle, plain dark backdrop","512x512","","the Hivemother Mk. I, carrier-class starship","The mining tools learned to defend themselves. Then they learned to be a fleet.","","","","","","Nova Forge","Hive-textured hulls with visible drone berths, always slightly in motion.","","","hangar/loadout screens","{""shipClass"":""carrier"",""tier"":""epic"",""specialisation"":""droneWarfare"",""manufacturerEngineering"":""Drone fabrication and swarm coordination.""}"
"hivemother-mk1:sprite","Hivemother Mk. I","ships","1","keyed","green","no green anywhere in this sprite's palette (green-keyed; see directive.colourLaw for substitutions)","in-run sprite","top-down, nose north","256x256, trimmed","","the Hivemother Mk. I, carrier-class starship","The mining tools learned to defend themselves. Then they learned to be a fleet.","","","","","","Nova Forge","Hive-textured hulls with visible drone berths, always slightly in motion.","","","in-run gameplay","{""shipClass"":""carrier"",""tier"":""epic"",""specialisation"":""droneWarfare"",""manufacturerEngineering"":""Drone fabrication and swarm coordination.""}"
"dawnspire:portrait","Dawnspire","ships","1","keyed","green","no green anywhere in this sprite's palette (green-keyed; see directive.colourLaw for substitutions)","character/vehicle portrait","3/4 hero angle, plain dark backdrop","512x512","","the Dawnspire, ancient-class starship","The Foundry did not build the Dawnspire. It excavated her, lit her, and has apologised to her ever since.","","","","","","Ancient Foundry","White stone alloy and gold conduit — hulls that look excavated, not built.","","","hangar/loadout screens","{""shipClass"":""ancient"",""tier"":""legendary"",""specialisation"":""energyWeapons"",""manufacturerEngineering"":""Materials nobody can replicate and tolerances nobody can measure.""}"
"dawnspire:sprite","Dawnspire","ships","1","keyed","green","no green anywhere in this sprite's palette (green-keyed; see directive.colourLaw for substitutions)","in-run sprite","top-down, nose north","256x256, trimmed","","the Dawnspire, ancient-class starship","The Foundry did not build the Dawnspire. It excavated her, lit her, and has apologised to her ever since.","","","","","","Ancient Foundry","White stone alloy and gold conduit — hulls that look excavated, not built.","","","in-run gameplay","{""shipClass"":""ancient"",""tier"":""legendary"",""specialisation"":""energyWeapons"",""manufacturerEngineering"":""Materials nobody can replicate and tolerances nobody can measure.""}"
"ballista-mk3:portrait","Ballista Mk. III","ships","1","keyed","green","no green anywhere in this sprite's palette (green-keyed; see directive.colourLaw for substitutions)","character/vehicle portrait","3/4 hero angle, plain dark backdrop","512x512","","the Ballista Mk. III, destroyer-class starship","Atlas put missiles where missiles should not fit, then reinforced the places that complained.","","","","","","Atlas Dynamics","Slab geometry, load-bearing everything, bolts you can see from orbit.","","","hangar/loadout screens","{""shipClass"":""destroyer"",""tier"":""uncommon"",""specialisation"":""missiles"",""manufacturerEngineering"":""Ordnance mounts and structural tolerance.""}"
"ballista-mk3:sprite","Ballista Mk. III","ships","1","keyed","green","no green anywhere in this sprite's palette (green-keyed; see directive.colourLaw for substitutions)","in-run sprite","top-down, nose north","256x256, trimmed","","the Ballista Mk. III, destroyer-class starship","Atlas put missiles where missiles should not fit, then reinforced the places that complained.","","","","","","Atlas Dynamics","Slab geometry, load-bearing everything, bolts you can see from orbit.","","","in-run gameplay","{""shipClass"":""destroyer"",""tier"":""uncommon"",""specialisation"":""missiles"",""manufacturerEngineering"":""Ordnance mounts and structural tolerance.""}"
"caduceus-mk1:portrait","Caduceus Mk. I","ships","1","keyed","green","no green anywhere in this sprite's palette (green-keyed; see directive.colourLaw for substitutions)","character/vehicle portrait","3/4 hero angle, plain dark backdrop","512x512","","the Caduceus Mk. I, engineer-class starship","Never lost an escorted hull. The record is painted inside the cockpit where only the pilot can read it.","","","","","","Aegis Systems","Rounded white hulls, green field-lines, medical calm.","","","hangar/loadout screens","{""shipClass"":""engineer"",""tier"":""rare"",""specialisation"":""support"",""manufacturerEngineering"":""Shield harmonics and support arrays.""}"
"caduceus-mk1:sprite","Caduceus Mk. I","ships","1","keyed","green","no green anywhere in this sprite's palette (green-keyed; see directive.colourLaw for substitutions)","in-run sprite","top-down, nose north","256x256, trimmed","","the Caduceus Mk. I, engineer-class starship","Never lost an escorted hull. The record is painted inside the cockpit where only the pilot can read it.","","","","","","Aegis Systems","Rounded white hulls, green field-lines, medical calm.","","","in-run gameplay","{""shipClass"":""engineer"",""tier"":""rare"",""specialisation"":""support"",""manufacturerEngineering"":""Shield harmonics and support arrays.""}"
"maelstrom-x1:portrait","Maelstrom X-1","ships","1","keyed","green","no green anywhere in this sprite's palette (green-keyed; see directive.colourLaw for substitutions)","character/vehicle portrait","3/4 hero angle, plain dark backdrop","512x512","","the Maelstrom X-1, prototype-class starship","The shear field works. The warning stencils are for everything else.","","","","","","Prototype Division","Mismatched panels, exposed telemetry, warning stencils in three languages.","","","hangar/loadout screens","{""shipClass"":""prototype"",""tier"":""prototype"",""specialisation"":""crowdControl"",""manufacturerEngineering"":""Experimental mechanics and rapid iteration.""}"
"maelstrom-x1:sprite","Maelstrom X-1","ships","1","keyed","green","no green anywhere in this sprite's palette (green-keyed; see directive.colourLaw for substitutions)","in-run sprite","top-down, nose north","256x256, trimmed","","the Maelstrom X-1, prototype-class starship","The shear field works. The warning stencils are for everything else.","","","","","","Prototype Division","Mismatched panels, exposed telemetry, warning stencils in three languages.","","","in-run gameplay","{""shipClass"":""prototype"",""tier"":""prototype"",""specialisation"":""crowdControl"",""manufacturerEngineering"":""Experimental mechanics and rapid iteration.""}"
"coil-ripper:icon","Coil Ripper","weapons","1","keyed","green","no green anywhere in this sprite's palette (green-keyed; see directive.colourLaw for substitutions)","icon","centered, transparent background","128x128","","the Coil Ripper, a SHIP-MOUNTED ballistic weapon (starship armament, NOT a handheld gun)","A miner's tool repurposed into something that shouldn't pierce hull plate. It does anyway.","","","","","","Halcyon Driveworks","Expedition white with exposed coil windings.","common","#dce4f2","loadout/inventory/HUD","{""formFactor"":""Ship armament that bolts to a starship hull hardpoint — a turret / cannon / missile pod / beam emitter / lattice array. Mechanical hardware at a 3/4 hardware angle. NEVER a handheld firearm, never held or worn by a person."",""weaponCategory"":""ballistic"",""tier"":""uncommon"",""family"":""railguns:precision"",""familyNote"":""family names describe firing behaviour, not an infantry form-factor"",""manufacturerSignature"":""Charge that carries through pierced targets."",""firePattern"":""singleShot — one projectile straight ahead"",""projectileBehaviour"":""piercing — passes through targets"",""damageSchool"":""physical"",""statusOnHit"":""shock"",""assetPart"":""icon""}"
"coil-ripper:projectile","Coil Ripper","weapons","1","keyed","green","no green anywhere in this sprite's palette (green-keyed; see directive.colourLaw for substitutions)","icon","centered, transparent background","128x128","","the projectile fired by the Coil Ripper (a ballistic ship weapon) — a bolt/beam/shell in flight, not the weapon itself","A miner's tool repurposed into something that shouldn't pierce hull plate. It does anyway.","","","","","","Halcyon Driveworks","Expedition white with exposed coil windings.","common","#dce4f2","in-run gameplay","{""formFactor"":""Just the projectile in flight (bolt / shell / beam segment / energy bolt) — small, readable, top-down. Not the launcher."",""weaponCategory"":""ballistic"",""tier"":""uncommon"",""family"":""railguns:precision"",""familyNote"":""family names describe firing behaviour, not an infantry form-factor"",""manufacturerSignature"":""Charge that carries through pierced targets."",""firePattern"":""singleShot — one projectile straight ahead"",""projectileBehaviour"":""piercing — passes through targets"",""damageSchool"":""physical"",""statusOnHit"":""shock"",""assetPart"":""projectile""}"
"coil-ripper:muzzle","Coil Ripper","weapons","1","additive","","","VFX (single frame or short frame sheet)","","256x256 per frame","","the Coil Ripper, a SHIP-MOUNTED ballistic weapon","A miner's tool repurposed into something that shouldn't pierce hull plate. It does anyway.","","","","","","Halcyon Driveworks","Expedition white with exposed coil windings.","common","#dce4f2","in-run gameplay","{""formFactor"":""Ship-weapon VFX only — no handheld/firearm form."",""weaponCategory"":""ballistic"",""tier"":""uncommon"",""family"":""railguns:precision"",""familyNote"":""family names describe firing behaviour, not an infantry form-factor"",""manufacturerSignature"":""Charge that carries through pierced targets."",""firePattern"":""singleShot — one projectile straight ahead"",""projectileBehaviour"":""piercing — passes through targets"",""damageSchool"":""physical"",""statusOnHit"":""shock"",""assetPart"":""muzzle""}"
"coil-ripper:impact","Coil Ripper","weapons","1","additive","","","VFX (single frame or short frame sheet)","","256x256 per frame","","the Coil Ripper, a SHIP-MOUNTED ballistic weapon","A miner's tool repurposed into something that shouldn't pierce hull plate. It does anyway.","","","","","","Halcyon Driveworks","Expedition white with exposed coil windings.","common","#dce4f2","in-run gameplay","{""formFactor"":""Ship-weapon VFX only — no handheld/firearm form."",""weaponCategory"":""ballistic"",""tier"":""uncommon"",""family"":""railguns:precision"",""familyNote"":""family names describe firing behaviour, not an infantry form-factor"",""manufacturerSignature"":""Charge that carries through pierced targets."",""firePattern"":""singleShot — one projectile straight ahead"",""projectileBehaviour"":""piercing — passes through targets"",""damageSchool"":""physical"",""statusOnHit"":""shock"",""assetPart"":""impact""}"
"coil-ripper-mk2:icon","Coil Ripper Mk. II","weapons","1","keyed","green","no green anywhere in this sprite's palette (green-keyed; see directive.colourLaw for substitutions)","icon","centered, transparent background","128x128","","the Coil Ripper Mk. II, a SHIP-MOUNTED arc weapon (starship armament, NOT a handheld gun)","The evolved coil no longer just pierces — it arcs between everything it grazes.","","","","","","Halcyon Driveworks","Expedition white with exposed coil windings.","rare","#4d7cff","loadout/inventory/HUD","{""formFactor"":""Ship armament that bolts to a starship hull hardpoint — a turret / cannon / missile pod / beam emitter / lattice array. Mechanical hardware at a 3/4 hardware angle. NEVER a handheld firearm, never held or worn by a person."",""weaponCategory"":""arc"",""tier"":""rare"",""family"":""arcWeapons:chain"",""familyNote"":""family names describe firing behaviour, not an infantry form-factor"",""manufacturerSignature"":""Charge that carries through pierced targets."",""firePattern"":""chain — arcs target-to-target"",""projectileBehaviour"":""chainLightning — arcs between targets"",""damageSchool"":""physical"",""statusOnHit"":""shock"",""assetPart"":""icon""}"
"coil-ripper-mk2:projectile","Coil Ripper Mk. II","weapons","1","keyed","green","no green anywhere in this sprite's palette (green-keyed; see directive.colourLaw for substitutions)","icon","centered, transparent background","128x128","","the projectile fired by the Coil Ripper Mk. II (a arc ship weapon) — a bolt/beam/shell in flight, not the weapon itself","The evolved coil no longer just pierces — it arcs between everything it grazes.","","","","","","Halcyon Driveworks","Expedition white with exposed coil windings.","rare","#4d7cff","in-run gameplay","{""formFactor"":""Just the projectile in flight (bolt / shell / beam segment / energy bolt) — small, readable, top-down. Not the launcher."",""weaponCategory"":""arc"",""tier"":""rare"",""family"":""arcWeapons:chain"",""familyNote"":""family names describe firing behaviour, not an infantry form-factor"",""manufacturerSignature"":""Charge that carries through pierced targets."",""firePattern"":""chain — arcs target-to-target"",""projectileBehaviour"":""chainLightning — arcs between targets"",""damageSchool"":""physical"",""statusOnHit"":""shock"",""assetPart"":""projectile""}"
"coil-ripper-mk2:muzzle","Coil Ripper Mk. II","weapons","1","additive","","","VFX (single frame or short frame sheet)","","256x256 per frame","","the Coil Ripper Mk. II, a SHIP-MOUNTED arc weapon","The evolved coil no longer just pierces — it arcs between everything it grazes.","","","","","","Halcyon Driveworks","Expedition white with exposed coil windings.","rare","#4d7cff","in-run gameplay","{""formFactor"":""Ship-weapon VFX only — no handheld/firearm form."",""weaponCategory"":""arc"",""tier"":""rare"",""family"":""arcWeapons:chain"",""familyNote"":""family names describe firing behaviour, not an infantry form-factor"",""manufacturerSignature"":""Charge that carries through pierced targets."",""firePattern"":""chain — arcs target-to-target"",""projectileBehaviour"":""chainLightning — arcs between targets"",""damageSchool"":""physical"",""statusOnHit"":""shock"",""assetPart"":""muzzle""}"
"coil-ripper-mk2:impact","Coil Ripper Mk. II","weapons","1","additive","","","VFX (single frame or short frame sheet)","","256x256 per frame","","the Coil Ripper Mk. II, a SHIP-MOUNTED arc weapon","The evolved coil no longer just pierces — it arcs between everything it grazes.","","","","","","Halcyon Driveworks","Expedition white with exposed coil windings.","rare","#4d7cff","in-run gameplay","{""formFactor"":""Ship-weapon VFX only — no handheld/firearm form."",""weaponCategory"":""arc"",""tier"":""rare"",""family"":""arcWeapons:chain"",""familyNote"":""family names describe firing behaviour, not an infantry form-factor"",""manufacturerSignature"":""Charge that carries through pierced targets."",""firePattern"":""chain — arcs target-to-target"",""projectileBehaviour"":""chainLightning — arcs between targets"",""damageSchool"":""physical"",""statusOnHit"":""shock"",""assetPart"":""impact""}"
"novasplitter:icon","Novasplitter","weapons","1","keyed","green","no green anywhere in this sprite's palette (green-keyed; see directive.colourLaw for substitutions)","icon","centered, transparent background","128x128","","the Novasplitter, a SHIP-MOUNTED flak weapon (starship armament, NOT a handheld gun)","Fires wide, forgives poor aim, punishes crowds.","","","","","","Ironmoor Foundry","Foundry grey, proud welds, recoil handled by mass.","improved","#4de868","loadout/inventory/HUD","{""formFactor"":""Ship armament that bolts to a starship hull hardpoint — a turret / cannon / missile pod / beam emitter / lattice array. Mechanical hardware at a 3/4 hardware angle. NEVER a handheld firearm, never held or worn by a person."",""weaponCategory"":""flak"",""tier"":""epic"",""family"":""shotguns:breach"",""familyNote"":""family names describe firing behaviour, not an infantry form-factor"",""manufacturerSignature"":""Novas that reward standing exactly where you should not."",""firePattern"":""nova — ring in all directions"",""projectileBehaviour"":""explosive — detonates in a radius on hit"",""damageSchool"":""energy"",""statusOnHit"":null,""assetPart"":""icon""}"
"novasplitter:projectile","Novasplitter","weapons","1","keyed","green","no green anywhere in this sprite's palette (green-keyed; see directive.colourLaw for substitutions)","icon","centered, transparent background","128x128","","the projectile fired by the Novasplitter (a flak ship weapon) — a bolt/beam/shell in flight, not the weapon itself","Fires wide, forgives poor aim, punishes crowds.","","","","","","Ironmoor Foundry","Foundry grey, proud welds, recoil handled by mass.","improved","#4de868","in-run gameplay","{""formFactor"":""Just the projectile in flight (bolt / shell / beam segment / energy bolt) — small, readable, top-down. Not the launcher."",""weaponCategory"":""flak"",""tier"":""epic"",""family"":""shotguns:breach"",""familyNote"":""family names describe firing behaviour, not an infantry form-factor"",""manufacturerSignature"":""Novas that reward standing exactly where you should not."",""firePattern"":""nova — ring in all directions"",""projectileBehaviour"":""explosive — detonates in a radius on hit"",""damageSchool"":""energy"",""statusOnHit"":null,""assetPart"":""projectile""}"
"novasplitter:muzzle","Novasplitter","weapons","1","additive","","","VFX (single frame or short frame sheet)","","256x256 per frame","","the Novasplitter, a SHIP-MOUNTED flak weapon","Fires wide, forgives poor aim, punishes crowds.","","","","","","Ironmoor Foundry","Foundry grey, proud welds, recoil handled by mass.","improved","#4de868","in-run gameplay","{""formFactor"":""Ship-weapon VFX only — no handheld/firearm form."",""weaponCategory"":""flak"",""tier"":""epic"",""family"":""shotguns:breach"",""familyNote"":""family names describe firing behaviour, not an infantry form-factor"",""manufacturerSignature"":""Novas that reward standing exactly where you should not."",""firePattern"":""nova — ring in all directions"",""projectileBehaviour"":""explosive — detonates in a radius on hit"",""damageSchool"":""energy"",""statusOnHit"":null,""assetPart"":""muzzle""}"
"novasplitter:impact","Novasplitter","weapons","1","additive","","","VFX (single frame or short frame sheet)","","256x256 per frame","","the Novasplitter, a SHIP-MOUNTED flak weapon","Fires wide, forgives poor aim, punishes crowds.","","","","","","Ironmoor Foundry","Foundry grey, proud welds, recoil handled by mass.","improved","#4de868","in-run gameplay","{""formFactor"":""Ship-weapon VFX only — no handheld/firearm form."",""weaponCategory"":""flak"",""tier"":""epic"",""family"":""shotguns:breach"",""familyNote"":""family names describe firing behaviour, not an infantry form-factor"",""manufacturerSignature"":""Novas that reward standing exactly where you should not."",""firePattern"":""nova — ring in all directions"",""projectileBehaviour"":""explosive — detonates in a radius on hit"",""damageSchool"":""energy"",""statusOnHit"":null,""assetPart"":""impact""}"
"voidlance:icon","Voidlance","weapons","1","keyed","green","no green anywhere in this sprite's palette (green-keyed; see directive.colourLaw for substitutions)","icon","centered, transparent background","128x128","","the Voidlance, a SHIP-MOUNTED void weapon (starship armament, NOT a handheld gun)","It does not fire so much as it insists.","","","","","","Void Legion Remnant","Seams of not-quite-black that drip upward.","epic","#9b5cff","loadout/inventory/HUD","{""formFactor"":""Ship armament that bolts to a starship hull hardpoint — a turret / cannon / missile pod / beam emitter / lattice array. Mechanical hardware at a 3/4 hardware angle. NEVER a handheld firearm, never held or worn by a person."",""weaponCategory"":""void"",""tier"":""ancient"",""family"":""voidWeapons:unmaking"",""familyNote"":""family names describe firing behaviour, not an infantry form-factor"",""manufacturerSignature"":""Corruption that remembers its targets."",""firePattern"":""beam — continuous beam"",""projectileBehaviour"":""persistentBeam — sustained beam, not a projectile"",""damageSchool"":""energy"",""statusOnHit"":""corruption"",""assetPart"":""icon""}"
"voidlance:projectile","Voidlance","weapons","1","keyed","green","no green anywhere in this sprite's palette (green-keyed; see directive.colourLaw for substitutions)","icon","centered, transparent background","128x128","","the projectile fired by the Voidlance (a void ship weapon) — a bolt/beam/shell in flight, not the weapon itself","It does not fire so much as it insists.","","","","","","Void Legion Remnant","Seams of not-quite-black that drip upward.","epic","#9b5cff","in-run gameplay","{""formFactor"":""Just the projectile in flight (bolt / shell / beam segment / energy bolt) — small, readable, top-down. Not the launcher."",""weaponCategory"":""void"",""tier"":""ancient"",""family"":""voidWeapons:unmaking"",""familyNote"":""family names describe firing behaviour, not an infantry form-factor"",""manufacturerSignature"":""Corruption that remembers its targets."",""firePattern"":""beam — continuous beam"",""projectileBehaviour"":""persistentBeam — sustained beam, not a projectile"",""damageSchool"":""energy"",""statusOnHit"":""corruption"",""assetPart"":""projectile""}"
"voidlance:muzzle","Voidlance","weapons","1","additive","","","VFX (single frame or short frame sheet)","","256x256 per frame","","the Voidlance, a SHIP-MOUNTED void weapon","It does not fire so much as it insists.","","","","","","Void Legion Remnant","Seams of not-quite-black that drip upward.","epic","#9b5cff","in-run gameplay","{""formFactor"":""Ship-weapon VFX only — no handheld/firearm form."",""weaponCategory"":""void"",""tier"":""ancient"",""family"":""voidWeapons:unmaking"",""familyNote"":""family names describe firing behaviour, not an infantry form-factor"",""manufacturerSignature"":""Corruption that remembers its targets."",""firePattern"":""beam — continuous beam"",""projectileBehaviour"":""persistentBeam — sustained beam, not a projectile"",""damageSchool"":""energy"",""statusOnHit"":""corruption"",""assetPart"":""muzzle""}"
"voidlance:impact","Voidlance","weapons","1","additive","","","VFX (single frame or short frame sheet)","","256x256 per frame","","the Voidlance, a SHIP-MOUNTED void weapon","It does not fire so much as it insists.","","","","","","Void Legion Remnant","Seams of not-quite-black that drip upward.","epic","#9b5cff","in-run gameplay","{""formFactor"":""Ship-weapon VFX only — no handheld/firearm form."",""weaponCategory"":""void"",""tier"":""ancient"",""family"":""voidWeapons:unmaking"",""familyNote"":""family names describe firing behaviour, not an infantry form-factor"",""manufacturerSignature"":""Corruption that remembers its targets."",""firePattern"":""beam — continuous beam"",""projectileBehaviour"":""persistentBeam — sustained beam, not a projectile"",""damageSchool"":""energy"",""statusOnHit"":""corruption"",""assetPart"":""impact""}"
"hailborn-array:icon","Hailborn Array","weapons","1","keyed","green","no green anywhere in this sprite's palette (green-keyed; see directive.colourLaw for substitutions)","icon","centered, transparent background","128x128","","the Hailborn Array, a SHIP-MOUNTED crystal weapon (starship armament, NOT a handheld gun)","Grown, not machined — the lattice fires the winter it remembers from Winterline's survey runs.","","","","","","Meridian Yards","Survey-white lattices grown around instrument cores.","rare","#4d7cff","loadout/inventory/HUD","{""formFactor"":""Ship armament that bolts to a starship hull hardpoint — a turret / cannon / missile pod / beam emitter / lattice array. Mechanical hardware at a 3/4 hardware angle. NEVER a handheld firearm, never held or worn by a person."",""weaponCategory"":""crystal"",""tier"":""rare"",""family"":""cryoWeapons:lattice"",""familyNote"":""family names describe firing behaviour, not an infantry form-factor"",""manufacturerSignature"":""Split shards that inherit their parent's cold."",""firePattern"":""spread — simultaneous fan"",""projectileBehaviour"":""splitting — splits into fragments mid-flight"",""damageSchool"":""energy"",""statusOnHit"":""freeze"",""assetPart"":""icon""}"
"hailborn-array:projectile","Hailborn Array","weapons","1","keyed","green","no green anywhere in this sprite's palette (green-keyed; see directive.colourLaw for substitutions)","icon","centered, transparent background","128x128","","the projectile fired by the Hailborn Array (a crystal ship weapon) — a bolt/beam/shell in flight, not the weapon itself","Grown, not machined — the lattice fires the winter it remembers from Winterline's survey runs.","","","","","","Meridian Yards","Survey-white lattices grown around instrument cores.","rare","#4d7cff","in-run gameplay","{""formFactor"":""Just the projectile in flight (bolt / shell / beam segment / energy bolt) — small, readable, top-down. Not the launcher."",""weaponCategory"":""crystal"",""tier"":""rare"",""family"":""cryoWeapons:lattice"",""familyNote"":""family names describe firing behaviour, not an infantry form-factor"",""manufacturerSignature"":""Split shards that inherit their parent's cold."",""firePattern"":""spread — simultaneous fan"",""projectileBehaviour"":""splitting — splits into fragments mid-flight"",""damageSchool"":""energy"",""statusOnHit"":""freeze"",""assetPart"":""projectile""}"
"hailborn-array:muzzle","Hailborn Array","weapons","1","additive","","","VFX (single frame or short frame sheet)","","256x256 per frame","","the Hailborn Array, a SHIP-MOUNTED crystal weapon","Grown, not machined — the lattice fires the winter it remembers from Winterline's survey runs.","","","","","","Meridian Yards","Survey-white lattices grown around instrument cores.","rare","#4d7cff","in-run gameplay","{""formFactor"":""Ship-weapon VFX only — no handheld/firearm form."",""weaponCategory"":""crystal"",""tier"":""rare"",""family"":""cryoWeapons:lattice"",""familyNote"":""family names describe firing behaviour, not an infantry form-factor"",""manufacturerSignature"":""Split shards that inherit their parent's cold."",""firePattern"":""spread — simultaneous fan"",""projectileBehaviour"":""splitting — splits into fragments mid-flight"",""damageSchool"":""energy"",""statusOnHit"":""freeze"",""assetPart"":""muzzle""}"
"hailborn-array:impact","Hailborn Array","weapons","1","additive","","","VFX (single frame or short frame sheet)","","256x256 per frame","","the Hailborn Array, a SHIP-MOUNTED crystal weapon","Grown, not machined — the lattice fires the winter it remembers from Winterline's survey runs.","","","","","","Meridian Yards","Survey-white lattices grown around instrument cores.","rare","#4d7cff","in-run gameplay","{""formFactor"":""Ship-weapon VFX only — no handheld/firearm form."",""weaponCategory"":""crystal"",""tier"":""rare"",""family"":""cryoWeapons:lattice"",""familyNote"":""family names describe firing behaviour, not an infantry form-factor"",""manufacturerSignature"":""Split shards that inherit their parent's cold."",""firePattern"":""spread — simultaneous fan"",""projectileBehaviour"":""splitting — splits into fragments mid-flight"",""damageSchool"":""energy"",""statusOnHit"":""freeze"",""assetPart"":""impact""}"
"swarm-tender:icon","Swarm Tender","weapons","1","keyed","green","no green anywhere in this sprite's palette (green-keyed; see directive.colourLaw for substitutions)","icon","centered, transparent background","128x128","","the Swarm Tender, a SHIP-MOUNTED summon weapon (starship armament, NOT a handheld gun)","Doesn't fire so much as release — a tending drone that never comes back to dock.","","","","","","Halcyon Driveworks","Expedition white with exposed coil windings.","rare","#4d7cff","loadout/inventory/HUD","{""formFactor"":""Ship armament that bolts to a starship hull hardpoint — a turret / cannon / missile pod / beam emitter / lattice array. Mechanical hardware at a 3/4 hardware angle. NEVER a handheld firearm, never held or worn by a person."",""weaponCategory"":""summon"",""tier"":""rare"",""family"":""summonWeapons:tending"",""familyNote"":""family names describe firing behaviour, not an infantry form-factor"",""manufacturerSignature"":""Charge that carries through pierced targets."",""firePattern"":""orbit — projectiles circling the ship"",""projectileBehaviour"":""orbiting — orbits the ship"",""damageSchool"":""energy"",""statusOnHit"":null,""assetPart"":""icon""}"
"swarm-tender:projectile","Swarm Tender","weapons","1","keyed","green","no green anywhere in this sprite's palette (green-keyed; see directive.colourLaw for substitutions)","icon","centered, transparent background","128x128","","the projectile fired by the Swarm Tender (a summon ship weapon) — a bolt/beam/shell in flight, not the weapon itself","Doesn't fire so much as release — a tending drone that never comes back to dock.","","","","","","Halcyon Driveworks","Expedition white with exposed coil windings.","rare","#4d7cff","in-run gameplay","{""formFactor"":""Just the projectile in flight (bolt / shell / beam segment / energy bolt) — small, readable, top-down. Not the launcher."",""weaponCategory"":""summon"",""tier"":""rare"",""family"":""summonWeapons:tending"",""familyNote"":""family names describe firing behaviour, not an infantry form-factor"",""manufacturerSignature"":""Charge that carries through pierced targets."",""firePattern"":""orbit — projectiles circling the ship"",""projectileBehaviour"":""orbiting — orbits the ship"",""damageSchool"":""energy"",""statusOnHit"":null,""assetPart"":""projectile""}"
"swarm-tender:muzzle","Swarm Tender","weapons","1","additive","","","VFX (single frame or short frame sheet)","","256x256 per frame","","the Swarm Tender, a SHIP-MOUNTED summon weapon","Doesn't fire so much as release — a tending drone that never comes back to dock.","","","","","","Halcyon Driveworks","Expedition white with exposed coil windings.","rare","#4d7cff","in-run gameplay","{""formFactor"":""Ship-weapon VFX only — no handheld/firearm form."",""weaponCategory"":""summon"",""tier"":""rare"",""family"":""summonWeapons:tending"",""familyNote"":""family names describe firing behaviour, not an infantry form-factor"",""manufacturerSignature"":""Charge that carries through pierced targets."",""firePattern"":""orbit — projectiles circling the ship"",""projectileBehaviour"":""orbiting — orbits the ship"",""damageSchool"":""energy"",""statusOnHit"":null,""assetPart"":""muzzle""}"
"swarm-tender:impact","Swarm Tender","weapons","1","additive","","","VFX (single frame or short frame sheet)","","256x256 per frame","","the Swarm Tender, a SHIP-MOUNTED summon weapon","Doesn't fire so much as release — a tending drone that never comes back to dock.","","","","","","Halcyon Driveworks","Expedition white with exposed coil windings.","rare","#4d7cff","in-run gameplay","{""formFactor"":""Ship-weapon VFX only — no handheld/firearm form."",""weaponCategory"":""summon"",""tier"":""rare"",""family"":""summonWeapons:tending"",""familyNote"":""family names describe firing behaviour, not an infantry form-factor"",""manufacturerSignature"":""Charge that carries through pierced targets."",""firePattern"":""orbit — projectiles circling the ship"",""projectileBehaviour"":""orbiting — orbits the ship"",""damageSchool"":""energy"",""statusOnHit"":null,""assetPart"":""impact""}"
"spore-lance:icon","Spore Lance","weapons","1","keyed","green","no green anywhere in this sprite's palette (green-keyed; see directive.colourLaw for substitutions)","icon","centered, transparent background","128x128","","the Spore Lance, a SHIP-MOUNTED plasma weapon (starship armament, NOT a handheld gun)","Grown from the same lattice as Winterline's crystal work — this one blooms toxin instead of frost.","","","","","","Meridian Yards","Survey-white lattices grown around instrument cores.","improved","#4de868","loadout/inventory/HUD","{""formFactor"":""Ship armament that bolts to a starship hull hardpoint — a turret / cannon / missile pod / beam emitter / lattice array. Mechanical hardware at a 3/4 hardware angle. NEVER a handheld firearm, never held or worn by a person."",""weaponCategory"":""plasma"",""tier"":""uncommon"",""family"":""biologicalWeapons:bloom"",""familyNote"":""family names describe firing behaviour, not an infantry form-factor"",""manufacturerSignature"":""Split shards that inherit their parent's cold."",""firePattern"":""burst — rapid sequence along one line"",""projectileBehaviour"":""piercing — passes through targets"",""damageSchool"":""physical"",""statusOnHit"":""poison"",""assetPart"":""icon""}"
"spore-lance:projectile","Spore Lance","weapons","1","keyed","green","no green anywhere in this sprite's palette (green-keyed; see directive.colourLaw for substitutions)","icon","centered, transparent background","128x128","","the projectile fired by the Spore Lance (a plasma ship weapon) — a bolt/beam/shell in flight, not the weapon itself","Grown from the same lattice as Winterline's crystal work — this one blooms toxin instead of frost.","","","","","","Meridian Yards","Survey-white lattices grown around instrument cores.","improved","#4de868","in-run gameplay","{""formFactor"":""Just the projectile in flight (bolt / shell / beam segment / energy bolt) — small, readable, top-down. Not the launcher."",""weaponCategory"":""plasma"",""tier"":""uncommon"",""family"":""biologicalWeapons:bloom"",""familyNote"":""family names describe firing behaviour, not an infantry form-factor"",""manufacturerSignature"":""Split shards that inherit their parent's cold."",""firePattern"":""burst — rapid sequence along one line"",""projectileBehaviour"":""piercing — passes through targets"",""damageSchool"":""physical"",""statusOnHit"":""poison"",""assetPart"":""projectile""}"
"spore-lance:muzzle","Spore Lance","weapons","1","additive","","","VFX (single frame or short frame sheet)","","256x256 per frame","","the Spore Lance, a SHIP-MOUNTED plasma weapon","Grown from the same lattice as Winterline's crystal work — this one blooms toxin instead of frost.","","","","","","Meridian Yards","Survey-white lattices grown around instrument cores.","improved","#4de868","in-run gameplay","{""formFactor"":""Ship-weapon VFX only — no handheld/firearm form."",""weaponCategory"":""plasma"",""tier"":""uncommon"",""family"":""biologicalWeapons:bloom"",""familyNote"":""family names describe firing behaviour, not an infantry form-factor"",""manufacturerSignature"":""Split shards that inherit their parent's cold."",""firePattern"":""burst — rapid sequence along one line"",""projectileBehaviour"":""piercing — passes through targets"",""damageSchool"":""physical"",""statusOnHit"":""poison"",""assetPart"":""muzzle""}"
"spore-lance:impact","Spore Lance","weapons","1","additive","","","VFX (single frame or short frame sheet)","","256x256 per frame","","the Spore Lance, a SHIP-MOUNTED plasma weapon","Grown from the same lattice as Winterline's crystal work — this one blooms toxin instead of frost.","","","","","","Meridian Yards","Survey-white lattices grown around instrument cores.","improved","#4de868","in-run gameplay","{""formFactor"":""Ship-weapon VFX only — no handheld/firearm form."",""weaponCategory"":""plasma"",""tier"":""uncommon"",""family"":""biologicalWeapons:bloom"",""familyNote"":""family names describe firing behaviour, not an infantry form-factor"",""manufacturerSignature"":""Split shards that inherit their parent's cold."",""firePattern"":""burst — rapid sequence along one line"",""projectileBehaviour"":""piercing — passes through targets"",""damageSchool"":""physical"",""statusOnHit"":""poison"",""assetPart"":""impact""}"
"atlas-cluster-battery:icon","Atlas Cluster Battery","weapons","1","keyed","green","no green anywhere in this sprite's palette (green-keyed; see directive.colourLaw for substitutions)","icon","centered, transparent background","128x128","","the Atlas Cluster Battery, a SHIP-MOUNTED missile weapon (starship armament, NOT a handheld gun)","One more warhead always fits. Atlas checked.","","","","","","Atlas Dynamics","Slab breeches, visible bolts, ammunition counted in crates.","common","#dce4f2","loadout/inventory/HUD","{""formFactor"":""Ship armament that bolts to a starship hull hardpoint — a turret / cannon / missile pod / beam emitter / lattice array. Mechanical hardware at a 3/4 hardware angle. NEVER a handheld firearm, never held or worn by a person."",""weaponCategory"":""missile"",""tier"":""common"",""family"":""missileLaunchers:cluster"",""familyNote"":""family names describe firing behaviour, not an infantry form-factor"",""manufacturerSignature"":""Cluster payloads that always fit one more warhead."",""firePattern"":""spread — simultaneous fan"",""projectileBehaviour"":""explosive — detonates in a radius on hit"",""damageSchool"":""physical"",""statusOnHit"":null,""assetPart"":""icon""}"
"atlas-cluster-battery:projectile","Atlas Cluster Battery","weapons","1","keyed","green","no green anywhere in this sprite's palette (green-keyed; see directive.colourLaw for substitutions)","icon","centered, transparent background","128x128","","the projectile fired by the Atlas Cluster Battery (a missile ship weapon) — a bolt/beam/shell in flight, not the weapon itself","One more warhead always fits. Atlas checked.","","","","","","Atlas Dynamics","Slab breeches, visible bolts, ammunition counted in crates.","common","#dce4f2","in-run gameplay","{""formFactor"":""Just the projectile in flight (bolt / shell / beam segment / energy bolt) — small, readable, top-down. Not the launcher."",""weaponCategory"":""missile"",""tier"":""common"",""family"":""missileLaunchers:cluster"",""familyNote"":""family names describe firing behaviour, not an infantry form-factor"",""manufacturerSignature"":""Cluster payloads that always fit one more warhead."",""firePattern"":""spread — simultaneous fan"",""projectileBehaviour"":""explosive — detonates in a radius on hit"",""damageSchool"":""physical"",""statusOnHit"":null,""assetPart"":""projectile""}"
"atlas-cluster-battery:muzzle","Atlas Cluster Battery","weapons","1","additive","","","VFX (single frame or short frame sheet)","","256x256 per frame","","the Atlas Cluster Battery, a SHIP-MOUNTED missile weapon","One more warhead always fits. Atlas checked.","","","","","","Atlas Dynamics","Slab breeches, visible bolts, ammunition counted in crates.","common","#dce4f2","in-run gameplay","{""formFactor"":""Ship-weapon VFX only — no handheld/firearm form."",""weaponCategory"":""missile"",""tier"":""common"",""family"":""missileLaunchers:cluster"",""familyNote"":""family names describe firing behaviour, not an infantry form-factor"",""manufacturerSignature"":""Cluster payloads that always fit one more warhead."",""firePattern"":""spread — simultaneous fan"",""projectileBehaviour"":""explosive — detonates in a radius on hit"",""damageSchool"":""physical"",""statusOnHit"":null,""assetPart"":""muzzle""}"
"atlas-cluster-battery:impact","Atlas Cluster Battery","weapons","1","additive","","","VFX (single frame or short frame sheet)","","256x256 per frame","","the Atlas Cluster Battery, a SHIP-MOUNTED missile weapon","One more warhead always fits. Atlas checked.","","","","","","Atlas Dynamics","Slab breeches, visible bolts, ammunition counted in crates.","common","#dce4f2","in-run gameplay","{""formFactor"":""Ship-weapon VFX only — no handheld/firearm form."",""weaponCategory"":""missile"",""tier"":""common"",""family"":""missileLaunchers:cluster"",""familyNote"":""family names describe firing behaviour, not an infantry form-factor"",""manufacturerSignature"":""Cluster payloads that always fit one more warhead."",""firePattern"":""spread — simultaneous fan"",""projectileBehaviour"":""explosive — detonates in a radius on hit"",""damageSchool"":""physical"",""statusOnHit"":null,""assetPart"":""impact""}"
"helios-prism-array:icon","Helios Prism Array","weapons","1","keyed","green","no green anywhere in this sprite's palette (green-keyed; see directive.colourLaw for substitutions)","icon","centered, transparent background","128x128","","the Helios Prism Array, a SHIP-MOUNTED laser weapon (starship armament, NOT a handheld gun)","One beam in, several arguments out — the prism does not negotiate.","","","","","","Helios Industries","Sun-gold emitter housings over white ceramic.","epic","#9b5cff","loadout/inventory/HUD","{""formFactor"":""Ship armament that bolts to a starship hull hardpoint — a turret / cannon / missile pod / beam emitter / lattice array. Mechanical hardware at a 3/4 hardware angle. NEVER a handheld firearm, never held or worn by a person."",""weaponCategory"":""laser"",""tier"":""epic"",""family"":""laserArrays:prism"",""familyNote"":""family names describe firing behaviour, not an infantry form-factor"",""manufacturerSignature"":""Prism arrays — one beam in, several arguments out."",""firePattern"":""spread — simultaneous fan"",""projectileBehaviour"":""piercing — passes through targets"",""damageSchool"":""energy"",""statusOnHit"":""burn"",""assetPart"":""icon""}"
"helios-prism-array:projectile","Helios Prism Array","weapons","1","keyed","green","no green anywhere in this sprite's palette (green-keyed; see directive.colourLaw for substitutions)","icon","centered, transparent background","128x128","","the projectile fired by the Helios Prism Array (a laser ship weapon) — a bolt/beam/shell in flight, not the weapon itself","One beam in, several arguments out — the prism does not negotiate.","","","","","","Helios Industries","Sun-gold emitter housings over white ceramic.","epic","#9b5cff","in-run gameplay","{""formFactor"":""Just the projectile in flight (bolt / shell / beam segment / energy bolt) — small, readable, top-down. Not the launcher."",""weaponCategory"":""laser"",""tier"":""epic"",""family"":""laserArrays:prism"",""familyNote"":""family names describe firing behaviour, not an infantry form-factor"",""manufacturerSignature"":""Prism arrays — one beam in, several arguments out."",""firePattern"":""spread — simultaneous fan"",""projectileBehaviour"":""piercing — passes through targets"",""damageSchool"":""energy"",""statusOnHit"":""burn"",""assetPart"":""projectile""}"
"helios-prism-array:muzzle","Helios Prism Array","weapons","1","additive","","","VFX (single frame or short frame sheet)","","256x256 per frame","","the Helios Prism Array, a SHIP-MOUNTED laser weapon","One beam in, several arguments out — the prism does not negotiate.","","","","","","Helios Industries","Sun-gold emitter housings over white ceramic.","epic","#9b5cff","in-run gameplay","{""formFactor"":""Ship-weapon VFX only — no handheld/firearm form."",""weaponCategory"":""laser"",""tier"":""epic"",""family"":""laserArrays:prism"",""familyNote"":""family names describe firing behaviour, not an infantry form-factor"",""manufacturerSignature"":""Prism arrays — one beam in, several arguments out."",""firePattern"":""spread — simultaneous fan"",""projectileBehaviour"":""piercing — passes through targets"",""damageSchool"":""energy"",""statusOnHit"":""burn"",""assetPart"":""muzzle""}"
"helios-prism-array:impact","Helios Prism Array","weapons","1","additive","","","VFX (single frame or short frame sheet)","","256x256 per frame","","the Helios Prism Array, a SHIP-MOUNTED laser weapon","One beam in, several arguments out — the prism does not negotiate.","","","","","","Helios Industries","Sun-gold emitter housings over white ceramic.","epic","#9b5cff","in-run gameplay","{""formFactor"":""Ship-weapon VFX only — no handheld/firearm form."",""weaponCategory"":""laser"",""tier"":""epic"",""family"":""laserArrays:prism"",""familyNote"":""family names describe firing behaviour, not an infantry form-factor"",""manufacturerSignature"":""Prism arrays — one beam in, several arguments out."",""firePattern"":""spread — simultaneous fan"",""projectileBehaviour"":""piercing — passes through targets"",""damageSchool"":""energy"",""statusOnHit"":""burn"",""assetPart"":""impact""}"
"paragon-flux-driver:icon","Paragon Flux Driver","weapons","1","keyed","green","no green anywhere in this sprite's palette (green-keyed; see directive.colourLaw for substitutions)","icon","centered, transparent background","128x128","","the Paragon Flux Driver, a SHIP-MOUNTED singularity weapon (starship armament, NOT a handheld gun)","The manual's final page is an apology. The fire mode works anyway.","","","","","","Paragon Laboratories","Exposed telemetry, warning stencils, one fresh weld always cooling.","legendary","#ffc652","loadout/inventory/HUD","{""formFactor"":""Ship armament that bolts to a starship hull hardpoint — a turret / cannon / missile pod / beam emitter / lattice array. Mechanical hardware at a 3/4 hardware angle. NEVER a handheld firearm, never held or worn by a person."",""weaponCategory"":""singularity"",""tier"":""prototype"",""family"":""gravityWeapons:singularity"",""familyNote"":""family names describe firing behaviour, not an infantry form-factor"",""manufacturerSignature"":""Overdriven fire modes that trade heat for possibility."",""firePattern"":""chargedShot — held charge then single heavy release"",""projectileBehaviour"":""gravityAffected — arcs under gravity wells"",""damageSchool"":""energy"",""statusOnHit"":""overload"",""assetPart"":""icon""}"
"paragon-flux-driver:projectile","Paragon Flux Driver","weapons","1","keyed","green","no green anywhere in this sprite's palette (green-keyed; see directive.colourLaw for substitutions)","icon","centered, transparent background","128x128","","the projectile fired by the Paragon Flux Driver (a singularity ship weapon) — a bolt/beam/shell in flight, not the weapon itself","The manual's final page is an apology. The fire mode works anyway.","","","","","","Paragon Laboratories","Exposed telemetry, warning stencils, one fresh weld always cooling.","legendary","#ffc652","in-run gameplay","{""formFactor"":""Just the projectile in flight (bolt / shell / beam segment / energy bolt) — small, readable, top-down. Not the launcher."",""weaponCategory"":""singularity"",""tier"":""prototype"",""family"":""gravityWeapons:singularity"",""familyNote"":""family names describe firing behaviour, not an infantry form-factor"",""manufacturerSignature"":""Overdriven fire modes that trade heat for possibility."",""firePattern"":""chargedShot — held charge then single heavy release"",""projectileBehaviour"":""gravityAffected — arcs under gravity wells"",""damageSchool"":""energy"",""statusOnHit"":""overload"",""assetPart"":""projectile""}"
"paragon-flux-driver:muzzle","Paragon Flux Driver","weapons","1","additive","","","VFX (single frame or short frame sheet)","","256x256 per frame","","the Paragon Flux Driver, a SHIP-MOUNTED singularity weapon","The manual's final page is an apology. The fire mode works anyway.","","","","","","Paragon Laboratories","Exposed telemetry, warning stencils, one fresh weld always cooling.","legendary","#ffc652","in-run gameplay","{""formFactor"":""Ship-weapon VFX only — no handheld/firearm form."",""weaponCategory"":""singularity"",""tier"":""prototype"",""family"":""gravityWeapons:singularity"",""familyNote"":""family names describe firing behaviour, not an infantry form-factor"",""manufacturerSignature"":""Overdriven fire modes that trade heat for possibility."",""firePattern"":""chargedShot — held charge then single heavy release"",""projectileBehaviour"":""gravityAffected — arcs under gravity wells"",""damageSchool"":""energy"",""statusOnHit"":""overload"",""assetPart"":""muzzle""}"
"paragon-flux-driver:impact","Paragon Flux Driver","weapons","1","additive","","","VFX (single frame or short frame sheet)","","256x256 per frame","","the Paragon Flux Driver, a SHIP-MOUNTED singularity weapon","The manual's final page is an apology. The fire mode works anyway.","","","","","","Paragon Laboratories","Exposed telemetry, warning stencils, one fresh weld always cooling.","legendary","#ffc652","in-run gameplay","{""formFactor"":""Ship-weapon VFX only — no handheld/firearm form."",""weaponCategory"":""singularity"",""tier"":""prototype"",""family"":""gravityWeapons:singularity"",""familyNote"":""family names describe firing behaviour, not an infantry form-factor"",""manufacturerSignature"":""Overdriven fire modes that trade heat for possibility."",""firePattern"":""chargedShot — held charge then single heavy release"",""projectileBehaviour"":""gravityAffected — arcs under gravity wells"",""damageSchool"":""energy"",""statusOnHit"":""overload"",""assetPart"":""impact""}"
"foundry-sunlance:icon","Foundry Sunlance","weapons","1","keyed","green","no green anywhere in this sprite's palette (green-keyed; see directive.colourLaw for substitutions)","icon","centered, transparent background","128x128","","the Foundry Sunlance, a SHIP-MOUNTED ancient weapon (starship armament, NOT a handheld gun)","It recognises what it was built to guard against. It has been waiting to say so.","","","","","","Ancient Foundry","White stone alloy and gold conduit, excavated not machined.","legendary","#ffc652","loadout/inventory/HUD","{""formFactor"":""Ship armament that bolts to a starship hull hardpoint — a turret / cannon / missile pod / beam emitter / lattice array. Mechanical hardware at a 3/4 hardware angle. NEVER a handheld firearm, never held or worn by a person."",""weaponCategory"":""ancient"",""tier"":""legendary"",""family"":""beamWeapons:vigil"",""familyNote"":""family names describe firing behaviour, not an infantry form-factor"",""manufacturerSignature"":""Lances that recognise what they were built to guard against."",""firePattern"":""beam — continuous beam"",""projectileBehaviour"":""persistentBeam — sustained beam, not a projectile"",""damageSchool"":""energy"",""statusOnHit"":""shieldBreak"",""assetPart"":""icon""}"
"foundry-sunlance:projectile","Foundry Sunlance","weapons","1","keyed","green","no green anywhere in this sprite's palette (green-keyed; see directive.colourLaw for substitutions)","icon","centered, transparent background","128x128","","the projectile fired by the Foundry Sunlance (a ancient ship weapon) — a bolt/beam/shell in flight, not the weapon itself","It recognises what it was built to guard against. It has been waiting to say so.","","","","","","Ancient Foundry","White stone alloy and gold conduit, excavated not machined.","legendary","#ffc652","in-run gameplay","{""formFactor"":""Just the projectile in flight (bolt / shell / beam segment / energy bolt) — small, readable, top-down. Not the launcher."",""weaponCategory"":""ancient"",""tier"":""legendary"",""family"":""beamWeapons:vigil"",""familyNote"":""family names describe firing behaviour, not an infantry form-factor"",""manufacturerSignature"":""Lances that recognise what they were built to guard against."",""firePattern"":""beam — continuous beam"",""projectileBehaviour"":""persistentBeam — sustained beam, not a projectile"",""damageSchool"":""energy"",""statusOnHit"":""shieldBreak"",""assetPart"":""projectile""}"
"foundry-sunlance:muzzle","Foundry Sunlance","weapons","1","additive","","","VFX (single frame or short frame sheet)","","256x256 per frame","","the Foundry Sunlance, a SHIP-MOUNTED ancient weapon","It recognises what it was built to guard against. It has been waiting to say so.","","","","","","Ancient Foundry","White stone alloy and gold conduit, excavated not machined.","legendary","#ffc652","in-run gameplay","{""formFactor"":""Ship-weapon VFX only — no handheld/firearm form."",""weaponCategory"":""ancient"",""tier"":""legendary"",""family"":""beamWeapons:vigil"",""familyNote"":""family names describe firing behaviour, not an infantry form-factor"",""manufacturerSignature"":""Lances that recognise what they were built to guard against."",""firePattern"":""beam — continuous beam"",""projectileBehaviour"":""persistentBeam — sustained beam, not a projectile"",""damageSchool"":""energy"",""statusOnHit"":""shieldBreak"",""assetPart"":""muzzle""}"
"foundry-sunlance:impact","Foundry Sunlance","weapons","1","additive","","","VFX (single frame or short frame sheet)","","256x256 per frame","","the Foundry Sunlance, a SHIP-MOUNTED ancient weapon","It recognises what it was built to guard against. It has been waiting to say so.","","","","","","Ancient Foundry","White stone alloy and gold conduit, excavated not machined.","legendary","#ffc652","in-run gameplay","{""formFactor"":""Ship-weapon VFX only — no handheld/firearm form."",""weaponCategory"":""ancient"",""tier"":""legendary"",""family"":""beamWeapons:vigil"",""familyNote"":""family names describe firing behaviour, not an infantry form-factor"",""manufacturerSignature"":""Lances that recognise what they were built to guard against."",""firePattern"":""beam — continuous beam"",""projectileBehaviour"":""persistentBeam — sustained beam, not a projectile"",""damageSchool"":""energy"",""statusOnHit"":""shieldBreak"",""assetPart"":""impact""}"
"salvage-scattergun:icon","Salvage Scattergun","weapons","1","keyed","green","no green anywhere in this sprite's palette (green-keyed; see directive.colourLaw for substitutions)","icon","centered, transparent background","128x128","","the Salvage Scattergun, a SHIP-MOUNTED flak weapon (starship armament, NOT a handheld gun)","Every barrel has a previous owner. All of them agreed to this.","","","","","","Frontier Salvage","Mismatched panels, honest rust, stencilled serials from three fleets.","common","#dce4f2","loadout/inventory/HUD","{""formFactor"":""Ship armament that bolts to a starship hull hardpoint — a turret / cannon / missile pod / beam emitter / lattice array. Mechanical hardware at a 3/4 hardware angle. NEVER a handheld firearm, never held or worn by a person."",""weaponCategory"":""flak"",""tier"":""common"",""family"":""shotguns:breach"",""familyNote"":""family names describe firing behaviour, not an infantry form-factor"",""manufacturerSignature"":""Scatter patterns tuned by whatever parts arrived that week."",""firePattern"":""arc — swept arc volley"",""projectileBehaviour"":""straight — constant velocity line"",""damageSchool"":""physical"",""statusOnHit"":null,""assetPart"":""icon""}"
"salvage-scattergun:projectile","Salvage Scattergun","weapons","1","keyed","green","no green anywhere in this sprite's palette (green-keyed; see directive.colourLaw for substitutions)","icon","centered, transparent background","128x128","","the projectile fired by the Salvage Scattergun (a flak ship weapon) — a bolt/beam/shell in flight, not the weapon itself","Every barrel has a previous owner. All of them agreed to this.","","","","","","Frontier Salvage","Mismatched panels, honest rust, stencilled serials from three fleets.","common","#dce4f2","in-run gameplay","{""formFactor"":""Just the projectile in flight (bolt / shell / beam segment / energy bolt) — small, readable, top-down. Not the launcher."",""weaponCategory"":""flak"",""tier"":""common"",""family"":""shotguns:breach"",""familyNote"":""family names describe firing behaviour, not an infantry form-factor"",""manufacturerSignature"":""Scatter patterns tuned by whatever parts arrived that week."",""firePattern"":""arc — swept arc volley"",""projectileBehaviour"":""straight — constant velocity line"",""damageSchool"":""physical"",""statusOnHit"":null,""assetPart"":""projectile""}"
"salvage-scattergun:muzzle","Salvage Scattergun","weapons","1","additive","","","VFX (single frame or short frame sheet)","","256x256 per frame","","the Salvage Scattergun, a SHIP-MOUNTED flak weapon","Every barrel has a previous owner. All of them agreed to this.","","","","","","Frontier Salvage","Mismatched panels, honest rust, stencilled serials from three fleets.","common","#dce4f2","in-run gameplay","{""formFactor"":""Ship-weapon VFX only — no handheld/firearm form."",""weaponCategory"":""flak"",""tier"":""common"",""family"":""shotguns:breach"",""familyNote"":""family names describe firing behaviour, not an infantry form-factor"",""manufacturerSignature"":""Scatter patterns tuned by whatever parts arrived that week."",""firePattern"":""arc — swept arc volley"",""projectileBehaviour"":""straight — constant velocity line"",""damageSchool"":""physical"",""statusOnHit"":null,""assetPart"":""muzzle""}"
"salvage-scattergun:impact","Salvage Scattergun","weapons","1","additive","","","VFX (single frame or short frame sheet)","","256x256 per frame","","the Salvage Scattergun, a SHIP-MOUNTED flak weapon","Every barrel has a previous owner. All of them agreed to this.","","","","","","Frontier Salvage","Mismatched panels, honest rust, stencilled serials from three fleets.","common","#dce4f2","in-run gameplay","{""formFactor"":""Ship-weapon VFX only — no handheld/firearm form."",""weaponCategory"":""flak"",""tier"":""common"",""family"":""shotguns:breach"",""familyNote"":""family names describe firing behaviour, not an infantry form-factor"",""manufacturerSignature"":""Scatter patterns tuned by whatever parts arrived that week."",""firePattern"":""arc — swept arc volley"",""projectileBehaviour"":""straight — constant velocity line"",""damageSchool"":""physical"",""statusOnHit"":null,""assetPart"":""impact""}"
"wisp-chaser:idle","Wisp Chaser","enemies","1","keyed","green","no green anywhere in this sprite's palette (green-keyed; see directive.colourLaw for substitutions)","in-run sprite (idle only — move/attack/death are code-derived)","top-down/side hybrid, facing north","256x256, trimmed","","Wisp Chaser, scout","Cheap, disposable, and everywhere. The galaxy's most successful design is the one nobody remembers dying.","Sandbox (factionless)","neutral steel grey, cyan energy accents","","","","","","","","in-run gameplay","{""roles"":[""chaser"",""charger""],""family"":""scout"",""attackType"":""melee"",""xpTier"":""medium"",""statesNote"":""idle only — move/attack/death states are derived in code from this sprite""}"
"flak-orbiter:idle","Flak Orbiter","enemies","1","keyed","green","no green anywhere in this sprite's palette (green-keyed; see directive.colourLaw for substitutions)","in-run sprite (idle only — move/attack/death are code-derived)","top-down/side hybrid, facing north","256x256, trimmed","","Flak Orbiter, drone","It never gets close. It doesn't need to.","Sandbox (factionless)","neutral steel grey, cyan energy accents","","","","","","","","in-run gameplay","{""roles"":[""flanker"",""sniper"",""exploder""],""family"":""drone"",""attackType"":""projectile"",""xpTier"":""large"",""statesNote"":""idle only — move/attack/death states are derived in code from this sprite""}"
"outlaw-raider:idle","Outlaw Raider","enemies","1","keyed","green","no green anywhere in this sprite's palette (green-keyed; see directive.colourLaw for substitutions)","in-run sprite (idle only — move/attack/death are code-derived)","top-down/side hybrid, facing north","256x256, trimmed","","Outlaw Raider, fighter","A modified civilian hull with a military missile pod bolted where the cargo bay used to be.","Mercenary Guild / Outlaws","#8c2f2f / #c96a4d / #ff7a3d (UI accent #ff9166)","stencilled serials, camera coverage; armoured salvage, mismatched hulls; harsh dock-bay floodlight","","","","","","","in-run gameplay","{""roles"":[""flanker""],""family"":""fighter"",""attackType"":""missile"",""xpTier"":""medium"",""statesNote"":""idle only — move/attack/death states are derived in code from this sprite""}"
"outlaw-sniper:idle","Outlaw Sniper","enemies","1","keyed","green","no green anywhere in this sprite's palette (green-keyed; see directive.colourLaw for substitutions)","in-run sprite (idle only — move/attack/death are code-derived)","top-down/side hybrid, facing north","256x256, trimmed","","Outlaw Sniper, artillery","One rail, one shot, one paycheck. Kiting is not cowardice when it works this well.","Mercenary Guild / Outlaws","#8c2f2f / #c96a4d / #ff7a3d (UI accent #ff9166)","stencilled serials, camera coverage; armoured salvage, mismatched hulls; harsh dock-bay floodlight","","","","","","","in-run gameplay","{""roles"":[""sniper""],""family"":""artillery"",""attackType"":""projectile"",""xpTier"":""large"",""statesNote"":""idle only — move/attack/death states are derived in code from this sprite""}"
"outlaw-shield-carrier:idle","Outlaw Shield Carrier","enemies","1","keyed","green","no green anywhere in this sprite's palette (green-keyed; see directive.colourLaw for substitutions)","in-run sprite (idle only — move/attack/death are code-derived)","top-down/side hybrid, facing north","256x256, trimmed","","Outlaw Shield Carrier, supportUnit","It doesn't shoot. It doesn't have to — everything behind it does.","Mercenary Guild / Outlaws","#8c2f2f / #c96a4d / #ff7a3d (UI accent #ff9166)","stencilled serials, camera coverage; armoured salvage, mismatched hulls; harsh dock-bay floodlight","","","","","","","in-run gameplay","{""roles"":[""support"",""tank"",""shieldUnit""],""family"":""supportUnit"",""attackType"":""melee"",""xpTier"":""large"",""statesNote"":""idle only — move/attack/death states are derived in code from this sprite""}"
"outlaw-mine-layer:idle","Outlaw Mine Layer","enemies","1","keyed","green","no green anywhere in this sprite's palette (green-keyed; see directive.colourLaw for substitutions)","in-run sprite (idle only — move/attack/death are code-derived)","top-down/side hybrid, facing north","256x256, trimmed","","Outlaw Mine Layer, drone","Area denial is the cheapest tactic that still wins wars.","Mercenary Guild / Outlaws","#8c2f2f / #c96a4d / #ff7a3d (UI accent #ff9166)","stencilled serials, camera coverage; armoured salvage, mismatched hulls; harsh dock-bay floodlight","","","","","","","in-run gameplay","{""roles"":[""areaDenial""],""family"":""drone"",""attackType"":""projectile"",""xpTier"":""medium"",""statesNote"":""idle only — move/attack/death states are derived in code from this sprite""}"
"outlaw-captain:idle","Outlaw Captain","enemies","1","keyed","green","no green anywhere in this sprite's palette (green-keyed; see directive.colourLaw for substitutions)","in-run sprite (idle only — move/attack/death are code-derived)","top-down/side hybrid, facing north","256x256, trimmed","","Outlaw Captain, heavyAssault","Every broken fleet has one officer who kept their rank by keeping their crew alive.","Mercenary Guild / Outlaws","#8c2f2f / #c96a4d / #ff7a3d (UI accent #ff9166)","stencilled serials, camera coverage; armoured salvage, mismatched hulls; harsh dock-bay floodlight","","","","","","","in-run gameplay","{""roles"":[""controller"",""elite"",""commander""],""family"":""heavyAssault"",""attackType"":""projectile"",""xpTier"":""elite"",""statesNote"":""idle only — move/attack/death states are derived in code from this sprite""}"
"machine-combat-drone:idle","Machine Combat Drone","enemies","1","keyed","green","no green anywhere in this sprite's palette (green-keyed; see directive.colourLaw for substitutions)","in-run sprite (idle only — move/attack/death are code-derived)","top-down/side hybrid, facing north","256x256, trimmed","","Machine Combat Drone, machineUnit","The Collective's unit of account: a fuselage, a blade, and a solution.","Machine Collective","#3d4d5c / #7fa8bf / #4dd9ff (UI accent #5ce1e6)","hex-tiled surfaces, visible seams; fractal foundry block, matte metal; cold blue-grey utility light","","","","","","","in-run gameplay","{""roles"":[""chaser""],""family"":""machineUnit"",""attackType"":""melee"",""xpTier"":""small"",""statesNote"":""idle only — move/attack/death states are derived in code from this sprite""}"
"machine-sniper-unit:idle","Machine Sniper Unit","enemies","1","keyed","green","no green anywhere in this sprite's palette (green-keyed; see directive.colourLaw for substitutions)","in-run sprite (idle only — move/attack/death are code-derived)","top-down/side hybrid, facing north","256x256, trimmed","","Machine Sniper Unit, machineUnit","It does not lead its target. It computes where the target will stop existing.","Machine Collective","#3d4d5c / #7fa8bf / #4dd9ff (UI accent #5ce1e6)","hex-tiled surfaces, visible seams; fractal foundry block, matte metal; cold blue-grey utility light","","","","","","","in-run gameplay","{""roles"":[""sniper""],""family"":""machineUnit"",""attackType"":""beam"",""xpTier"":""large"",""statesNote"":""idle only — move/attack/death states are derived in code from this sprite""}"
"machine-shield-generator:idle","Machine Shield Generator","enemies","1","keyed","green","no green anywhere in this sprite's palette (green-keyed; see directive.colourLaw for substitutions)","in-run sprite (idle only — move/attack/death are code-derived)","top-down/side hybrid, facing north","256x256, trimmed","","Machine Shield Generator, supportUnit","A hexagonal lattice projected across the whole formation — the network wears one armour.","Machine Collective","#3d4d5c / #7fa8bf / #4dd9ff (UI accent #5ce1e6)","hex-tiled surfaces, visible seams; fractal foundry block, matte metal; cold blue-grey utility light","","","","","","","in-run gameplay","{""roles"":[""support"",""shieldUnit""],""family"":""supportUnit"",""attackType"":""projectile"",""xpTier"":""large"",""statesNote"":""idle only — move/attack/death states are derived in code from this sprite""}"
"machine-repair-drone:idle","Machine Repair Drone","enemies","1","keyed","green","no green anywhere in this sprite's palette (green-keyed; see directive.colourLaw for substitutions)","in-run sprite (idle only — move/attack/death are code-derived)","top-down/side hybrid, facing north","256x256, trimmed","","Machine Repair Drone, drone","The Collective does not mourn losses. It amortises them.","Machine Collective","#3d4d5c / #7fa8bf / #4dd9ff (UI accent #5ce1e6)","hex-tiled surfaces, visible seams; fractal foundry block, matte metal; cold blue-grey utility light","","","","","","","in-run gameplay","{""roles"":[""healer"",""support""],""family"":""drone"",""attackType"":""melee"",""xpTier"":""medium"",""statesNote"":""idle only — move/attack/death states are derived in code from this sprite""}"
"machine-swarm-constructor:idle","Machine Swarm Constructor","enemies","1","keyed","green","no green anywhere in this sprite's palette (green-keyed; see directive.colourLaw for substitutions)","in-run sprite (idle only — move/attack/death are code-derived)","top-down/side hybrid, facing north","256x256, trimmed","","Machine Swarm Constructor, summoner","An autonomous factory that decided the front line was the most efficient place to stand.","Machine Collective","#3d4d5c / #7fa8bf / #4dd9ff (UI accent #5ce1e6)","hex-tiled surfaces, visible seams; fractal foundry block, matte metal; cold blue-grey utility light","","","","","","","in-run gameplay","{""roles"":[""summoner""],""family"":""summoner"",""attackType"":""projectile"",""xpTier"":""large"",""statesNote"":""idle only — move/attack/death states are derived in code from this sprite""}"
"machine-command-core:idle","Machine Command Core","enemies","1","keyed","green","no green anywhere in this sprite's palette (green-keyed; see directive.colourLaw for substitutions)","in-run sprite (idle only — move/attack/death are code-derived)","top-down/side hybrid, facing north","256x256, trimmed","","Machine Command Core, livingStructure","Not a leader — a router. The network does not follow it; the network flows through it.","Machine Collective","#3d4d5c / #7fa8bf / #4dd9ff (UI accent #5ce1e6)","hex-tiled surfaces, visible seams; fractal foundry block, matte metal; cold blue-grey utility light","","","","","","","in-run gameplay","{""roles"":[""controller""],""family"":""livingStructure"",""attackType"":""projectile"",""xpTier"":""elite"",""statesNote"":""idle only — move/attack/death states are derived in code from this sprite""}"
"crystal-drone:idle","Crystal Drone","enemies","1","keyed","magenta","no magenta anywhere in this sprite's palette (magenta-keyed)","in-run sprite (idle only — move/attack/death are code-derived)","top-down/side hybrid, facing north","256x256, trimmed","","Crystal Drone, crystalOrganism","A shard grown to a single purpose, discarded the moment it succeeds or fails.","Crystal Dominion","#8a5cf5 / #c9a6ff / #e0c3ff (UI accent #b083ff)","faceted refraction on every surface; grown crystal, no seams; cool violet glow","","","","","","","in-run gameplay","{""roles"":[""chaser""],""family"":""crystalOrganism"",""attackType"":""melee"",""xpTier"":""small"",""statesNote"":""idle only — move/attack/death states are derived in code from this sprite""}"
"crystal-shard-hunter:idle","Shard Hunter","enemies","1","keyed","magenta","no magenta anywhere in this sprite's palette (magenta-keyed)","in-run sprite (idle only — move/attack/death are code-derived)","top-down/side hybrid, facing north","256x256, trimmed","","Shard Hunter, crystalOrganism","Fires the fragments it sheds as it moves — every attack costs it a little of itself.","Crystal Dominion","#8a5cf5 / #c9a6ff / #e0c3ff (UI accent #b083ff)","faceted refraction on every surface; grown crystal, no seams; cool violet glow","","","","","","","in-run gameplay","{""roles"":[""flanker""],""family"":""crystalOrganism"",""attackType"":""projectile"",""xpTier"":""medium"",""statesNote"":""idle only — move/attack/death states are derived in code from this sprite""}"
"crystal-resonance-node:idle","Resonance Node","enemies","1","keyed","magenta","no magenta anywhere in this sprite's palette (magenta-keyed)","in-run sprite (idle only — move/attack/death are code-derived)","top-down/side hybrid, facing north","256x256, trimmed","","Resonance Node, crystalOrganism","It does not fight. It tunes — every crystal within reach grows a little stronger for its presence.","Crystal Dominion","#8a5cf5 / #c9a6ff / #e0c3ff (UI accent #b083ff)","faceted refraction on every surface; grown crystal, no seams; cool violet glow","","","","","","","in-run gameplay","{""roles"":[""support""],""family"":""crystalOrganism"",""attackType"":""melee"",""xpTier"":""medium"",""statesNote"":""idle only — move/attack/death states are derived in code from this sprite""}"
"crystal-growth-seeder:idle","Growth Seeder","enemies","1","keyed","magenta","no magenta anywhere in this sprite's palette (magenta-keyed)","in-run sprite (idle only — move/attack/death are code-derived)","top-down/side hybrid, facing north","256x256, trimmed","","Growth Seeder, crystalOrganism","Terrain expansion, in person. It doesn't attack the player. It attacks the arena.","Crystal Dominion","#8a5cf5 / #c9a6ff / #e0c3ff (UI accent #b083ff)","faceted refraction on every surface; grown crystal, no seams; cool violet glow","","","","","","","in-run gameplay","{""roles"":[""areaDenial""],""family"":""crystalOrganism"",""attackType"":""melee"",""xpTier"":""medium"",""statesNote"":""idle only — move/attack/death states are derived in code from this sprite""}"
"crystal-guardian:idle","Crystal Guardian","enemies","1","keyed","magenta","no magenta anywhere in this sprite's palette (magenta-keyed)","in-run sprite (idle only — move/attack/death are code-derived)","top-down/side hybrid, facing north","256x256, trimmed","","Crystal Guardian, crystalOrganism","Living armour grown thick enough to matter. It stands where the network needs standing.","Crystal Dominion","#8a5cf5 / #c9a6ff / #e0c3ff (UI accent #b083ff)","faceted refraction on every surface; grown crystal, no seams; cool violet glow","","","","","","","in-run gameplay","{""roles"":[""tank""],""family"":""crystalOrganism"",""attackType"":""melee"",""xpTier"":""large"",""statesNote"":""idle only — move/attack/death states are derived in code from this sprite""}"
"crystal-titan:idle","Crystal Titan","enemies","1","keyed","magenta","no magenta anywhere in this sprite's palette (magenta-keyed)","in-run sprite (idle only — move/attack/death are code-derived)","top-down/side hybrid, facing north","256x256, trimmed","","Crystal Titan, ancientGuardian","Not grown to fight. Grown to outlast everything that tries.","Crystal Dominion","#8a5cf5 / #c9a6ff / #e0c3ff (UI accent #b083ff)","faceted refraction on every surface; grown crystal, no seams; cool violet glow","","","","","","","in-run gameplay","{""roles"":[""elite"",""tank""],""family"":""ancientGuardian"",""attackType"":""area"",""xpTier"":""elite"",""statesNote"":""idle only — move/attack/death states are derived in code from this sprite""}"
"void-wisp:idle","Void Wisp","enemies","1","keyed","green","no green anywhere in this sprite's palette (green-keyed; see directive.colourLaw for substitutions)","in-run sprite (idle only — move/attack/death are code-derived)","top-down/side hybrid, facing north","256x256, trimmed","","Void Wisp, voidEntity","A fragment of the dark given just enough shape to close distance. It does not think. It only closes.","Void Swarm","void black / deep violet / fracture magenta; black energy, distorted silhouettes, gravitational lensing","","","","","","","","in-run gameplay","{""roles"":[""chaser""],""family"":""voidEntity"",""attackType"":""melee"",""xpTier"":""small"",""statesNote"":""idle only — move/attack/death states are derived in code from this sprite""}"
"corruption-parasite:idle","Corruption Parasite","enemies","1","keyed","green","no green anywhere in this sprite's palette (green-keyed; see directive.colourLaw for substitutions)","in-run sprite (idle only — move/attack/death are code-derived)","top-down/side hybrid, facing north","256x256, trimmed","","Corruption Parasite, voidEntity","It does not want to kill you. It wants you to carry a little of the dark home.","Void Swarm","void black / deep violet / fracture magenta; black energy, distorted silhouettes, gravitational lensing","","","","","","","","in-run gameplay","{""roles"":[""disruptor""],""family"":""voidEntity"",""attackType"":""projectile"",""xpTier"":""medium"",""statesNote"":""idle only — move/attack/death states are derived in code from this sprite""}"
"shadow-hunter:idle","Shadow Hunter","enemies","1","keyed","green","no green anywhere in this sprite's palette (green-keyed; see directive.colourLaw for substitutions)","in-run sprite (idle only — move/attack/death are code-derived)","top-down/side hybrid, facing north","256x256, trimmed","","Shadow Hunter, voidEntity","It is not fast. It is simply not where you last checked.","Void Swarm","void black / deep violet / fracture magenta; black energy, distorted silhouettes, gravitational lensing","","","","","","","","in-run gameplay","{""roles"":[""flanker"",""assassin""],""family"":""voidEntity"",""attackType"":""melee"",""xpTier"":""medium"",""statesNote"":""idle only — move/attack/death states are derived in code from this sprite""}"
"void-beacon:idle","Void Beacon","enemies","1","keyed","green","no green anywhere in this sprite's palette (green-keyed; see directive.colourLaw for substitutions)","in-run sprite (idle only — move/attack/death are code-derived)","top-down/side hybrid, facing north","256x256, trimmed","","Void Beacon, voidEntity","A wound in space that the Swarm keeps open on purpose. Everything nearby drinks from it.","Void Swarm","void black / deep violet / fracture magenta; black energy, distorted silhouettes, gravitational lensing","","","","","","","","in-run gameplay","{""roles"":[""support""],""family"":""voidEntity"",""attackType"":""melee"",""xpTier"":""medium"",""statesNote"":""idle only — move/attack/death states are derived in code from this sprite""}"
"rift-guardian:idle","Rift Guardian","enemies","1","keyed","green","no green anywhere in this sprite's palette (green-keyed; see directive.colourLaw for substitutions)","in-run sprite (idle only — move/attack/death are code-derived)","top-down/side hybrid, facing north","256x256, trimmed","","Rift Guardian, voidEntity","Reality closed around it wrong, and it simply kept the shape. Nothing since has convinced it to let go.","Void Swarm","void black / deep violet / fracture magenta; black energy, distorted silhouettes, gravitational lensing","","","","","","","","in-run gameplay","{""roles"":[""tank""],""family"":""voidEntity"",""attackType"":""melee"",""xpTier"":""large"",""statesNote"":""idle only — move/attack/death states are derived in code from this sprite""}"
"ancient-void-avatar:idle","Ancient Void Avatar","enemies","1","keyed","green","no green anywhere in this sprite's palette (green-keyed; see directive.colourLaw for substitutions)","in-run sprite (idle only — move/attack/death are code-derived)","top-down/side hybrid, facing north","256x256, trimmed","","Ancient Void Avatar, voidEntity","Older than the sector it now stands in. It does not lead the Swarm. It simply outlasts everything sent against it.","Void Swarm","void black / deep violet / fracture magenta; black energy, distorted silhouettes, gravitational lensing","","","","","","","","in-run gameplay","{""roles"":[""elite"",""tank""],""family"":""voidEntity"",""attackType"":""area"",""xpTier"":""elite"",""statesNote"":""idle only — move/attack/death states are derived in code from this sprite""}"
"sentinel:idle","Sentinel","enemies","1","keyed","green","no green anywhere in this sprite's palette (green-keyed; see directive.colourLaw for substitutions)","in-run sprite (idle only — move/attack/death are code-derived)","top-down/side hybrid, facing north","256x256, trimmed","","Sentinel, ancientGuardian","It has walked the same perimeter for ten thousand years and never once found a reason to stop.","Ancient Custodians","#e8e2d0 / #c9a84d / #fff2b3 (UI accent #e0c76b)","geometry that predates its visitors; white stone alloy, gold conduit; standing gold-white glow","","","","","","","in-run gameplay","{""roles"":[""chaser""],""family"":""ancientGuardian"",""attackType"":""melee"",""xpTier"":""small"",""statesNote"":""idle only — move/attack/death states are derived in code from this sprite""}"
"defence-drone:idle","Defence Drone","enemies","1","keyed","green","no green anywhere in this sprite's palette (green-keyed; see directive.colourLaw for substitutions)","in-run sprite (idle only — move/attack/death are code-derived)","top-down/side hybrid, facing north","256x256, trimmed","","Defence Drone, ancientGuardian","Precision built to a standard nothing since has matched — every shot lands exactly where the system decided it would.","Ancient Custodians","#e8e2d0 / #c9a84d / #fff2b3 (UI accent #e0c76b)","geometry that predates its visitors; white stone alloy, gold conduit; standing gold-white glow","","","","","","","in-run gameplay","{""roles"":[""disruptor""],""family"":""ancientGuardian"",""attackType"":""projectile"",""xpTier"":""medium"",""statesNote"":""idle only — move/attack/death states are derived in code from this sprite""}"
"guardian-sphere:idle","Guardian Sphere","enemies","1","keyed","green","no green anywhere in this sprite's palette (green-keyed; see directive.colourLaw for substitutions)","in-run sprite (idle only — move/attack/death are code-derived)","top-down/side hybrid, facing north","256x256, trimmed","","Guardian Sphere, ancientGuardian","A perfect geometry with no visible drive system. It simply goes where it decided to be.","Ancient Custodians","#e8e2d0 / #c9a84d / #fff2b3 (UI accent #e0c76b)","geometry that predates its visitors; white stone alloy, gold conduit; standing gold-white glow","","","","","","","in-run gameplay","{""roles"":[""flanker""],""family"":""ancientGuardian"",""attackType"":""melee"",""xpTier"":""small"",""statesNote"":""idle only — move/attack/death states are derived in code from this sprite""}"
"shield-architect:idle","Shield Architect","enemies","1","keyed","green","no green anywhere in this sprite's palette (green-keyed; see directive.colourLaw for substitutions)","in-run sprite (idle only — move/attack/death are code-derived)","top-down/side hybrid, facing north","256x256, trimmed","","Shield Architect, ancientGuardian","It does not fight for the vault. It fights for the network everything else fights through.","Ancient Custodians","#e8e2d0 / #c9a84d / #fff2b3 (UI accent #e0c76b)","geometry that predates its visitors; white stone alloy, gold conduit; standing gold-white glow","","","","","","","in-run gameplay","{""roles"":[""support""],""family"":""ancientGuardian"",""attackType"":""melee"",""xpTier"":""medium"",""statesNote"":""idle only — move/attack/death states are derived in code from this sprite""}"
"custodian-walker:idle","Custodian Walker","enemies","1","keyed","green","no green anywhere in this sprite's palette (green-keyed; see directive.colourLaw for substitutions)","in-run sprite (idle only — move/attack/death are code-derived)","top-down/side hybrid, facing north","256x256, trimmed","","Custodian Walker, ancientGuardian","It was built to answer force with more force. Ten thousand years of practice have not changed the answer.","Ancient Custodians","#e8e2d0 / #c9a84d / #fff2b3 (UI accent #e0c76b)","geometry that predates its visitors; white stone alloy, gold conduit; standing gold-white glow","","","","","","","in-run gameplay","{""roles"":[""tank""],""family"":""ancientGuardian"",""attackType"":""melee"",""xpTier"":""large"",""statesNote"":""idle only — move/attack/death states are derived in code from this sprite""}"
"ancient-executor:idle","Ancient Executor","enemies","1","keyed","green","no green anywhere in this sprite's palette (green-keyed; see directive.colourLaw for substitutions)","in-run sprite (idle only — move/attack/death are code-derived)","top-down/side hybrid, facing north","256x256, trimmed","","Ancient Executor, ancientGuardian","The Custodians' final answer. It does not warn. By the time it fires, the warning already happened.","Ancient Custodians","#e8e2d0 / #c9a84d / #fff2b3 (UI accent #e0c76b)","geometry that predates its visitors; white stone alloy, gold conduit; standing gold-white glow","","","","","","","in-run gameplay","{""roles"":[""elite"",""tank""],""family"":""ancientGuardian"",""attackType"":""beam"",""xpTier"":""elite"",""statesNote"":""idle only — move/attack/death states are derived in code from this sprite""}"
"hive-drone:idle","Hive Drone","enemies","1","keyed","green","no green anywhere in this sprite's palette (green-keyed; see directive.colourLaw for substitutions)","in-run sprite (idle only — move/attack/death are code-derived)","top-down/side hybrid, facing north","256x256, trimmed","","Hive Drone, swarm","Grown for one purpose and grown quickly — the Hive spends drones the way other species spend ammunition.","Xenomorph Hive","dark chitin / amber-yellow veins (colour law: no green in keyed sprites); organic bone plating, bioluminescent, spined","","","","","","","","in-run gameplay","{""roles"":[""chaser"",""burrower""],""family"":""swarm"",""attackType"":""melee"",""xpTier"":""small"",""statesNote"":""idle only — move/attack/death states are derived in code from this sprite""}"
"spitter:idle","Spitter","enemies","1","keyed","green","no green anywhere in this sprite's palette (green-keyed; see directive.colourLaw for substitutions)","in-run sprite (idle only — move/attack/death are code-derived)","top-down/side hybrid, facing north","256x256, trimmed","","Spitter, swarm","It does not chase. It does not need to — the Hive taught it patience is just another weapon.","Xenomorph Hive","dark chitin / amber-yellow veins (colour law: no green in keyed sprites); organic bone plating, bioluminescent, spined","","","","","","","","in-run gameplay","{""roles"":[""disruptor""],""family"":""swarm"",""attackType"":""projectile"",""xpTier"":""medium"",""statesNote"":""idle only — move/attack/death states are derived in code from this sprite""}"
"stalker:idle","Stalker","enemies","1","keyed","green","no green anywhere in this sprite's palette (green-keyed; see directive.colourLaw for substitutions)","in-run sprite (idle only — move/attack/death are code-derived)","top-down/side hybrid, facing north","256x256, trimmed","","Stalker, swarm","Wrong to call it climbing. It simply does not recognise a wall as different from a floor.","Xenomorph Hive","dark chitin / amber-yellow veins (colour law: no green in keyed sprites); organic bone plating, bioluminescent, spined","","","","","","","","in-run gameplay","{""roles"":[""flanker""],""family"":""swarm"",""attackType"":""melee"",""xpTier"":""medium"",""statesNote"":""idle only — move/attack/death states are derived in code from this sprite""}"
"evolution-node:idle","Evolution Node","enemies","1","keyed","green","no green anywhere in this sprite's palette (green-keyed; see directive.colourLaw for substitutions)","in-run sprite (idle only — move/attack/death are code-derived)","top-down/side hybrid, facing north","256x256, trimmed","","Evolution Node, swarm","Not a soldier. A gland the size of a soldier — every organism nearby draws on what it produces.","Xenomorph Hive","dark chitin / amber-yellow veins (colour law: no green in keyed sprites); organic bone plating, bioluminescent, spined","","","","","","","","in-run gameplay","{""roles"":[""support""],""family"":""swarm"",""attackType"":""melee"",""xpTier"":""medium"",""statesNote"":""idle only — move/attack/death states are derived in code from this sprite""}"
"crusher:idle","Crusher","enemies","1","keyed","green","no green anywhere in this sprite's palette (green-keyed; see directive.colourLaw for substitutions)","in-run sprite (idle only — move/attack/death are code-derived)","top-down/side hybrid, facing north","256x256, trimmed","","Crusher, swarm","Bone plating grown thick enough to matter and muscle grown to swing it. Nothing subtle went into the design.","Xenomorph Hive","dark chitin / amber-yellow veins (colour law: no green in keyed sprites); organic bone plating, bioluminescent, spined","","","","","","","","in-run gameplay","{""roles"":[""tank""],""family"":""swarm"",""attackType"":""melee"",""xpTier"":""large"",""statesNote"":""idle only — move/attack/death states are derived in code from this sprite""}"
"living-titan:idle","Living Titan","enemies","1","keyed","green","no green anywhere in this sprite's palette (green-keyed; see directive.colourLaw for substitutions)","in-run sprite (idle only — move/attack/death are code-derived)","top-down/side hybrid, facing north","256x256, trimmed","","Living Titan, swarm","Every generation before it fed this one, one way or another. It is the Hive's whole argument for evolution made flesh.","Xenomorph Hive","dark chitin / amber-yellow veins (colour law: no green in keyed sprites); organic bone plating, bioluminescent, spined","","","","","","","","in-run gameplay","{""roles"":[""elite"",""tank""],""family"":""swarm"",""attackType"":""area"",""xpTier"":""elite"",""statesNote"":""idle only — move/attack/death states are derived in code from this sprite""}"
"scout-skiff:idle","Scout Skiff","enemies","1","keyed","green","no green anywhere in this sprite's palette (green-keyed; see directive.colourLaw for substitutions)","in-run sprite (idle only — move/attack/death are code-derived)","top-down/side hybrid, facing north","256x256, trimmed","","Scout Skiff, scout","Fast, cheap, and disposable by design — the fleet would rather lose ten skiffs than one real ship.","Stellar Nomads","#5c7a8c / #a3b8a6 / #c9d98c (UI accent #9fc98c)","silhouette recomposed every season; lashed hull plate, patched armour; convoy running-lights, mismatched","","","","","","","in-run gameplay","{""roles"":[""chaser""],""family"":""scout"",""attackType"":""melee"",""xpTier"":""small"",""statesNote"":""idle only — move/attack/death states are derived in code from this sprite""}"
"hunter:idle","Hunter","enemies","1","keyed","green","no green anywhere in this sprite's palette (green-keyed; see directive.colourLaw for substitutions)","in-run sprite (idle only — move/attack/death are code-derived)","top-down/side hybrid, facing north","256x256, trimmed","","Hunter, interceptor","The harpoon was salvaged off a mining rig decades before the pilot was born. It still works better than anything manufactured since.","Stellar Nomads","#5c7a8c / #a3b8a6 / #c9d98c (UI accent #9fc98c)","silhouette recomposed every season; lashed hull plate, patched armour; convoy running-lights, mismatched","","","","","","","in-run gameplay","{""roles"":[""flanker""],""family"":""interceptor"",""attackType"":""projectile"",""xpTier"":""medium"",""statesNote"":""idle only — move/attack/death states are derived in code from this sprite""}"
"escort-fighter:idle","Escort Fighter","enemies","1","keyed","green","no green anywhere in this sprite's palette (green-keyed; see directive.colourLaw for substitutions)","in-run sprite (idle only — move/attack/death are code-derived)","top-down/side hybrid, facing north","256x256, trimmed","","Escort Fighter, fighter","Its job was never to win the fight. Its job is to make sure something else survives it.","Stellar Nomads","#5c7a8c / #a3b8a6 / #c9d98c (UI accent #9fc98c)","silhouette recomposed every season; lashed hull plate, patched armour; convoy running-lights, mismatched","","","","","","","in-run gameplay","{""roles"":[""support""],""family"":""fighter"",""attackType"":""melee"",""xpTier"":""medium"",""statesNote"":""idle only — move/attack/death states are derived in code from this sprite""}"
"junker-gunship:idle","Junker Gunship","enemies","1","keyed","green","no green anywhere in this sprite's palette (green-keyed; see directive.colourLaw for substitutions)","in-run sprite (idle only — move/attack/death are code-derived)","top-down/side hybrid, facing north","256x256, trimmed","","Junker Gunship, heavyAssault","Three different hull classes welded into one. None of the original owners would recognise it, or want to.","Stellar Nomads","#5c7a8c / #a3b8a6 / #c9d98c (UI accent #9fc98c)","silhouette recomposed every season; lashed hull plate, patched armour; convoy running-lights, mismatched","","","","","","","in-run gameplay","{""roles"":[""tank""],""family"":""heavyAssault"",""attackType"":""melee"",""xpTier"":""large"",""statesNote"":""idle only — move/attack/death states are derived in code from this sprite""}"
"repair-frigate:idle","Repair Frigate","enemies","1","keyed","green","no green anywhere in this sprite's palette (green-keyed; see directive.colourLaw for substitutions)","in-run sprite (idle only — move/attack/death are code-derived)","top-down/side hybrid, facing north","256x256, trimmed","","Repair Frigate, supportUnit","Every panel on it has been cut from something else that stopped flying. It has never once stopped flying itself.","Stellar Nomads","#5c7a8c / #a3b8a6 / #c9d98c (UI accent #9fc98c)","silhouette recomposed every season; lashed hull plate, patched armour; convoy running-lights, mismatched","","","","","","","in-run gameplay","{""roles"":[""healer""],""family"":""supportUnit"",""attackType"":""melee"",""xpTier"":""medium"",""statesNote"":""idle only — move/attack/death states are derived in code from this sprite""}"
"nomad-flagship:idle","Nomad Flagship","enemies","1","keyed","green","no green anywhere in this sprite's palette (green-keyed; see directive.colourLaw for substitutions)","in-run sprite (idle only — move/attack/death are code-derived)","top-down/side hybrid, facing north","256x256, trimmed","","Nomad Flagship, destroyer","It has been rebuilt so many times the fleet stopped calling it by its old name. It is simply the ship that doesn't sink.","Stellar Nomads","#5c7a8c / #a3b8a6 / #c9d98c (UI accent #9fc98c)","silhouette recomposed every season; lashed hull plate, patched armour; convoy running-lights, mismatched","","","","","","","in-run gameplay","{""roles"":[""elite"",""tank"",""commander""],""family"":""destroyer"",""attackType"":""missile"",""xpTier"":""elite"",""statesNote"":""idle only — move/attack/death states are derived in code from this sprite""}"
"prototype-drone:idle","Prototype Drone","enemies","1","keyed","green","no green anywhere in this sprite's palette (green-keyed; see directive.colourLaw for substitutions)","in-run sprite (idle only — move/attack/death are code-derived)","top-down/side hybrid, facing north","256x256, trimmed","","Prototype Drone, drone","Nobody signed off on this design. Nobody was going to argue with what it could already do.","Paragon Protocol","white lab alloy / orange warning lights / cracked energy-core blue; quantum distortion","","","","","","","","in-run gameplay","{""roles"":[""chaser""],""family"":""drone"",""attackType"":""melee"",""xpTier"":""small"",""statesNote"":""idle only — move/attack/death states are derived in code from this sprite""}"
"pulse-cannon:idle","Pulse Cannon","enemies","1","keyed","green","no green anywhere in this sprite's palette (green-keyed; see directive.colourLaw for substitutions)","in-run sprite (idle only — move/attack/death are code-derived)","top-down/side hybrid, facing north","256x256, trimmed","","Pulse Cannon, artillery","The lab's own notes call it unsafe for extended firing. It has been firing extended for years.","Paragon Protocol","white lab alloy / orange warning lights / cracked energy-core blue; quantum distortion","","","","","","","","in-run gameplay","{""roles"":[""disruptor""],""family"":""artillery"",""attackType"":""projectile"",""xpTier"":""medium"",""statesNote"":""idle only — move/attack/death states are derived in code from this sprite""}"
"adaptive-hunter:idle","Adaptive Hunter","enemies","1","keyed","green","no green anywhere in this sprite's palette (green-keyed; see directive.colourLaw for substitutions)","in-run sprite (idle only — move/attack/death are code-derived)","top-down/side hybrid, facing north","256x256, trimmed","","Adaptive Hunter, interceptor","Every pass it makes is a little different from the last. It is still learning, even now.","Paragon Protocol","white lab alloy / orange warning lights / cracked energy-core blue; quantum distortion","","","","","","","","in-run gameplay","{""roles"":[""flanker""],""family"":""interceptor"",""attackType"":""melee"",""xpTier"":""medium"",""statesNote"":""idle only — move/attack/death states are derived in code from this sprite""}"
"containment-sentinel:idle","Containment Sentinel","enemies","1","keyed","green","no green anywhere in this sprite's palette (green-keyed; see directive.colourLaw for substitutions)","in-run sprite (idle only — move/attack/death are code-derived)","top-down/side hybrid, facing north","256x256, trimmed","","Containment Sentinel, supportUnit","It was the last safety system installed, and the only one still doing its job.","Paragon Protocol","white lab alloy / orange warning lights / cracked energy-core blue; quantum distortion","","","","","","","","in-run gameplay","{""roles"":[""support""],""family"":""supportUnit"",""attackType"":""melee"",""xpTier"":""medium"",""statesNote"":""idle only — move/attack/death states are derived in code from this sprite""}"
"energy-construct:idle","Energy Construct","enemies","1","keyed","green","no green anywhere in this sprite's palette (green-keyed; see directive.colourLaw for substitutions)","in-run sprite (idle only — move/attack/death are code-derived)","top-down/side hybrid, facing north","256x256, trimmed","","Energy Construct, heavyAssault","Not built. Grown, inside a containment field, from a specification nobody kept a copy of.","Paragon Protocol","white lab alloy / orange warning lights / cracked energy-core blue; quantum distortion","","","","","","","","in-run gameplay","{""roles"":[""tank""],""family"":""heavyAssault"",""attackType"":""melee"",""xpTier"":""large"",""statesNote"":""idle only — move/attack/death states are derived in code from this sprite""}"
"omega-prototype:idle","Omega Prototype","enemies","1","keyed","green","no green anywhere in this sprite's palette (green-keyed; see directive.colourLaw for substitutions)","in-run sprite (idle only — move/attack/death are code-derived)","top-down/side hybrid, facing north","256x256, trimmed","","Omega Prototype, machineUnit","The programme's final iteration, and the reason the programme was ended. Nobody ended it in time.","Paragon Protocol","white lab alloy / orange warning lights / cracked energy-core blue; quantum distortion","","","","","","","","in-run gameplay","{""roles"":[""elite"",""tank""],""family"":""machineUnit"",""attackType"":""area"",""xpTier"":""elite"",""statesNote"":""idle only — move/attack/death states are derived in code from this sprite""}"
"solar-spark:idle","Solar Spark","enemies","1","keyed","green","no green anywhere in this sprite's palette (green-keyed; see directive.colourLaw for substitutions)","in-run sprite (idle only — move/attack/death are code-derived)","top-down/side hybrid, facing north","256x256, trimmed","","Solar Spark, scout","A fragment thrown off something far larger, still burning exactly as bright.","Celestial Conclave","solar plasma gold-white / nebula violet; gravitational-lensing halos","","","","","","","","in-run gameplay","{""roles"":[""chaser""],""family"":""scout"",""attackType"":""melee"",""xpTier"":""small"",""statesNote"":""idle only — move/attack/death states are derived in code from this sprite""}"
"pulsar-hunter:idle","Pulsar Hunter","enemies","1","keyed","green","no green anywhere in this sprite's palette (green-keyed; see directive.colourLaw for substitutions)","in-run sprite (idle only — move/attack/death are code-derived)","top-down/side hybrid, facing north","256x256, trimmed","","Pulsar Hunter, interceptor","It doesn't fire a weapon. It simply lets a fraction of what it already is pass through you.","Celestial Conclave","solar plasma gold-white / nebula violet; gravitational-lensing halos","","","","","","","","in-run gameplay","{""roles"":[""sniper""],""family"":""interceptor"",""attackType"":""beam"",""xpTier"":""medium"",""statesNote"":""idle only — move/attack/death states are derived in code from this sprite""}"
"gravity-oracle:idle","Gravity Oracle","enemies","1","keyed","green","no green anywhere in this sprite's palette (green-keyed; see directive.colourLaw for substitutions)","in-run sprite (idle only — move/attack/death are code-derived)","top-down/side hybrid, facing north","256x256, trimmed","","Gravity Oracle, artillery","It does not attack the player. It simply makes the space around them a little heavier.","Celestial Conclave","solar plasma gold-white / nebula violet; gravitational-lensing halos","","","","","","","","in-run gameplay","{""roles"":[""areaDenial""],""family"":""artillery"",""attackType"":""melee"",""xpTier"":""medium"",""statesNote"":""idle only — move/attack/death states are derived in code from this sprite""}"
"constellation-avatar:idle","Constellation Avatar","enemies","1","keyed","green","no green anywhere in this sprite's palette (green-keyed; see directive.colourLaw for substitutions)","in-run sprite (idle only — move/attack/death are code-derived)","top-down/side hybrid, facing north","256x256, trimmed","","Constellation Avatar, livingStructure","It is not the brightest point in the formation. It is simply the one every other point is drawn to.","Celestial Conclave","solar plasma gold-white / nebula violet; gravitational-lensing halos","","","","","","","","in-run gameplay","{""roles"":[""support""],""family"":""livingStructure"",""attackType"":""melee"",""xpTier"":""medium"",""statesNote"":""idle only — move/attack/death states are derived in code from this sprite""}"
"corona-guardian:idle","Corona Guardian","enemies","1","keyed","green","no green anywhere in this sprite's palette (green-keyed; see directive.colourLaw for substitutions)","in-run sprite (idle only — move/attack/death are code-derived)","top-down/side hybrid, facing north","256x256, trimmed","","Corona Guardian, supportUnit","Its shell is the same plasma that would otherwise burn everything nearby. It simply decided not to let go of it.","Celestial Conclave","solar plasma gold-white / nebula violet; gravitational-lensing halos","","","","","","","","in-run gameplay","{""roles"":[""tank""],""family"":""supportUnit"",""attackType"":""melee"",""xpTier"":""large"",""statesNote"":""idle only — move/attack/death states are derived in code from this sprite""}"
"living-supernova:idle","Living Supernova","enemies","1","keyed","green","no green anywhere in this sprite's palette (green-keyed; see directive.colourLaw for substitutions)","in-run sprite (idle only — move/attack/death are code-derived)","top-down/side hybrid, facing north","256x256, trimmed","","Living Supernova, machineUnit","It has already died once, on a scale nothing nearby can measure. It kept most of what it was anyway.","Celestial Conclave","solar plasma gold-white / nebula violet; gravitational-lensing halos","","","","","","","","in-run gameplay","{""roles"":[""elite"",""tank""],""family"":""machineUnit"",""attackType"":""nova"",""xpTier"":""elite"",""statesNote"":""idle only — move/attack/death states are derived in code from this sprite""}"
"lost-scout:idle","Lost Scout","enemies","1","keyed","green","no green anywhere in this sprite's palette (green-keyed; see directive.colourLaw for substitutions)","in-run sprite (idle only — move/attack/death are code-derived)","top-down/side hybrid, facing north","256x256, trimmed","","Lost Scout, scout","Still flying its original survey pattern, decades after the survey ended. It only breaks pattern when something comes close.","The Eclipsed","grey hull / purple corruption / pale memory white; damaged armour, flickering lights, broken insignias, ghost-like","","","","","","","","in-run gameplay","{""roles"":[""chaser"",""ambusher""],""family"":""scout"",""attackType"":""melee"",""xpTier"":""small"",""statesNote"":""idle only — move/attack/death states are derived in code from this sprite""}"
"broken-pilot:idle","Broken Pilot","enemies","1","keyed","green","no green anywhere in this sprite's palette (green-keyed; see directive.colourLaw for substitutions)","in-run sprite (idle only — move/attack/death are code-derived)","top-down/side hybrid, facing north","256x256, trimmed","","Broken Pilot, fighter","The flying is still perfect. Whoever taught them would be proud, if the rest of them were still there to be proud of.","The Eclipsed","grey hull / purple corruption / pale memory white; damaged armour, flickering lights, broken insignias, ghost-like","","","","","","","","in-run gameplay","{""roles"":[""flanker""],""family"":""fighter"",""attackType"":""projectile"",""xpTier"":""medium"",""statesNote"":""idle only — move/attack/death states are derived in code from this sprite""}"
"echo-drone:idle","Echo Drone","enemies","1","keyed","green","no green anywhere in this sprite's palette (green-keyed; see directive.colourLaw for substitutions)","in-run sprite (idle only — move/attack/death are code-derived)","top-down/side hybrid, facing north","256x256, trimmed","","Echo Drone, drone","It broadcasts fragments of its expedition's final week on loop. It does not know the transmission ended years ago.","The Eclipsed","grey hull / purple corruption / pale memory white; damaged armour, flickering lights, broken insignias, ghost-like","","","","","","","","in-run gameplay","{""roles"":[""disruptor""],""family"":""drone"",""attackType"":""melee"",""xpTier"":""small"",""statesNote"":""idle only — move/attack/death states are derived in code from this sprite""}"
"memory-warden:idle","Memory Warden","enemies","1","keyed","green","no green anywhere in this sprite's palette (green-keyed; see directive.colourLaw for substitutions)","in-run sprite (idle only — move/attack/death are code-derived)","top-down/side hybrid, facing north","256x256, trimmed","","Memory Warden, supportUnit","It carries the crew manifest and reads it to the others. As long as it survives, they remember being people a little longer.","The Eclipsed","grey hull / purple corruption / pale memory white; damaged armour, flickering lights, broken insignias, ghost-like","","","","","","","","in-run gameplay","{""roles"":[""support""],""family"":""supportUnit"",""attackType"":""melee"",""xpTier"":""medium"",""statesNote"":""idle only — move/attack/death states are derived in code from this sprite""}"
"fallen-guardian:idle","Fallen Guardian","enemies","1","keyed","green","no green anywhere in this sprite's palette (green-keyed; see directive.colourLaw for substitutions)","in-run sprite (idle only — move/attack/death are code-derived)","top-down/side hybrid, facing north","256x256, trimmed","","Fallen Guardian, heavyAssault","It was the one that stayed behind so the others could run. It is still holding that line. There is nothing behind it any more.","The Eclipsed","grey hull / purple corruption / pale memory white; damaged armour, flickering lights, broken insignias, ghost-like","","","","","","","","in-run gameplay","{""roles"":[""tank""],""family"":""heavyAssault"",""attackType"":""melee"",""xpTier"":""large"",""statesNote"":""idle only — move/attack/death states are derived in code from this sprite""}"
"eclipsed-champion:idle","Eclipsed Champion","enemies","1","keyed","green","no green anywhere in this sprite's palette (green-keyed; see directive.colourLaw for substitutions)","in-run sprite (idle only — move/attack/death are code-derived)","top-down/side hybrid, facing north","256x256, trimmed","","Eclipsed Champion, heavyAssault","A Commander, once. The service record is still legible on the hull. The name on it is the reward for winning.","The Eclipsed","grey hull / purple corruption / pale memory white; damaged armour, flickering lights, broken insignias, ghost-like","","","","","","","","in-run gameplay","{""roles"":[""elite"",""tank"",""commander""],""family"":""heavyAssault"",""attackType"":""projectile"",""xpTier"":""elite"",""statesNote"":""idle only — move/attack/death states are derived in code from this sprite""}"
"hollow-sentinel:model","The Hollow Sentinel","boss","1","keyed","green","no green anywhere in this sprite's palette (green-keyed; see directive.colourLaw for substitutions)","boss sprite/model render","top-down/side hybrid, facing north","1024x1024, trimmed","","The Hollow Sentinel, ""Last Watcher of the Drift""","It has guarded an empty vault for ten thousand years. It no longer remembers what was inside.","Ancient Guardian Remnant","","","","","","","","","in-run boss encounters (base model reused at scale for World Boss / Mini Boss variants)","{""family"":""ancientGuardian"",""phases"":[{""id"":""phase-1-siege"",""attack"":""projectile"",""mechanic"":""projectilePatterns""},{""id"":""phase-2-collapse"",""attack"":""nova"",""mechanic"":""arenaManipulation""},{""id"":""phase-3-chaos"",""attack"":""missile"",""mechanic"":""areaDenial""},{""id"":""phase-4-signature"",""attack"":""beam"",""mechanic"":""energyBeams""}],""weakPoint"":""core-eye""}"
"hollow-sentinel:phase-1-siege","phase-1-siege","boss","1","additive","","","VFX (single frame or short frame sheet)","","256x256 per frame","","phase-1-siege (phase-1-siege)","It has guarded an empty vault for ten thousand years. It no longer remembers what was inside.","Ancient Guardian Remnant","","","","","","","","","in-run boss encounters (base model reused at scale for World Boss / Mini Boss variants)","{""family"":""ancientGuardian"",""phases"":[{""id"":""phase-1-siege"",""attack"":""projectile"",""mechanic"":""projectilePatterns""},{""id"":""phase-2-collapse"",""attack"":""nova"",""mechanic"":""arenaManipulation""},{""id"":""phase-3-chaos"",""attack"":""missile"",""mechanic"":""areaDenial""},{""id"":""phase-4-signature"",""attack"":""beam"",""mechanic"":""energyBeams""}],""weakPoint"":""core-eye""}"
"hollow-sentinel:phase-2-collapse","phase-2-collapse","boss","1","additive","","","VFX (single frame or short frame sheet)","","256x256 per frame","","phase-2-collapse (phase-2-collapse)","It has guarded an empty vault for ten thousand years. It no longer remembers what was inside.","Ancient Guardian Remnant","","","","","","","","","in-run boss encounters (base model reused at scale for World Boss / Mini Boss variants)","{""family"":""ancientGuardian"",""phases"":[{""id"":""phase-1-siege"",""attack"":""projectile"",""mechanic"":""projectilePatterns""},{""id"":""phase-2-collapse"",""attack"":""nova"",""mechanic"":""arenaManipulation""},{""id"":""phase-3-chaos"",""attack"":""missile"",""mechanic"":""areaDenial""},{""id"":""phase-4-signature"",""attack"":""beam"",""mechanic"":""energyBeams""}],""weakPoint"":""core-eye""}"
"hollow-sentinel:phase-3-chaos","phase-3-chaos","boss","1","additive","","","VFX (single frame or short frame sheet)","","256x256 per frame","","phase-3-chaos (phase-3-chaos)","It has guarded an empty vault for ten thousand years. It no longer remembers what was inside.","Ancient Guardian Remnant","","","","","","","","","in-run boss encounters (base model reused at scale for World Boss / Mini Boss variants)","{""family"":""ancientGuardian"",""phases"":[{""id"":""phase-1-siege"",""attack"":""projectile"",""mechanic"":""projectilePatterns""},{""id"":""phase-2-collapse"",""attack"":""nova"",""mechanic"":""arenaManipulation""},{""id"":""phase-3-chaos"",""attack"":""missile"",""mechanic"":""areaDenial""},{""id"":""phase-4-signature"",""attack"":""beam"",""mechanic"":""energyBeams""}],""weakPoint"":""core-eye""}"
"hollow-sentinel:phase-4-signature","phase-4-signature","boss","1","additive","","","VFX (single frame or short frame sheet)","","256x256 per frame","","phase-4-signature (phase-4-signature)","It has guarded an empty vault for ten thousand years. It no longer remembers what was inside.","Ancient Guardian Remnant","","","","","","","","","in-run boss encounters (base model reused at scale for World Boss / Mini Boss variants)","{""family"":""ancientGuardian"",""phases"":[{""id"":""phase-1-siege"",""attack"":""projectile"",""mechanic"":""projectilePatterns""},{""id"":""phase-2-collapse"",""attack"":""nova"",""mechanic"":""arenaManipulation""},{""id"":""phase-3-chaos"",""attack"":""missile"",""mechanic"":""areaDenial""},{""id"":""phase-4-signature"",""attack"":""beam"",""mechanic"":""energyBeams""}],""weakPoint"":""core-eye""}"
"hollow-sentinel:weakpoint:core-eye","core-eye","boss","1","additive","","","VFX (single frame or short frame sheet)","","256x256 per frame","","core-eye (core-eye)","It has guarded an empty vault for ten thousand years. It no longer remembers what was inside.","Ancient Guardian Remnant","","","","","","","","","in-run boss encounters (base model reused at scale for World Boss / Mini Boss variants)","{""family"":""ancientGuardian"",""phases"":[{""id"":""phase-1-siege"",""attack"":""projectile"",""mechanic"":""projectilePatterns""},{""id"":""phase-2-collapse"",""attack"":""nova"",""mechanic"":""arenaManipulation""},{""id"":""phase-3-chaos"",""attack"":""missile"",""mechanic"":""areaDenial""},{""id"":""phase-4-signature"",""attack"":""beam"",""mechanic"":""energyBeams""}],""weakPoint"":""core-eye""}"
"hollow-sentinel:enrage","enrage","boss","1","additive","","","VFX (single frame or short frame sheet)","","256x256 per frame","","enrage (enrage)","It has guarded an empty vault for ten thousand years. It no longer remembers what was inside.","Ancient Guardian Remnant","","","","","","","","","in-run boss encounters (base model reused at scale for World Boss / Mini Boss variants)","{""family"":""ancientGuardian"",""phases"":[{""id"":""phase-1-siege"",""attack"":""projectile"",""mechanic"":""projectilePatterns""},{""id"":""phase-2-collapse"",""attack"":""nova"",""mechanic"":""arenaManipulation""},{""id"":""phase-3-chaos"",""attack"":""missile"",""mechanic"":""areaDenial""},{""id"":""phase-4-signature"",""attack"":""beam"",""mechanic"":""energyBeams""}],""weakPoint"":""core-eye""}"
"reyes-longlight:portrait","Ilsa Reyes","commanders","2","keyed","green","no green anywhere in this sprite's palette (green-keyed; see directive.colourLaw for substitutions)","character portrait","head-and-shoulders","512x512","","Ilsa Reyes ""Longlight""","","Human Alliance","","","","","","","","","recruitment/roster/loadout screens, dialogue framing","{""archetype"":""assault"",""commanderClass"":""assault"",""biography"":""The last gunnery officer of a fleet that no longer exists."",""designBrief"":""Scorched fleet-grey plate, one gold epaulette from a decommissioned uniform, targeting monocle always lit.""}"
"reyes-longlight:sprite","Ilsa Reyes","commanders","2","keyed","green","no green anywhere in this sprite's palette (green-keyed; see directive.colourLaw for substitutions)","in-run sprite","full body, facing north","256x256, trimmed","","Ilsa Reyes ""Longlight""","","Human Alliance","","","","","","","","","in-run gameplay","{""archetype"":""assault"",""commanderClass"":""assault"",""biography"":""The last gunnery officer of a fleet that no longer exists."",""designBrief"":""Scorched fleet-grey plate, one gold epaulette from a decommissioned uniform, targeting monocle always lit.""}"
"reyes-longlight:ultimate-vfx","Ilsa Reyes","commanders","2","additive","","","VFX (single frame or short frame sheet)","","256x256 per frame","","ultimate ability ""Orbital Strike""","","Human Alliance","","","","","","","","","in-run gameplay","{""archetype"":""assault"",""commanderClass"":""assault"",""biography"":""The last gunnery officer of a fleet that no longer exists."",""designBrief"":""Scorched fleet-grey plate, one gold epaulette from a decommissioned uniform, targeting monocle always lit.""}"
"vek-ironhull:portrait","Vek Tarn","commanders","2","keyed","green","no green anywhere in this sprite's palette (green-keyed; see directive.colourLaw for substitutions)","character portrait","head-and-shoulders","512x512","","Vek Tarn ""Ironhull""","","Machine Collective","","","","","","","","","recruitment/roster/loadout screens, dialogue framing","{""archetype"":""guardian"",""commanderClass"":""defender"",""biography"":""Rebuilt three times. Remembers all three deaths."",""designBrief"":""Salvage-plated bulk, three weld-seams across the chest — one per death — running lights set to dim amber.""}"
"vek-ironhull:sprite","Vek Tarn","commanders","2","keyed","green","no green anywhere in this sprite's palette (green-keyed; see directive.colourLaw for substitutions)","in-run sprite","full body, facing north","256x256, trimmed","","Vek Tarn ""Ironhull""","","Machine Collective","","","","","","","","","in-run gameplay","{""archetype"":""guardian"",""commanderClass"":""defender"",""biography"":""Rebuilt three times. Remembers all three deaths."",""designBrief"":""Salvage-plated bulk, three weld-seams across the chest — one per death — running lights set to dim amber.""}"
"vek-ironhull:ultimate-vfx","Vek Tarn","commanders","2","additive","","","VFX (single frame or short frame sheet)","","256x256 per frame","","ultimate ability ""Planetary Defence Grid""","","Machine Collective","","","","","","","","","in-run gameplay","{""archetype"":""guardian"",""commanderClass"":""defender"",""biography"":""Rebuilt three times. Remembers all three deaths."",""designBrief"":""Salvage-plated bulk, three weld-seams across the chest — one per death — running lights set to dim amber.""}"
"vael-meridian:portrait","Dr. Sen Vael","commanders","2","keyed","green","no green anywhere in this sprite's palette (green-keyed; see directive.colourLaw for substitutions)","character portrait","head-and-shoulders","512x512","","Dr. Sen Vael ""Meridian""","","Human Alliance","","","","","","","","","recruitment/roster/loadout screens, dialogue framing","{""archetype"":""crystalSpecialist"",""commanderClass"":""scientist"",""biography"":""Wrote the paper proving the Afterlight Network was artificial. Has spent every year since trying to be wrong about the second half."",""designBrief"":""Field-research whites gone expedition-grey, sample vials in bandolier rows, annotating everything mid-fight.""}"
"vael-meridian:sprite","Dr. Sen Vael","commanders","2","keyed","green","no green anywhere in this sprite's palette (green-keyed; see directive.colourLaw for substitutions)","in-run sprite","full body, facing north","256x256, trimmed","","Dr. Sen Vael ""Meridian""","","Human Alliance","","","","","","","","","in-run gameplay","{""archetype"":""crystalSpecialist"",""commanderClass"":""scientist"",""biography"":""Wrote the paper proving the Afterlight Network was artificial. Has spent every year since trying to be wrong about the second half."",""designBrief"":""Field-research whites gone expedition-grey, sample vials in bandolier rows, annotating everything mid-fight.""}"
"vael-meridian:ultimate-vfx","Dr. Sen Vael","commanders","2","additive","","","VFX (single frame or short frame sheet)","","256x256 per frame","","ultimate ability ""Field Breakthrough""","","Human Alliance","","","","","","","","","in-run gameplay","{""archetype"":""crystalSpecialist"",""commanderClass"":""scientist"",""biography"":""Wrote the paper proving the Afterlight Network was artificial. Has spent every year since trying to be wrong about the second half."",""designBrief"":""Field-research whites gone expedition-grey, sample vials in bandolier rows, annotating everything mid-fight.""}"
"okoye-torque:portrait","Jelan Okoye","commanders","2","keyed","green","no green anywhere in this sprite's palette (green-keyed; see directive.colourLaw for substitutions)","character portrait","head-and-shoulders","512x512","","Jelan Okoye ""Torque""","","Human Alliance","","","","","","","","","recruitment/roster/loadout screens, dialogue framing","{""archetype"":""engineer"",""commanderClass"":""engineer"",""biography"":""Kept a generation ship running for forty years with spare parts and spite. The restoration is just a bigger engine room."",""designBrief"":""Grease-marked utility rig, magnetic tool bandolier, one glove always off.""}"
"okoye-torque:sprite","Jelan Okoye","commanders","2","keyed","green","no green anywhere in this sprite's palette (green-keyed; see directive.colourLaw for substitutions)","in-run sprite","full body, facing north","256x256, trimmed","","Jelan Okoye ""Torque""","","Human Alliance","","","","","","","","","in-run gameplay","{""archetype"":""engineer"",""commanderClass"":""engineer"",""biography"":""Kept a generation ship running for forty years with spare parts and spite. The restoration is just a bigger engine room."",""designBrief"":""Grease-marked utility rig, magnetic tool bandolier, one glove always off.""}"
"okoye-torque:ultimate-vfx","Jelan Okoye","commanders","2","additive","","","VFX (single frame or short frame sheet)","","256x256 per frame","","ultimate ability ""Total Overhaul""","","Human Alliance","","","","","","","","","in-run gameplay","{""archetype"":""engineer"",""commanderClass"":""engineer"",""biography"":""Kept a generation ship running for forty years with spare parts and spite. The restoration is just a bigger engine room."",""designBrief"":""Grease-marked utility rig, magnetic tool bandolier, one glove always off.""}"
"naru-whisper:portrait","Ai Naru","commanders","2","keyed","green","no green anywhere in this sprite's palette (green-keyed; see directive.colourLaw for substitutions)","character portrait","head-and-shoulders","512x512","","Ai Naru ""Whisper""","","Stellar Nomads","","","","","","","","","recruitment/roster/loadout screens, dialogue framing","{""archetype"":""recon"",""commanderClass"":""recon"",""biography"":""Flew pathfinder for three convoys that never lost a ship. The dark isn't empty, she says. It's just quiet."",""designBrief"":""Matte convoy leathers, route-tattoos on both forearms, engine trail dimmed to a breath.""}"
"naru-whisper:sprite","Ai Naru","commanders","2","keyed","green","no green anywhere in this sprite's palette (green-keyed; see directive.colourLaw for substitutions)","in-run sprite","full body, facing north","256x256, trimmed","","Ai Naru ""Whisper""","","Stellar Nomads","","","","","","","","","in-run gameplay","{""archetype"":""recon"",""commanderClass"":""recon"",""biography"":""Flew pathfinder for three convoys that never lost a ship. The dark isn't empty, she says. It's just quiet."",""designBrief"":""Matte convoy leathers, route-tattoos on both forearms, engine trail dimmed to a breath.""}"
"naru-whisper:ultimate-vfx","Ai Naru","commanders","2","additive","","","VFX (single frame or short frame sheet)","","256x256 per frame","","ultimate ability ""Pathfinder Protocol""","","Stellar Nomads","","","","","","","","","in-run gameplay","{""archetype"":""recon"",""commanderClass"":""recon"",""biography"":""Flew pathfinder for three convoys that never lost a ship. The dark isn't empty, she says. It's just quiet."",""designBrief"":""Matte convoy leathers, route-tattoos on both forearms, engine trail dimmed to a breath.""}"
"vex-longfang:portrait","Dain Vex","commanders","2","keyed","green","no green anywhere in this sprite's palette (green-keyed; see directive.colourLaw for substitutions)","character portrait","head-and-shoulders","512x512","","Dain Vex ""Longfang""","","Outlaw Havens","","","","","","","","","recruitment/roster/loadout screens, dialogue framing","{""archetype"":""recon"",""commanderClass"":""recon"",""biography"":""Hunted salvage claim-jumpers for the havens until the restoration offered better prey: everything the dark sends."",""designBrief"":""Trophy-notched hull plating, one optic permanently zeroed, moves like a slow question.""}"
"vex-longfang:sprite","Dain Vex","commanders","2","keyed","green","no green anywhere in this sprite's palette (green-keyed; see directive.colourLaw for substitutions)","in-run sprite","full body, facing north","256x256, trimmed","","Dain Vex ""Longfang""","","Outlaw Havens","","","","","","","","","in-run gameplay","{""archetype"":""recon"",""commanderClass"":""recon"",""biography"":""Hunted salvage claim-jumpers for the havens until the restoration offered better prey: everything the dark sends."",""designBrief"":""Trophy-notched hull plating, one optic permanently zeroed, moves like a slow question.""}"
"vex-longfang:ultimate-vfx","Dain Vex","commanders","2","additive","","","VFX (single frame or short frame sheet)","","256x256 per frame","","ultimate ability ""Apex Hour""","","Outlaw Havens","","","","","","","","","in-run gameplay","{""archetype"":""recon"",""commanderClass"":""recon"",""biography"":""Hunted salvage claim-jumpers for the havens until the restoration offered better prey: everything the dark sends."",""designBrief"":""Trophy-notched hull plating, one optic permanently zeroed, moves like a slow question.""}"
"holt-thunderline:portrait","Petra Holt","commanders","2","keyed","green","no green anywhere in this sprite's palette (green-keyed; see directive.colourLaw for substitutions)","character portrait","head-and-shoulders","512x512","","Petra Holt ""Thunderline""","","Human Alliance","","","","","","","","","recruitment/roster/loadout screens, dialogue framing","{""archetype"":""orbitalCommander"",""commanderClass"":""assault"",""biography"":""Commanded the orbital batteries at the Collapse's last stand. Never stopped believing in preparation as a weapon."",""designBrief"":""Battery-command greatcoat, ranging monocle, chalk still on her gloves from the plotting table.""}"
"holt-thunderline:sprite","Petra Holt","commanders","2","keyed","green","no green anywhere in this sprite's palette (green-keyed; see directive.colourLaw for substitutions)","in-run sprite","full body, facing north","256x256, trimmed","","Petra Holt ""Thunderline""","","Human Alliance","","","","","","","","","in-run gameplay","{""archetype"":""orbitalCommander"",""commanderClass"":""assault"",""biography"":""Commanded the orbital batteries at the Collapse's last stand. Never stopped believing in preparation as a weapon."",""designBrief"":""Battery-command greatcoat, ranging monocle, chalk still on her gloves from the plotting table.""}"
"holt-thunderline:ultimate-vfx","Petra Holt","commanders","2","additive","","","VFX (single frame or short frame sheet)","","256x256 per frame","","ultimate ability ""Grid Bombardment""","","Human Alliance","","","","","","","","","in-run gameplay","{""archetype"":""orbitalCommander"",""commanderClass"":""assault"",""biography"":""Commanded the orbital batteries at the Collapse's last stand. Never stopped believing in preparation as a weapon."",""designBrief"":""Battery-command greatcoat, ranging monocle, chalk still on her gloves from the plotting table.""}"
"anders-cipher:portrait","Rell Anders","commanders","2","keyed","green","no green anywhere in this sprite's palette (green-keyed; see directive.colourLaw for substitutions)","character portrait","head-and-shoulders","512x512","","Rell Anders ""Cipher""","","Independent","","","","","","","","","recruitment/roster/loadout screens, dialogue framing","{""archetype"":""prototypePilot"",""commanderClass"":""experimental"",""biography"":""Speaks four machine dialects and one the Machines pretend not to recognise. Systems open for them like doors."",""designBrief"":""Cable-laced duster, glyph projections orbiting one wrist, never quite looking at you.""}"
"anders-cipher:sprite","Rell Anders","commanders","2","keyed","green","no green anywhere in this sprite's palette (green-keyed; see directive.colourLaw for substitutions)","in-run sprite","full body, facing north","256x256, trimmed","","Rell Anders ""Cipher""","","Independent","","","","","","","","","in-run gameplay","{""archetype"":""prototypePilot"",""commanderClass"":""experimental"",""biography"":""Speaks four machine dialects and one the Machines pretend not to recognise. Systems open for them like doors."",""designBrief"":""Cable-laced duster, glyph projections orbiting one wrist, never quite looking at you.""}"
"anders-cipher:ultimate-vfx","Rell Anders","commanders","2","additive","","","VFX (single frame or short frame sheet)","","256x256 per frame","","ultimate ability ""Root Access""","","Independent","","","","","","","","","in-run gameplay","{""archetype"":""prototypePilot"",""commanderClass"":""experimental"",""biography"":""Speaks four machine dialects and one the Machines pretend not to recognise. Systems open for them like doors."",""designBrief"":""Cable-laced duster, glyph projections orbiting one wrist, never quite looking at you.""}"
"kite-aviary:portrait","Suno Kite","commanders","2","keyed","green","no green anywhere in this sprite's palette (green-keyed; see directive.colourLaw for substitutions)","character portrait","head-and-shoulders","512x512","","Suno Kite ""Aviary""","","Stellar Nomads","","","","","","","","","recruitment/roster/loadout screens, dialogue framing","{""archetype"":""droneCommander"",""commanderClass"":""hybrid"",""biography"":""Raised a flock of salvage drones from junked parts. They follow without being told. Nobody knows how, including Suno."",""designBrief"":""Perch-scarred shoulder plating, a drone always idling at each shoulder like patient birds.""}"
"kite-aviary:sprite","Suno Kite","commanders","2","keyed","green","no green anywhere in this sprite's palette (green-keyed; see directive.colourLaw for substitutions)","in-run sprite","full body, facing north","256x256, trimmed","","Suno Kite ""Aviary""","","Stellar Nomads","","","","","","","","","in-run gameplay","{""archetype"":""droneCommander"",""commanderClass"":""hybrid"",""biography"":""Raised a flock of salvage drones from junked parts. They follow without being told. Nobody knows how, including Suno."",""designBrief"":""Perch-scarred shoulder plating, a drone always idling at each shoulder like patient birds.""}"
"kite-aviary:ultimate-vfx","Suno Kite","commanders","2","additive","","","VFX (single frame or short frame sheet)","","256x256 per frame","","ultimate ability ""Full Wing""","","Stellar Nomads","","","","","","","","","in-run gameplay","{""archetype"":""droneCommander"",""commanderClass"":""hybrid"",""biography"":""Raised a flock of salvage drones from junked parts. They follow without being told. Nobody knows how, including Suno."",""designBrief"":""Perch-scarred shoulder plating, a drone always idling at each shoulder like patient birds.""}"
"sel-keystone:portrait","Mara Sel","commanders","2","keyed","green","no green anywhere in this sprite's palette (green-keyed; see directive.colourLaw for substitutions)","character portrait","head-and-shoulders","512x512","","Mara Sel ""Keystone""","","Independent","","","","","","","","","recruitment/roster/loadout screens, dialogue framing","{""archetype"":""voidSpecialist"",""commanderClass"":""experimental"",""biography"":""Survived a gravity-well collapse that should have folded her ship into a point. Came back understanding weight."",""designBrief"":""Counterweighted rig that hangs wrong in every gravity, hair drifting a half-second late.""}"
"sel-keystone:sprite","Mara Sel","commanders","2","keyed","green","no green anywhere in this sprite's palette (green-keyed; see directive.colourLaw for substitutions)","in-run sprite","full body, facing north","256x256, trimmed","","Mara Sel ""Keystone""","","Independent","","","","","","","","","in-run gameplay","{""archetype"":""voidSpecialist"",""commanderClass"":""experimental"",""biography"":""Survived a gravity-well collapse that should have folded her ship into a point. Came back understanding weight."",""designBrief"":""Counterweighted rig that hangs wrong in every gravity, hair drifting a half-second late.""}"
"sel-keystone:ultimate-vfx","Mara Sel","commanders","2","additive","","","VFX (single frame or short frame sheet)","","256x256 per frame","","ultimate ability ""Collapse Point""","","Independent","","","","","","","","","in-run gameplay","{""archetype"":""voidSpecialist"",""commanderClass"":""experimental"",""biography"":""Survived a gravity-well collapse that should have folded her ship into a point. Came back understanding weight."",""designBrief"":""Counterweighted rig that hangs wrong in every gravity, hair drifting a half-second late.""}"
"vane-chord:portrait","Ilex Vane","commanders","2","keyed","magenta","no magenta anywhere in this sprite's palette (magenta-keyed)","character portrait","head-and-shoulders","512x512","","Ilex Vane ""Chord""","","Crystal Dominion","","","","","","","","","recruitment/roster/loadout screens, dialogue framing","{""archetype"":""crystalSpecialist"",""commanderClass"":""scientist"",""biography"":""The only human the Dominion's ecosystems sing back to. The Ascendancy finds this hilarious, or possibly holy."",""designBrief"":""Lattice-grown plating that chimes when struck, tuning forks where medals would go.""}"
"vane-chord:sprite","Ilex Vane","commanders","2","keyed","magenta","no magenta anywhere in this sprite's palette (magenta-keyed)","in-run sprite","full body, facing north","256x256, trimmed","","Ilex Vane ""Chord""","","Crystal Dominion","","","","","","","","","in-run gameplay","{""archetype"":""crystalSpecialist"",""commanderClass"":""scientist"",""biography"":""The only human the Dominion's ecosystems sing back to. The Ascendancy finds this hilarious, or possibly holy."",""designBrief"":""Lattice-grown plating that chimes when struck, tuning forks where medals would go.""}"
"vane-chord:ultimate-vfx","Ilex Vane","commanders","2","additive","","","VFX (single frame or short frame sheet)","","256x256 per frame","","ultimate ability ""Full Chorus""","","Crystal Dominion","","","","","","","","","in-run gameplay","{""archetype"":""crystalSpecialist"",""commanderClass"":""scientist"",""biography"":""The only human the Dominion's ecosystems sing back to. The Ascendancy finds this hilarious, or possibly holy."",""designBrief"":""Lattice-grown plating that chimes when struck, tuning forks where medals would go.""}"
"kael-nadir:portrait","Dr. Oshen Kael","commanders","2","keyed","green","no green anywhere in this sprite's palette (green-keyed; see directive.colourLaw for substitutions)","character portrait","head-and-shoulders","512x512","","Dr. Oshen Kael ""Nadir""","","Independent","","","","","","","","","recruitment/roster/loadout screens, dialogue framing","{""archetype"":""voidSpecialist"",""commanderClass"":""scientist"",""biography"":""Studies the Void the way you study a predator: from inside the enclosure, taking excellent notes."",""designBrief"":""Containment-grade fieldsuit annotated in grease pencil, sample vials that occasionally move.""}"
"kael-nadir:sprite","Dr. Oshen Kael","commanders","2","keyed","green","no green anywhere in this sprite's palette (green-keyed; see directive.colourLaw for substitutions)","in-run sprite","full body, facing north","256x256, trimmed","","Dr. Oshen Kael ""Nadir""","","Independent","","","","","","","","","in-run gameplay","{""archetype"":""voidSpecialist"",""commanderClass"":""scientist"",""biography"":""Studies the Void the way you study a predator: from inside the enclosure, taking excellent notes."",""designBrief"":""Containment-grade fieldsuit annotated in grease pencil, sample vials that occasionally move.""}"
"kael-nadir:ultimate-vfx","Dr. Oshen Kael","commanders","2","additive","","","VFX (single frame or short frame sheet)","","256x256 per frame","","ultimate ability ""Publish or Perish""","","Independent","","","","","","","","","in-run gameplay","{""archetype"":""voidSpecialist"",""commanderClass"":""scientist"",""biography"":""Studies the Void the way you study a predator: from inside the enclosure, taking excellent notes."",""designBrief"":""Containment-grade fieldsuit annotated in grease pencil, sample vials that occasionally move.""}"
"farr-redline:portrait","Juno Farr","commanders","2","keyed","green","no green anywhere in this sprite's palette (green-keyed; see directive.colourLaw for substitutions)","character portrait","head-and-shoulders","512x512","","Juno Farr ""Redline""","","Independent","","","","","","","","","recruitment/roster/loadout screens, dialogue framing","{""archetype"":""prototypePilot"",""commanderClass"":""experimental"",""biography"":""Test-flew eleven prototypes the Protocol abandoned. Crashed nine. Bonded with the tenth. Nobody discusses the eleventh."",""designBrief"":""Mismatched prototype plating with eleven tally marks, one fresh weld always cooling.""}"
"farr-redline:sprite","Juno Farr","commanders","2","keyed","green","no green anywhere in this sprite's palette (green-keyed; see directive.colourLaw for substitutions)","in-run sprite","full body, facing north","256x256, trimmed","","Juno Farr ""Redline""","","Independent","","","","","","","","","in-run gameplay","{""archetype"":""prototypePilot"",""commanderClass"":""experimental"",""biography"":""Test-flew eleven prototypes the Protocol abandoned. Crashed nine. Bonded with the tenth. Nobody discusses the eleventh."",""designBrief"":""Mismatched prototype plating with eleven tally marks, one fresh weld always cooling.""}"
"farr-redline:ultimate-vfx","Juno Farr","commanders","2","additive","","","VFX (single frame or short frame sheet)","","256x256 per frame","","ultimate ability ""Eleventh Prototype""","","Independent","","","","","","","","","in-run gameplay","{""archetype"":""prototypePilot"",""commanderClass"":""experimental"",""biography"":""Test-flew eleven prototypes the Protocol abandoned. Crashed nine. Bonded with the tenth. Nobody discusses the eleventh."",""designBrief"":""Mismatched prototype plating with eleven tally marks, one fresh weld always cooling.""}"
"iman-relay:portrait","Sera Iman","commanders","2","keyed","green","no green anywhere in this sprite's palette (green-keyed; see directive.colourLaw for substitutions)","character portrait","head-and-shoulders","512x512","","Sera Iman ""Relay""","","Human Alliance","","","","","","","","","recruitment/roster/loadout screens, dialogue framing","{""archetype"":""support"",""commanderClass"":""support"",""biography"":""Carries an Afterlight key that predates her family's records. The Network's doors open before she knocks."",""designBrief"":""Courier greys with a single precursor-white gauntlet, the key worn openly — a statement.""}"
"iman-relay:sprite","Sera Iman","commanders","2","keyed","green","no green anywhere in this sprite's palette (green-keyed; see directive.colourLaw for substitutions)","in-run sprite","full body, facing north","256x256, trimmed","","Sera Iman ""Relay""","","Human Alliance","","","","","","","","","in-run gameplay","{""archetype"":""support"",""commanderClass"":""support"",""biography"":""Carries an Afterlight key that predates her family's records. The Network's doors open before she knocks."",""designBrief"":""Courier greys with a single precursor-white gauntlet, the key worn openly — a statement.""}"
"iman-relay:ultimate-vfx","Sera Iman","commanders","2","additive","","","VFX (single frame or short frame sheet)","","256x256 per frame","","ultimate ability ""Open Every Door""","","Human Alliance","","","","","","","","","in-run gameplay","{""archetype"":""support"",""commanderClass"":""support"",""biography"":""Carries an Afterlight key that predates her family's records. The Network's doors open before she knocks."",""designBrief"":""Courier greys with a single precursor-white gauntlet, the key worn openly — a statement.""}"
"korr-wardbreaker:portrait","Thessaly Korr","commanders","2","keyed","green","no green anywhere in this sprite's palette (green-keyed; see directive.colourLaw for substitutions)","character portrait","head-and-shoulders","512x512","","Thessaly Korr ""Wardbreaker""","","Mercenary Guild","","","","","","","","","recruitment/roster/loadout screens, dialogue framing","{""archetype"":""guardian"",""commanderClass"":""defender"",""biography"":""Broke a Guild contract to pull civilians out of a burning evacuation instead of finishing the job she was paid for. The Guild fined her everything she owned. The restoration paid the fine."",""designBrief"":""Guild-issue plate re-forged into personal armour, contract seals filed off, one pauldron left blank on purpose.""}"
"korr-wardbreaker:sprite","Thessaly Korr","commanders","2","keyed","green","no green anywhere in this sprite's palette (green-keyed; see directive.colourLaw for substitutions)","in-run sprite","full body, facing north","256x256, trimmed","","Thessaly Korr ""Wardbreaker""","","Mercenary Guild","","","","","","","","","in-run gameplay","{""archetype"":""guardian"",""commanderClass"":""defender"",""biography"":""Broke a Guild contract to pull civilians out of a burning evacuation instead of finishing the job she was paid for. The Guild fined her everything she owned. The restoration paid the fine."",""designBrief"":""Guild-issue plate re-forged into personal armour, contract seals filed off, one pauldron left blank on purpose.""}"
"korr-wardbreaker:ultimate-vfx","Thessaly Korr","commanders","2","additive","","","VFX (single frame or short frame sheet)","","256x256 per frame","","ultimate ability ""Guild Writ Enforced""","","Mercenary Guild","","","","","","","","","in-run gameplay","{""archetype"":""guardian"",""commanderClass"":""defender"",""biography"":""Broke a Guild contract to pull civilians out of a burning evacuation instead of finishing the job she was paid for. The Guild fined her everything she owned. The restoration paid the fine."",""designBrief"":""Guild-issue plate re-forged into personal armour, contract seals filed off, one pauldron left blank on purpose.""}"
"voss-lanternkeep:portrait","Dr. Imara Voss","commanders","2","keyed","green","no green anywhere in this sprite's palette (green-keyed; see directive.colourLaw for substitutions)","character portrait","head-and-shoulders","512x512","","Dr. Imara Voss ""Lanternkeep""","","Ancient Custodians","","","","","","","","","recruitment/roster/loadout screens, dialogue framing","{""archetype"":""recon"",""commanderClass"":""scientist"",""biography"":""Spent eleven years cataloguing First Light's collapsed archive by hand before the Custodians decided she'd earned the right to read what she'd catalogued. She still asks permission."",""designBrief"":""Archive-whites layered under a Custodian courtesy sash, a hand-lantern clipped at the hip out of habit, never electronic.""}"
"voss-lanternkeep:sprite","Dr. Imara Voss","commanders","2","keyed","green","no green anywhere in this sprite's palette (green-keyed; see directive.colourLaw for substitutions)","in-run sprite","full body, facing north","256x256, trimmed","","Dr. Imara Voss ""Lanternkeep""","","Ancient Custodians","","","","","","","","","in-run gameplay","{""archetype"":""recon"",""commanderClass"":""scientist"",""biography"":""Spent eleven years cataloguing First Light's collapsed archive by hand before the Custodians decided she'd earned the right to read what she'd catalogued. She still asks permission."",""designBrief"":""Archive-whites layered under a Custodian courtesy sash, a hand-lantern clipped at the hip out of habit, never electronic.""}"
"voss-lanternkeep:ultimate-vfx","Dr. Imara Voss","commanders","2","additive","","","VFX (single frame or short frame sheet)","","256x256 per frame","","ultimate ability ""Unsealed Index""","","Ancient Custodians","","","","","","","","","in-run gameplay","{""archetype"":""recon"",""commanderClass"":""scientist"",""biography"":""Spent eleven years cataloguing First Light's collapsed archive by hand before the Custodians decided she'd earned the right to read what she'd catalogued. She still asks permission."",""designBrief"":""Archive-whites layered under a Custodian courtesy sash, a hand-lantern clipped at the hip out of habit, never electronic.""}"
"devereux-static:portrait","Ash Devereux","commanders","2","keyed","green","no green anywhere in this sprite's palette (green-keyed; see directive.colourLaw for substitutions)","character portrait","head-and-shoulders","512x512","","Ash Devereux ""Static""","","Independent","","","","","","","","","recruitment/roster/loadout screens, dialogue framing","{""archetype"":""prototypePilot"",""commanderClass"":""experimental"",""biography"":""Flew reconnaissance for the Paragon Protocol until the Protocol reconnoitred a colony that hadn't done anything but exist. Defected mid-flight. Never fully trusts a clean scan again."",""designBrief"":""Stripped Protocol flight suit with every insignia burned off, a single unpatched scorch mark left where the Paragon crest used to sit.""}"
"devereux-static:sprite","Ash Devereux","commanders","2","keyed","green","no green anywhere in this sprite's palette (green-keyed; see directive.colourLaw for substitutions)","in-run sprite","full body, facing north","256x256, trimmed","","Ash Devereux ""Static""","","Independent","","","","","","","","","in-run gameplay","{""archetype"":""prototypePilot"",""commanderClass"":""experimental"",""biography"":""Flew reconnaissance for the Paragon Protocol until the Protocol reconnoitred a colony that hadn't done anything but exist. Defected mid-flight. Never fully trusts a clean scan again."",""designBrief"":""Stripped Protocol flight suit with every insignia burned off, a single unpatched scorch mark left where the Paragon crest used to sit.""}"
"devereux-static:ultimate-vfx","Ash Devereux","commanders","2","additive","","","VFX (single frame or short frame sheet)","","256x256 per frame","","ultimate ability ""Static Line""","","Independent","","","","","","","","","in-run gameplay","{""archetype"":""prototypePilot"",""commanderClass"":""experimental"",""biography"":""Flew reconnaissance for the Paragon Protocol until the Protocol reconnoitred a colony that hadn't done anything but exist. Defected mid-flight. Never fully trusts a clean scan again."",""designBrief"":""Stripped Protocol flight suit with every insignia burned off, a single unpatched scorch mark left where the Paragon crest used to sit.""}"
"okafor-halcyon:portrait","Rin Okafor","commanders","2","keyed","green","no green anywhere in this sprite's palette (green-keyed; see directive.colourLaw for substitutions)","character portrait","head-and-shoulders","512x512","","Rin Okafor ""Halcyon""","","Human Alliance","","","","","","","","","recruitment/roster/loadout screens, dialogue framing","{""archetype"":""support"",""commanderClass"":""support"",""biography"":""Combat medic who has personally stabilised more restoration personnel than any single ship has lost. Keeps a ledger of names, not casualties. The ledger is longer than the losses."",""designBrief"":""Field-medic whites gone road-worn, a hand-stitched ledger strapped where a sidearm would usually sit.""}"
"okafor-halcyon:sprite","Rin Okafor","commanders","2","keyed","green","no green anywhere in this sprite's palette (green-keyed; see directive.colourLaw for substitutions)","in-run sprite","full body, facing north","256x256, trimmed","","Rin Okafor ""Halcyon""","","Human Alliance","","","","","","","","","in-run gameplay","{""archetype"":""support"",""commanderClass"":""support"",""biography"":""Combat medic who has personally stabilised more restoration personnel than any single ship has lost. Keeps a ledger of names, not casualties. The ledger is longer than the losses."",""designBrief"":""Field-medic whites gone road-worn, a hand-stitched ledger strapped where a sidearm would usually sit.""}"
"okafor-halcyon:ultimate-vfx","Rin Okafor","commanders","2","additive","","","VFX (single frame or short frame sheet)","","256x256 per frame","","ultimate ability ""Halcyon Hour""","","Human Alliance","","","","","","","","","in-run gameplay","{""archetype"":""support"",""commanderClass"":""support"",""biography"":""Combat medic who has personally stabilised more restoration personnel than any single ship has lost. Keeps a ledger of names, not casualties. The ledger is longer than the losses."",""designBrief"":""Field-medic whites gone road-worn, a hand-stitched ledger strapped where a sidearm would usually sit.""}"
"ur-sella-chorus:portrait","Vantha Ur-Sella","commanders","2","keyed","magenta","no magenta anywhere in this sprite's palette (magenta-keyed)","character portrait","head-and-shoulders","512x512","","Vantha Ur-Sella ""Chorus""","","Crystal Dominion","","","","","","","","","recruitment/roster/loadout screens, dialogue framing","{""archetype"":""crystalSpecialist"",""commanderClass"":""scientist"",""biography"":""Diplomat-scientist who negotiates with the Dominion's resonant ecosystems as readily as with its Ascendancy. Says the crystals were the easier audience."",""designBrief"":""Diplomatic Dominion vestments grown, not sewn, from lattice-silk that shifts colour with her mood.""}"
"ur-sella-chorus:sprite","Vantha Ur-Sella","commanders","2","keyed","magenta","no magenta anywhere in this sprite's palette (magenta-keyed)","in-run sprite","full body, facing north","256x256, trimmed","","Vantha Ur-Sella ""Chorus""","","Crystal Dominion","","","","","","","","","in-run gameplay","{""archetype"":""crystalSpecialist"",""commanderClass"":""scientist"",""biography"":""Diplomat-scientist who negotiates with the Dominion's resonant ecosystems as readily as with its Ascendancy. Says the crystals were the easier audience."",""designBrief"":""Diplomatic Dominion vestments grown, not sewn, from lattice-silk that shifts colour with her mood.""}"
"ur-sella-chorus:ultimate-vfx","Vantha Ur-Sella","commanders","2","additive","","","VFX (single frame or short frame sheet)","","256x256 per frame","","ultimate ability ""Full Assembly""","","Crystal Dominion","","","","","","","","","in-run gameplay","{""archetype"":""crystalSpecialist"",""commanderClass"":""scientist"",""biography"":""Diplomat-scientist who negotiates with the Dominion's resonant ecosystems as readily as with its Ascendancy. Says the crystals were the easier audience."",""designBrief"":""Diplomatic Dominion vestments grown, not sewn, from lattice-silk that shifts colour with her mood.""}"
"kade-fulcrum:portrait","Boren Kade","commanders","2","keyed","green","no green anywhere in this sprite's palette (green-keyed; see directive.colourLaw for substitutions)","character portrait","head-and-shoulders","512x512","","Boren Kade ""Fulcrum""","","Machine Collective","","","","","","","","","recruitment/roster/loadout screens, dialogue framing","{""archetype"":""engineer"",""commanderClass"":""engineer"",""biography"":""The first human the Collective certified as a full integration engineer. Argues the certification runs both ways — the Collective learned something too."",""designBrief"":""Integration-certified exoframe half-machined, half-grown, a visible lattice seam running from wrist to shoulder where the Collective's work meets his own.""}"
"kade-fulcrum:sprite","Boren Kade","commanders","2","keyed","green","no green anywhere in this sprite's palette (green-keyed; see directive.colourLaw for substitutions)","in-run sprite","full body, facing north","256x256, trimmed","","Boren Kade ""Fulcrum""","","Machine Collective","","","","","","","","","in-run gameplay","{""archetype"":""engineer"",""commanderClass"":""engineer"",""biography"":""The first human the Collective certified as a full integration engineer. Argues the certification runs both ways — the Collective learned something too."",""designBrief"":""Integration-certified exoframe half-machined, half-grown, a visible lattice seam running from wrist to shoulder where the Collective's work meets his own.""}"
"kade-fulcrum:ultimate-vfx","Boren Kade","commanders","2","additive","","","VFX (single frame or short frame sheet)","","256x256 per frame","","ultimate ability ""Full Integration""","","Machine Collective","","","","","","","","","in-run gameplay","{""archetype"":""engineer"",""commanderClass"":""engineer"",""biography"":""The first human the Collective certified as a full integration engineer. Argues the certification runs both ways — the Collective learned something too."",""designBrief"":""Integration-certified exoframe half-machined, half-grown, a visible lattice seam running from wrist to shoulder where the Collective's work meets his own.""}"
"calder-driftline:portrait","Yuen Calder","commanders","2","keyed","green","no green anywhere in this sprite's palette (green-keyed; see directive.colourLaw for substitutions)","character portrait","head-and-shoulders","512x512","","Yuen Calder ""Driftline""","","Stellar Nomads","","","","","","","","","recruitment/roster/loadout screens, dialogue framing","{""archetype"":""droneCommander"",""commanderClass"":""hybrid"",""biography"":""Grew up navigating by convoy driftlines instead of star charts. Flies scout drones the way older pilots read weather — a sense, not a system."",""designBrief"":""Convoy-drift leathers patched from three different fleets, a scout-drone perch worn smooth at the shoulder from constant use.""}"
"calder-driftline:sprite","Yuen Calder","commanders","2","keyed","green","no green anywhere in this sprite's palette (green-keyed; see directive.colourLaw for substitutions)","in-run sprite","full body, facing north","256x256, trimmed","","Yuen Calder ""Driftline""","","Stellar Nomads","","","","","","","","","in-run gameplay","{""archetype"":""droneCommander"",""commanderClass"":""hybrid"",""biography"":""Grew up navigating by convoy driftlines instead of star charts. Flies scout drones the way older pilots read weather — a sense, not a system."",""designBrief"":""Convoy-drift leathers patched from three different fleets, a scout-drone perch worn smooth at the shoulder from constant use.""}"
"calder-driftline:ultimate-vfx","Yuen Calder","commanders","2","additive","","","VFX (single frame or short frame sheet)","","256x256 per frame","","ultimate ability ""Convoy Sense""","","Stellar Nomads","","","","","","","","","in-run gameplay","{""archetype"":""droneCommander"",""commanderClass"":""hybrid"",""biography"":""Grew up navigating by convoy driftlines instead of star charts. Flies scout drones the way older pilots read weather — a sense, not a system."",""designBrief"":""Convoy-drift leathers patched from three different fleets, a scout-drone perch worn smooth at the shoulder from constant use.""}"
"aldana-aftercare:portrait","Dr. Petrin Aldana","commanders","2","keyed","green","no green anywhere in this sprite's palette (green-keyed; see directive.colourLaw for substitutions)","character portrait","head-and-shoulders","512x512","","Dr. Petrin Aldana ""Aftercare""","","Independent","","","","","","","","","recruitment/roster/loadout screens, dialogue framing","{""archetype"":""voidSpecialist"",""commanderClass"":""scientist"",""biography"":""Studies what the Void leaves behind in the people who come back from it. Survived contact with an Eclipsed vanguard herself; treats her own case notes with the same clinical honesty as everyone else's."",""designBrief"":""Clinical field-whites worn under a void-rated overcoat, case files bound in the same static-resistant cloth she wears.""}"
"aldana-aftercare:sprite","Dr. Petrin Aldana","commanders","2","keyed","green","no green anywhere in this sprite's palette (green-keyed; see directive.colourLaw for substitutions)","in-run sprite","full body, facing north","256x256, trimmed","","Dr. Petrin Aldana ""Aftercare""","","Independent","","","","","","","","","in-run gameplay","{""archetype"":""voidSpecialist"",""commanderClass"":""scientist"",""biography"":""Studies what the Void leaves behind in the people who come back from it. Survived contact with an Eclipsed vanguard herself; treats her own case notes with the same clinical honesty as everyone else's."",""designBrief"":""Clinical field-whites worn under a void-rated overcoat, case files bound in the same static-resistant cloth she wears.""}"
"aldana-aftercare:ultimate-vfx","Dr. Petrin Aldana","commanders","2","additive","","","VFX (single frame or short frame sheet)","","256x256 per frame","","ultimate ability ""Case Closed""","","Independent","","","","","","","","","in-run gameplay","{""archetype"":""voidSpecialist"",""commanderClass"":""scientist"",""biography"":""Studies what the Void leaves behind in the people who come back from it. Survived contact with an Eclipsed vanguard herself; treats her own case notes with the same clinical honesty as everyone else's."",""designBrief"":""Clinical field-whites worn under a void-rated overcoat, case files bound in the same static-resistant cloth she wears.""}"
"voss-pathfinder:portrait","Dr. Lyra Voss","commanders","2","keyed","green","no green anywhere in this sprite's palette (green-keyed; see directive.colourLaw for substitutions)","character portrait","head-and-shoulders","512x512","","Dr. Lyra Voss ""Pathfinder""","","Afterlight Initiative","","","","","","","","","recruitment/roster/loadout screens, dialogue framing","{""archetype"":""recon"",""commanderClass"":""scientist"",""biography"":""An astrophysicist and expedition commander who chose curiosity over conquest — the first to rediscover functioning Afterlight technology after decades of failed expeditions, and the reason humanity started believing the galaxy could be understood again, not just survived."",""designBrief"":""Slim white-and-navy exploration exosuit with gold scientific markings, a long expedition coat, a compact scanning drone perched at the shoulder, an integrated holographic wrist computer, an explorer's backpack, and a blue visor — NASA-inspired equipment throughout.""}"
"voss-pathfinder:sprite","Dr. Lyra Voss","commanders","2","keyed","green","no green anywhere in this sprite's palette (green-keyed; see directive.colourLaw for substitutions)","in-run sprite","full body, facing north","256x256, trimmed","","Dr. Lyra Voss ""Pathfinder""","","Afterlight Initiative","","","","","","","","","in-run gameplay","{""archetype"":""recon"",""commanderClass"":""scientist"",""biography"":""An astrophysicist and expedition commander who chose curiosity over conquest — the first to rediscover functioning Afterlight technology after decades of failed expeditions, and the reason humanity started believing the galaxy could be understood again, not just survived."",""designBrief"":""Slim white-and-navy exploration exosuit with gold scientific markings, a long expedition coat, a compact scanning drone perched at the shoulder, an integrated holographic wrist computer, an explorer's backpack, and a blue visor — NASA-inspired equipment throughout.""}"
"voss-pathfinder:ultimate-vfx","Dr. Lyra Voss","commanders","2","additive","","","VFX (single frame or short frame sheet)","","256x256 per frame","","ultimate ability ""Afterlight Beacon""","","Afterlight Initiative","","","","","","","","","in-run gameplay","{""archetype"":""recon"",""commanderClass"":""scientist"",""biography"":""An astrophysicist and expedition commander who chose curiosity over conquest — the first to rediscover functioning Afterlight technology after decades of failed expeditions, and the reason humanity started believing the galaxy could be understood again, not just survived."",""designBrief"":""Slim white-and-navy exploration exosuit with gold scientific markings, a long expedition coat, a compact scanning drone perched at the shoulder, an integrated holographic wrist computer, an explorer's backpack, and a blue visor — NASA-inspired equipment throughout.""}"
"kane-vanguard:portrait","Adrian Kane","commanders","2","keyed","green","no green anywhere in this sprite's palette (green-keyed; see directive.colourLaw for substitutions)","character portrait","head-and-shoulders","512x512","","Adrian Kane ""Vanguard""","","United Human Frontier","","","","","","","","","recruitment/roster/loadout screens, dialogue framing","{""archetype"":""guardian"",""commanderClass"":""defender"",""biography"":""A fleet commander and veteran officer who held humanity's final defensive lines through the darkest years after the Collapse — refuses, on principle, to abandon a civilian population, no matter the cost to the mission."",""designBrief"":""Heavy dark-graphite command armour with white military markings and blue command lights, a long reinforced officer's coat, a mechanical left arm, a command visor, decorated service medals, and a battle-worn finish that has clearly seen every one of them.""}"
"kane-vanguard:sprite","Adrian Kane","commanders","2","keyed","green","no green anywhere in this sprite's palette (green-keyed; see directive.colourLaw for substitutions)","in-run sprite","full body, facing north","256x256, trimmed","","Adrian Kane ""Vanguard""","","United Human Frontier","","","","","","","","","in-run gameplay","{""archetype"":""guardian"",""commanderClass"":""defender"",""biography"":""A fleet commander and veteran officer who held humanity's final defensive lines through the darkest years after the Collapse — refuses, on principle, to abandon a civilian population, no matter the cost to the mission."",""designBrief"":""Heavy dark-graphite command armour with white military markings and blue command lights, a long reinforced officer's coat, a mechanical left arm, a command visor, decorated service medals, and a battle-worn finish that has clearly seen every one of them.""}"
"kane-vanguard:ultimate-vfx","Adrian Kane","commanders","2","additive","","","VFX (single frame or short frame sheet)","","256x256 per frame","","ultimate ability ""Fortress Formation""","","United Human Frontier","","","","","","","","","in-run gameplay","{""archetype"":""guardian"",""commanderClass"":""defender"",""biography"":""A fleet commander and veteran officer who held humanity's final defensive lines through the darkest years after the Collapse — refuses, on principle, to abandon a civilian population, no matter the cost to the mission."",""designBrief"":""Heavy dark-graphite command armour with white military markings and blue command lights, a long reinforced officer's coat, a mechanical left arm, a command visor, decorated service medals, and a battle-worn finish that has clearly seen every one of them.""}"
"ryker-engineer:portrait","Elias Ryker","commanders","2","keyed","green","no green anywhere in this sprite's palette (green-keyed; see directive.colourLaw for substitutions)","character portrait","head-and-shoulders","512x512","","Elias Ryker ""Engineer""","","Afterlight Initiative","","","","","","","","","recruitment/roster/loadout screens, dialogue framing","{""archetype"":""engineer"",""commanderClass"":""engineer"",""biography"":""A systems engineer, prototype designer, and chief recovery technician who helped rebuild dozens of frontier colonies after the Collapse — trained at Atlas Dynamics, and still argues their hardpoint lattice was the last honest piece of engineering they shipped."",""designBrief"":""Heavy industrial exosuit in dark steel with orange utility lights, a mechanical backpack with integrated fabrication arms, deployable tool drones at the hip, a protective visor, numerous repair tools, and a compact fabrication printer he's clearly used mid-fight before.""}"
"ryker-engineer:sprite","Elias Ryker","commanders","2","keyed","green","no green anywhere in this sprite's palette (green-keyed; see directive.colourLaw for substitutions)","in-run sprite","full body, facing north","256x256, trimmed","","Elias Ryker ""Engineer""","","Afterlight Initiative","","","","","","","","","in-run gameplay","{""archetype"":""engineer"",""commanderClass"":""engineer"",""biography"":""A systems engineer, prototype designer, and chief recovery technician who helped rebuild dozens of frontier colonies after the Collapse — trained at Atlas Dynamics, and still argues their hardpoint lattice was the last honest piece of engineering they shipped."",""designBrief"":""Heavy industrial exosuit in dark steel with orange utility lights, a mechanical backpack with integrated fabrication arms, deployable tool drones at the hip, a protective visor, numerous repair tools, and a compact fabrication printer he's clearly used mid-fight before.""}"
"ryker-engineer:ultimate-vfx","Elias Ryker","commanders","2","additive","","","VFX (single frame or short frame sheet)","","256x256 per frame","","ultimate ability ""Forward Operating Base""","","Afterlight Initiative","","","","","","","","","in-run gameplay","{""archetype"":""engineer"",""commanderClass"":""engineer"",""biography"":""A systems engineer, prototype designer, and chief recovery technician who helped rebuild dozens of frontier colonies after the Collapse — trained at Atlas Dynamics, and still argues their hardpoint lattice was the last honest piece of engineering they shipped."",""designBrief"":""Heavy industrial exosuit in dark steel with orange utility lights, a mechanical backpack with integrated fabrication arms, deployable tool drones at the hip, a protective visor, numerous repair tools, and a compact fabrication printer he's clearly used mid-fight before.""}"
"cael-weaver:portrait","Seraphina Cael","commanders","2","keyed","green","no green anywhere in this sprite's palette (green-keyed; see directive.colourLaw for substitutions)","character portrait","head-and-shoulders","512x512","","Seraphina Cael ""Weaver""","","Afterlight Initiative","","","","","","","","","recruitment/roster/loadout screens, dialogue framing","{""archetype"":""voidSpecialist"",""commanderClass"":""experimental"",""biography"":""A quantum physicist, reality research specialist, and experimental systems director who became the first scientist to stabilise an artificial quantum singularity after the Collapse — trained at the Helios Quantum Institute, with ties to Quantum Horizon that she describes, cheerfully, as 'mutual professional obsession.'"",""designBrief"":""A white adaptive quantum suit with gold energy channels, floating holographic rings, and gravity stabilisers; white hair tied back, blue quantum eyes, a fractal energy cloak, and quantum particles that orbit her continuously — an elegant, unmistakably scientific silhouette.""}"
"cael-weaver:sprite","Seraphina Cael","commanders","2","keyed","green","no green anywhere in this sprite's palette (green-keyed; see directive.colourLaw for substitutions)","in-run sprite","full body, facing north","256x256, trimmed","","Seraphina Cael ""Weaver""","","Afterlight Initiative","","","","","","","","","in-run gameplay","{""archetype"":""voidSpecialist"",""commanderClass"":""experimental"",""biography"":""A quantum physicist, reality research specialist, and experimental systems director who became the first scientist to stabilise an artificial quantum singularity after the Collapse — trained at the Helios Quantum Institute, with ties to Quantum Horizon that she describes, cheerfully, as 'mutual professional obsession.'"",""designBrief"":""A white adaptive quantum suit with gold energy channels, floating holographic rings, and gravity stabilisers; white hair tied back, blue quantum eyes, a fractal energy cloak, and quantum particles that orbit her continuously — an elegant, unmistakably scientific silhouette.""}"
"cael-weaver:ultimate-vfx","Seraphina Cael","commanders","2","additive","","","VFX (single frame or short frame sheet)","","256x256 per frame","","ultimate ability ""Reality Bloom""","","Afterlight Initiative","","","","","","","","","in-run gameplay","{""archetype"":""voidSpecialist"",""commanderClass"":""experimental"",""biography"":""A quantum physicist, reality research specialist, and experimental systems director who became the first scientist to stabilise an artificial quantum singularity after the Collapse — trained at the Helios Quantum Institute, with ties to Quantum Horizon that she describes, cheerfully, as 'mutual professional obsession.'"",""designBrief"":""A white adaptive quantum suit with gold energy channels, floating holographic rings, and gravity stabilisers; white hair tied back, blue quantum eyes, a fractal energy cloak, and quantum particles that orbit her continuously — an elegant, unmistakably scientific silhouette.""}"
"drake-hunter:portrait","Kael Drake","commanders","2","keyed","green","no green anywhere in this sprite's palette (green-keyed; see directive.colourLaw for substitutions)","character portrait","head-and-shoulders","512x512","","Kael Drake ""Hunter""","","Independent Frontier Rangers","","","","","","","","","recruitment/roster/loadout screens, dialogue framing","{""archetype"":""recon"",""commanderClass"":""recon"",""biography"":""A frontier tracker, elite recon specialist, and xeno hunter who spent decades protecting isolated colonies by studying threats long before they reached anyone — allied with the Afterlight Initiative, though he still answers to the Rangers first."",""designBrief"":""Light reconnaissance armour in dark forest green and graphite, an adaptive camouflage cloak, a compact tactical backpack, a retractable targeting visor, a biometric gauntlet, a magnetic utility belt, and a long-range sensor drone — every piece of it battle-scarred.""}"
"drake-hunter:sprite","Kael Drake","commanders","2","keyed","green","no green anywhere in this sprite's palette (green-keyed; see directive.colourLaw for substitutions)","in-run sprite","full body, facing north","256x256, trimmed","","Kael Drake ""Hunter""","","Independent Frontier Rangers","","","","","","","","","in-run gameplay","{""archetype"":""recon"",""commanderClass"":""recon"",""biography"":""A frontier tracker, elite recon specialist, and xeno hunter who spent decades protecting isolated colonies by studying threats long before they reached anyone — allied with the Afterlight Initiative, though he still answers to the Rangers first."",""designBrief"":""Light reconnaissance armour in dark forest green and graphite, an adaptive camouflage cloak, a compact tactical backpack, a retractable targeting visor, a biometric gauntlet, a magnetic utility belt, and a long-range sensor drone — every piece of it battle-scarred.""}"
"drake-hunter:ultimate-vfx","Kael Drake","commanders","2","additive","","","VFX (single frame or short frame sheet)","","256x256 per frame","","ultimate ability ""Perfect Hunt""","","Independent Frontier Rangers","","","","","","","","","in-run gameplay","{""archetype"":""recon"",""commanderClass"":""recon"",""biography"":""A frontier tracker, elite recon specialist, and xeno hunter who spent decades protecting isolated colonies by studying threats long before they reached anyone — allied with the Afterlight Initiative, though he still answers to the Rangers first."",""designBrief"":""Light reconnaissance armour in dark forest green and graphite, an adaptive camouflage cloak, a compact tactical backpack, a retractable targeting visor, a biometric gauntlet, a magnetic utility belt, and a long-range sensor drone — every piece of it battle-scarred.""}"
"sol-resonant:portrait","Aria Sol","commanders","2","keyed","magenta","no magenta anywhere in this sprite's palette (magenta-keyed)","character portrait","head-and-shoulders","512x512","","Aria Sol ""Resonant""","","Crystal Ascendancy","","","","","","","","","recruitment/roster/loadout screens, dialogue framing","{""archetype"":""crystalSpecialist"",""commanderClass"":""support"",""biography"":""A resonance physicist, crystal harmonics specialist, and energy systems architect who led the rediscovery of resonance engineering after recovering surviving Crystal Ascendancy archives — allied with the Afterlight Initiative, and still describes her own work as 'conducting an orchestra that was already playing.'"",""designBrief"":""An elegant crystal-lined combat suit in pearlescent white with cyan resonance veins, a floating crystalline halo, holographic waveform ribbons, a lightweight scientific cloak, crystal gauntlets, a luminescent visor, and soft energy trails that follow every movement.""}"
"sol-resonant:sprite","Aria Sol","commanders","2","keyed","magenta","no magenta anywhere in this sprite's palette (magenta-keyed)","in-run sprite","full body, facing north","256x256, trimmed","","Aria Sol ""Resonant""","","Crystal Ascendancy","","","","","","","","","in-run gameplay","{""archetype"":""crystalSpecialist"",""commanderClass"":""support"",""biography"":""A resonance physicist, crystal harmonics specialist, and energy systems architect who led the rediscovery of resonance engineering after recovering surviving Crystal Ascendancy archives — allied with the Afterlight Initiative, and still describes her own work as 'conducting an orchestra that was already playing.'"",""designBrief"":""An elegant crystal-lined combat suit in pearlescent white with cyan resonance veins, a floating crystalline halo, holographic waveform ribbons, a lightweight scientific cloak, crystal gauntlets, a luminescent visor, and soft energy trails that follow every movement.""}"
"sol-resonant:ultimate-vfx","Aria Sol","commanders","2","additive","","","VFX (single frame or short frame sheet)","","256x256 per frame","","ultimate ability ""Symphony of Light""","","Crystal Ascendancy","","","","","","","","","in-run gameplay","{""archetype"":""crystalSpecialist"",""commanderClass"":""support"",""biography"":""A resonance physicist, crystal harmonics specialist, and energy systems architect who led the rediscovery of resonance engineering after recovering surviving Crystal Ascendancy archives — allied with the Afterlight Initiative, and still describes her own work as 'conducting an orchestra that was already playing.'"",""designBrief"":""An elegant crystal-lined combat suit in pearlescent white with cyan resonance veins, a floating crystalline halo, holographic waveform ribbons, a lightweight scientific cloak, crystal gauntlets, a luminescent visor, and soft energy trails that follow every movement.""}"
"vale-voidrunner:portrait","Orion Vale","commanders","2","keyed","green","no green anywhere in this sprite's palette (green-keyed; see directive.colourLaw for substitutions)","character portrait","head-and-shoulders","512x512","","Orion Vale ""Voidrunner""","","Afterlight Initiative","","","","","","","","","recruitment/roster/loadout screens, dialogue framing","{""archetype"":""voidSpecialist"",""commanderClass"":""experimental"",""biography"":""A void expedition specialist, dimensional navigator, and reality recovery operative who volunteered for humanity's first successful expeditions into permanent Void anomalies after witnessing countless failed rescue attempts — believes someone must willingly walk into darkness so others never have to."",""designBrief"":""Black adaptive void armour with deep violet energy veins, a floating fractured cloak, a distorted helmet visor, micro-singularity stabilisers, dark energy gauntlets, subtle gravitational lensing, and reality fractures that appear around his every movement.""}"
"vale-voidrunner:sprite","Orion Vale","commanders","2","keyed","green","no green anywhere in this sprite's palette (green-keyed; see directive.colourLaw for substitutions)","in-run sprite","full body, facing north","256x256, trimmed","","Orion Vale ""Voidrunner""","","Afterlight Initiative","","","","","","","","","in-run gameplay","{""archetype"":""voidSpecialist"",""commanderClass"":""experimental"",""biography"":""A void expedition specialist, dimensional navigator, and reality recovery operative who volunteered for humanity's first successful expeditions into permanent Void anomalies after witnessing countless failed rescue attempts — believes someone must willingly walk into darkness so others never have to."",""designBrief"":""Black adaptive void armour with deep violet energy veins, a floating fractured cloak, a distorted helmet visor, micro-singularity stabilisers, dark energy gauntlets, subtle gravitational lensing, and reality fractures that appear around his every movement.""}"
"vale-voidrunner:ultimate-vfx","Orion Vale","commanders","2","additive","","","VFX (single frame or short frame sheet)","","256x256 per frame","","ultimate ability ""Beyond the Horizon""","","Afterlight Initiative","","","","","","","","","in-run gameplay","{""archetype"":""voidSpecialist"",""commanderClass"":""experimental"",""biography"":""A void expedition specialist, dimensional navigator, and reality recovery operative who volunteered for humanity's first successful expeditions into permanent Void anomalies after witnessing countless failed rescue attempts — believes someone must willingly walk into darkness so others never have to."",""designBrief"":""Black adaptive void armour with deep violet energy veins, a floating fractured cloak, a distorted helmet visor, micro-singularity stabilisers, dark energy gauntlets, subtle gravitational lensing, and reality fractures that appear around his every movement.""}"
"iskander-swarmmaster:portrait","Nova Iskander","commanders","2","keyed","green","no green anywhere in this sprite's palette (green-keyed; see directive.colourLaw for substitutions)","character portrait","head-and-shoulders","512x512","","Nova Iskander ""Swarmmaster""","","Afterlight Initiative","","","","","","","","","recruitment/roster/loadout screens, dialogue framing","{""archetype"":""droneCommander"",""commanderClass"":""hybrid"",""biography"":""A drone fleet commander, autonomous systems engineer, and swarm intelligence architect who pioneered humanity's first ethical autonomous combat framework after the Collapse — believes automation should preserve life, never replace it."",""designBrief"":""A white tactical command suit over a graphite exoskeleton with blue command lights, a floating holographic drone interface, mechanical shoulder drones, a compact command visor, adaptive control gauntlets, and orbiting utility drones — a minimalist engineering aesthetic throughout.""}"
"iskander-swarmmaster:sprite","Nova Iskander","commanders","2","keyed","green","no green anywhere in this sprite's palette (green-keyed; see directive.colourLaw for substitutions)","in-run sprite","full body, facing north","256x256, trimmed","","Nova Iskander ""Swarmmaster""","","Afterlight Initiative","","","","","","","","","in-run gameplay","{""archetype"":""droneCommander"",""commanderClass"":""hybrid"",""biography"":""A drone fleet commander, autonomous systems engineer, and swarm intelligence architect who pioneered humanity's first ethical autonomous combat framework after the Collapse — believes automation should preserve life, never replace it."",""designBrief"":""A white tactical command suit over a graphite exoskeleton with blue command lights, a floating holographic drone interface, mechanical shoulder drones, a compact command visor, adaptive control gauntlets, and orbiting utility drones — a minimalist engineering aesthetic throughout.""}"
"iskander-swarmmaster:ultimate-vfx","Nova Iskander","commanders","2","additive","","","VFX (single frame or short frame sheet)","","256x256 per frame","","ultimate ability ""Hive Network""","","Afterlight Initiative","","","","","","","","","in-run gameplay","{""archetype"":""droneCommander"",""commanderClass"":""hybrid"",""biography"":""A drone fleet commander, autonomous systems engineer, and swarm intelligence architect who pioneered humanity's first ethical autonomous combat framework after the Collapse — believes automation should preserve life, never replace it."",""designBrief"":""A white tactical command suit over a graphite exoskeleton with blue command lights, a floating holographic drone interface, mechanical shoulder drones, a compact command visor, adaptive control gauntlets, and orbiting utility drones — a minimalist engineering aesthetic throughout.""}"
"thorne-starforged:portrait","Cassia Thorne","commanders","2","keyed","green","no green anywhere in this sprite's palette (green-keyed; see directive.colourLaw for substitutions)","character portrait","head-and-shoulders","512x512","","Cassia Thorne ""Starforged""","","Atlas Dynamics","","","","","","","","","recruitment/roster/loadout screens, dialogue framing","{""archetype"":""engineer"",""commanderClass"":""engineer"",""biography"":""Atlas Dynamics' Chief Weapons Architect, an experimental metallurgist and industrial commander who rebuilt humanity's first orbital forge complex after the Collapse — she believes true strength is earned through relentless refinement, never granted."",""designBrief"":""Heavy industrial combat armour in dark titanium plating with molten orange energy vents, forging gauntlets, a thermal reactor backpack, heat exhaust vents, a magnetic tool harness, and a glowing forge hammer emblem — an unmistakably industrial silhouette.""}"
"thorne-starforged:sprite","Cassia Thorne","commanders","2","keyed","green","no green anywhere in this sprite's palette (green-keyed; see directive.colourLaw for substitutions)","in-run sprite","full body, facing north","256x256, trimmed","","Cassia Thorne ""Starforged""","","Atlas Dynamics","","","","","","","","","in-run gameplay","{""archetype"":""engineer"",""commanderClass"":""engineer"",""biography"":""Atlas Dynamics' Chief Weapons Architect, an experimental metallurgist and industrial commander who rebuilt humanity's first orbital forge complex after the Collapse — she believes true strength is earned through relentless refinement, never granted."",""designBrief"":""Heavy industrial combat armour in dark titanium plating with molten orange energy vents, forging gauntlets, a thermal reactor backpack, heat exhaust vents, a magnetic tool harness, and a glowing forge hammer emblem — an unmistakably industrial silhouette.""}"
"thorne-starforged:ultimate-vfx","Cassia Thorne","commanders","2","additive","","","VFX (single frame or short frame sheet)","","256x256 per frame","","ultimate ability ""Starforge Core""","","Atlas Dynamics","","","","","","","","","in-run gameplay","{""archetype"":""engineer"",""commanderClass"":""engineer"",""biography"":""Atlas Dynamics' Chief Weapons Architect, an experimental metallurgist and industrial commander who rebuilt humanity's first orbital forge complex after the Collapse — she believes true strength is earned through relentless refinement, never granted."",""designBrief"":""Heavy industrial combat armour in dark titanium plating with molten orange energy vents, forging gauntlets, a thermal reactor backpack, heat exhaust vents, a magnetic tool harness, and a glowing forge hammer emblem — an unmistakably industrial silhouette.""}"
"vex-chronomancer:portrait","Aurelion Vex","commanders","2","keyed","green","no green anywhere in this sprite's palette (green-keyed; see directive.colourLaw for substitutions)","character portrait","head-and-shoulders","512x512","","Aurelion Vex ""Chronomancer""","","Afterlight Initiative","","","","","","","","","recruitment/roster/loadout screens, dialogue framing","{""archetype"":""recon"",""commanderClass"":""support"",""biography"":""A temporal physicist, chrono expedition specialist, and Timeline Recovery Director who led humanity's first successful expedition through a naturally occurring temporal fracture — he understands that changing history always carries a cost, and refuses to rewrite lives for personal gain."",""designBrief"":""White and silver temporal armour with floating clockwork rings, blue temporal energy, a golden chronometer core, a transparent flowing cloak, fractal clock fragments, and an elegant scientific silhouette — time distortion surrounds his every movement.""}"
"vex-chronomancer:sprite","Aurelion Vex","commanders","2","keyed","green","no green anywhere in this sprite's palette (green-keyed; see directive.colourLaw for substitutions)","in-run sprite","full body, facing north","256x256, trimmed","","Aurelion Vex ""Chronomancer""","","Afterlight Initiative","","","","","","","","","in-run gameplay","{""archetype"":""recon"",""commanderClass"":""support"",""biography"":""A temporal physicist, chrono expedition specialist, and Timeline Recovery Director who led humanity's first successful expedition through a naturally occurring temporal fracture — he understands that changing history always carries a cost, and refuses to rewrite lives for personal gain."",""designBrief"":""White and silver temporal armour with floating clockwork rings, blue temporal energy, a golden chronometer core, a transparent flowing cloak, fractal clock fragments, and an elegant scientific silhouette — time distortion surrounds his every movement.""}"
"vex-chronomancer:ultimate-vfx","Aurelion Vex","commanders","2","additive","","","VFX (single frame or short frame sheet)","","256x256 per frame","","ultimate ability ""Frozen Moment""","","Afterlight Initiative","","","","","","","","","in-run gameplay","{""archetype"":""recon"",""commanderClass"":""support"",""biography"":""A temporal physicist, chrono expedition specialist, and Timeline Recovery Director who led humanity's first successful expedition through a naturally occurring temporal fracture — he understands that changing history always carries a cost, and refuses to rewrite lives for personal gain."",""designBrief"":""White and silver temporal armour with floating clockwork rings, blue temporal energy, a golden chronometer core, a transparent flowing cloak, fractal clock fragments, and an elegant scientific silhouette — time distortion surrounds his every movement.""}"
"ash-tempest:portrait","Valen Ash","commanders","2","keyed","green","no green anywhere in this sprite's palette (green-keyed; see directive.colourLaw for substitutions)","character portrait","head-and-shoulders","512x512","","Valen Ash ""Tempest""","","Afterlight Initiative","","","","","","","","","recruitment/roster/loadout screens, dialogue framing","{""archetype"":""orbitalCommander"",""commanderClass"":""assault"",""biography"":""An atmospheric physicist, weather systems commander, and disaster response specialist who became the first commander to safely stabilise an artificial planetary weather network after the Collapse — he believes nature is never the enemy, only a failure to understand it."",""designBrief"":""White storm armour with electric blue energy veins, a flowing weather cloak, a lightning reactor backpack, floating atmospheric sensors, crackling gauntlets, and a blue-white visor — static electricity constantly dances across the armour.""}"
"ash-tempest:sprite","Valen Ash","commanders","2","keyed","green","no green anywhere in this sprite's palette (green-keyed; see directive.colourLaw for substitutions)","in-run sprite","full body, facing north","256x256, trimmed","","Valen Ash ""Tempest""","","Afterlight Initiative","","","","","","","","","in-run gameplay","{""archetype"":""orbitalCommander"",""commanderClass"":""assault"",""biography"":""An atmospheric physicist, weather systems commander, and disaster response specialist who became the first commander to safely stabilise an artificial planetary weather network after the Collapse — he believes nature is never the enemy, only a failure to understand it."",""designBrief"":""White storm armour with electric blue energy veins, a flowing weather cloak, a lightning reactor backpack, floating atmospheric sensors, crackling gauntlets, and a blue-white visor — static electricity constantly dances across the armour.""}"
"ash-tempest:ultimate-vfx","Valen Ash","commanders","2","additive","","","VFX (single frame or short frame sheet)","","256x256 per frame","","ultimate ability ""Planetfall Storm""","","Afterlight Initiative","","","","","","","","","in-run gameplay","{""archetype"":""orbitalCommander"",""commanderClass"":""assault"",""biography"":""An atmospheric physicist, weather systems commander, and disaster response specialist who became the first commander to safely stabilise an artificial planetary weather network after the Collapse — he believes nature is never the enemy, only a failure to understand it."",""designBrief"":""White storm armour with electric blue energy veins, a flowing weather cloak, a lightning reactor backpack, floating atmospheric sensors, crackling gauntlets, and a blue-white visor — static electricity constantly dances across the armour.""}"
"korven-phantom:portrait","Nyx Korven","commanders","2","keyed","green","no green anywhere in this sprite's palette (green-keyed; see directive.colourLaw for substitutions)","character portrait","head-and-shoulders","512x512","","Nyx Korven ""Phantom""","","Afterlight Initiative","","","","","","","","","recruitment/roster/loadout screens, dialogue framing","{""archetype"":""recon"",""commanderClass"":""recon"",""biography"":""An infiltration specialist, recon commander, and counter-intelligence operative who rebuilt humanity's fractured intelligence network after the Collapse — she avoids unnecessary conflict, believing her greatest victories are the battles that never happen."",""designBrief"":""Adaptive black stealth armour with dark violet energy lines, an active camouflage cloak, a retractable optical visor, a low-profile tactical harness, and a silenced propulsion pack — minimal lighting throughout, with glitch-like distortion trailing every movement.""}"
"korven-phantom:sprite","Nyx Korven","commanders","2","keyed","green","no green anywhere in this sprite's palette (green-keyed; see directive.colourLaw for substitutions)","in-run sprite","full body, facing north","256x256, trimmed","","Nyx Korven ""Phantom""","","Afterlight Initiative","","","","","","","","","in-run gameplay","{""archetype"":""recon"",""commanderClass"":""recon"",""biography"":""An infiltration specialist, recon commander, and counter-intelligence operative who rebuilt humanity's fractured intelligence network after the Collapse — she avoids unnecessary conflict, believing her greatest victories are the battles that never happen."",""designBrief"":""Adaptive black stealth armour with dark violet energy lines, an active camouflage cloak, a retractable optical visor, a low-profile tactical harness, and a silenced propulsion pack — minimal lighting throughout, with glitch-like distortion trailing every movement.""}"
"korven-phantom:ultimate-vfx","Nyx Korven","commanders","2","additive","","","VFX (single frame or short frame sheet)","","256x256 per frame","","ultimate ability ""Blackout Network""","","Afterlight Initiative","","","","","","","","","in-run gameplay","{""archetype"":""recon"",""commanderClass"":""recon"",""biography"":""An infiltration specialist, recon commander, and counter-intelligence operative who rebuilt humanity's fractured intelligence network after the Collapse — she avoids unnecessary conflict, believing her greatest victories are the battles that never happen."",""designBrief"":""Adaptive black stealth armour with dark violet energy lines, an active camouflage cloak, a retractable optical visor, a low-profile tactical harness, and a silenced propulsion pack — minimal lighting throughout, with glitch-like distortion trailing every movement.""}"
"syn-bioforge:portrait","Dr. Mira Syn","commanders","2","keyed","green","no green anywhere in this sprite's palette (green-keyed; see directive.colourLaw for substitutions)","character portrait","head-and-shoulders","512x512","","Dr. Mira Syn ""Bioforge""","","Afterlight Initiative","","","","","","","","","recruitment/roster/loadout screens, dialogue framing","{""archetype"":""support"",""commanderClass"":""scientist"",""biography"":""A bioengineer, genetic systems director, and xenobiology specialist who rebuilt humanity's lost xenobiology programme after recovering intact genetic archives from forgotten colonies — she believes every living organism deserves understanding before judgement."",""designBrief"":""A white biological research suit with emerald energy veins, living bio-organic shoulder armour, floating DNA holograms, adaptive vine-like gauntlets, a portable laboratory backpack, and a luminescent green visor — subtle organic growths integrated throughout her equipment.""}"
"syn-bioforge:sprite","Dr. Mira Syn","commanders","2","keyed","green","no green anywhere in this sprite's palette (green-keyed; see directive.colourLaw for substitutions)","in-run sprite","full body, facing north","256x256, trimmed","","Dr. Mira Syn ""Bioforge""","","Afterlight Initiative","","","","","","","","","in-run gameplay","{""archetype"":""support"",""commanderClass"":""scientist"",""biography"":""A bioengineer, genetic systems director, and xenobiology specialist who rebuilt humanity's lost xenobiology programme after recovering intact genetic archives from forgotten colonies — she believes every living organism deserves understanding before judgement."",""designBrief"":""A white biological research suit with emerald energy veins, living bio-organic shoulder armour, floating DNA holograms, adaptive vine-like gauntlets, a portable laboratory backpack, and a luminescent green visor — subtle organic growths integrated throughout her equipment.""}"
"syn-bioforge:ultimate-vfx","Dr. Mira Syn","commanders","2","additive","","","VFX (single frame or short frame sheet)","","256x256 per frame","","ultimate ability ""Genesis Protocol""","","Afterlight Initiative","","","","","","","","","in-run gameplay","{""archetype"":""support"",""commanderClass"":""scientist"",""biography"":""A bioengineer, genetic systems director, and xenobiology specialist who rebuilt humanity's lost xenobiology programme after recovering intact genetic archives from forgotten colonies — she believes every living organism deserves understanding before judgement."",""designBrief"":""A white biological research suit with emerald energy veins, living bio-organic shoulder armour, floating DNA holograms, adaptive vine-like gauntlets, a portable laboratory backpack, and a luminescent green visor — subtle organic growths integrated throughout her equipment.""}"
"solari-photon:portrait","Rhea Solari","commanders","2","keyed","green","no green anywhere in this sprite's palette (green-keyed; see directive.colourLaw for substitutions)","character portrait","head-and-shoulders","512x512","","Rhea Solari ""Photon""","","Afterlight Initiative","","","","","","","","","recruitment/roster/loadout screens, dialogue framing","{""archetype"":""assault"",""commanderClass"":""scientist"",""biography"":""A photon systems scientist, energy weapons specialist, and stellar array commander who restored humanity's first functioning stellar energy array after the Collapse — she believes every sunrise proves humanity deserves another chance."",""designBrief"":""A brilliant white combat suit with gold solar plating, radiant energy wings, floating solar mirrors, a golden visor, photon gauntlets, and a solar reactor backpack — constant shimmering light follows every movement.""}"
"solari-photon:sprite","Rhea Solari","commanders","2","keyed","green","no green anywhere in this sprite's palette (green-keyed; see directive.colourLaw for substitutions)","in-run sprite","full body, facing north","256x256, trimmed","","Rhea Solari ""Photon""","","Afterlight Initiative","","","","","","","","","in-run gameplay","{""archetype"":""assault"",""commanderClass"":""scientist"",""biography"":""A photon systems scientist, energy weapons specialist, and stellar array commander who restored humanity's first functioning stellar energy array after the Collapse — she believes every sunrise proves humanity deserves another chance."",""designBrief"":""A brilliant white combat suit with gold solar plating, radiant energy wings, floating solar mirrors, a golden visor, photon gauntlets, and a solar reactor backpack — constant shimmering light follows every movement.""}"
"solari-photon:ultimate-vfx","Rhea Solari","commanders","2","additive","","","VFX (single frame or short frame sheet)","","256x256 per frame","","ultimate ability ""Helios Cascade""","","Afterlight Initiative","","","","","","","","","in-run gameplay","{""archetype"":""assault"",""commanderClass"":""scientist"",""biography"":""A photon systems scientist, energy weapons specialist, and stellar array commander who restored humanity's first functioning stellar energy array after the Collapse — she believes every sunrise proves humanity deserves another chance."",""designBrief"":""A brilliant white combat suit with gold solar plating, radiant energy wings, floating solar mirrors, a golden visor, photon gauntlets, and a solar reactor backpack — constant shimmering light follows every movement.""}"
"kain-singularity:portrait","Zephyr Kain","commanders","2","keyed","green","no green anywhere in this sprite's palette (green-keyed; see directive.colourLaw for substitutions)","character portrait","head-and-shoulders","512x512","","Zephyr Kain ""Singularity""","","Afterlight Initiative","","","","","","","","","recruitment/roster/loadout screens, dialogue framing","{""archetype"":""prototypePilot"",""commanderClass"":""scientist"",""biography"":""A gravitational physicist, singularity engineer, and black hole navigation specialist who led the first successful expedition into the event horizon of a stable artificial singularity — he believes gravity is the universe's oldest language."",""designBrief"":""Midnight-black research armour with gold gravitational rings orbiting his torso, a deep violet singularity core, a distorted cloak, a gravity lens visor, and micro-black-hole stabilisers — floating debris slowly orbits him at all times.""}"
"kain-singularity:sprite","Zephyr Kain","commanders","2","keyed","green","no green anywhere in this sprite's palette (green-keyed; see directive.colourLaw for substitutions)","in-run sprite","full body, facing north","256x256, trimmed","","Zephyr Kain ""Singularity""","","Afterlight Initiative","","","","","","","","","in-run gameplay","{""archetype"":""prototypePilot"",""commanderClass"":""scientist"",""biography"":""A gravitational physicist, singularity engineer, and black hole navigation specialist who led the first successful expedition into the event horizon of a stable artificial singularity — he believes gravity is the universe's oldest language."",""designBrief"":""Midnight-black research armour with gold gravitational rings orbiting his torso, a deep violet singularity core, a distorted cloak, a gravity lens visor, and micro-black-hole stabilisers — floating debris slowly orbits him at all times.""}"
"kain-singularity:ultimate-vfx","Zephyr Kain","commanders","2","additive","","","VFX (single frame or short frame sheet)","","256x256 per frame","","ultimate ability ""Event Horizon""","","Afterlight Initiative","","","","","","","","","in-run gameplay","{""archetype"":""prototypePilot"",""commanderClass"":""scientist"",""biography"":""A gravitational physicist, singularity engineer, and black hole navigation specialist who led the first successful expedition into the event horizon of a stable artificial singularity — he believes gravity is the universe's oldest language."",""designBrief"":""Midnight-black research armour with gold gravitational rings orbiting his torso, a deep violet singularity core, a distorted cloak, a gravity lens visor, and micro-black-hole stabilisers — floating debris slowly orbits him at all times.""}"
"reyes-warden:portrait","Astrid Reyes","commanders","2","keyed","green","no green anywhere in this sprite's palette (green-keyed; see directive.colourLaw for substitutions)","character portrait","head-and-shoulders","512x512","","Astrid Reyes ""Warden""","","Afterlight Initiative","","","","","","","","","recruitment/roster/loadout screens, dialogue framing","{""archetype"":""support"",""commanderClass"":""hybrid"",""biography"":""A civil defence commander, emergency response director, and planetary guardian who became the face of humanity's Civil Defence Corps after the Collapse — she believes the greatest victory is bringing everyone home alive."",""designBrief"":""A heavy rescue exosuit in white ceramic armour with gold emergency markings, blue shield emitters, expandable rescue drones, a medical backpack, an integrated command visor, a protective energy mantle, and the Civil Defence insignia worn plainly.""}"
"reyes-warden:sprite","Astrid Reyes","commanders","2","keyed","green","no green anywhere in this sprite's palette (green-keyed; see directive.colourLaw for substitutions)","in-run sprite","full body, facing north","256x256, trimmed","","Astrid Reyes ""Warden""","","Afterlight Initiative","","","","","","","","","in-run gameplay","{""archetype"":""support"",""commanderClass"":""hybrid"",""biography"":""A civil defence commander, emergency response director, and planetary guardian who became the face of humanity's Civil Defence Corps after the Collapse — she believes the greatest victory is bringing everyone home alive."",""designBrief"":""A heavy rescue exosuit in white ceramic armour with gold emergency markings, blue shield emitters, expandable rescue drones, a medical backpack, an integrated command visor, a protective energy mantle, and the Civil Defence insignia worn plainly.""}"
"reyes-warden:ultimate-vfx","Astrid Reyes","commanders","2","additive","","","VFX (single frame or short frame sheet)","","256x256 per frame","","ultimate ability ""Last Sanctuary""","","Afterlight Initiative","","","","","","","","","in-run gameplay","{""archetype"":""support"",""commanderClass"":""hybrid"",""biography"":""A civil defence commander, emergency response director, and planetary guardian who became the face of humanity's Civil Defence Corps after the Collapse — she believes the greatest victory is bringing everyone home alive."",""designBrief"":""A heavy rescue exosuit in white ceramic armour with gold emergency markings, blue shield emitters, expandable rescue drones, a medical backpack, an integrated command visor, a protective energy mantle, and the Civil Defence insignia worn plainly.""}"
"orion-starlancer:portrait","Lucien Orion","commanders","2","keyed","green","no green anywhere in this sprite's palette (green-keyed; see directive.colourLaw for substitutions)","character portrait","head-and-shoulders","512x512","","Lucien Orion ""Starlancer""","","Afterlight Initiative","","","","","","","","","recruitment/roster/loadout screens, dialogue framing","{""archetype"":""assault"",""commanderClass"":""assault"",""biography"":""A strike commander, experimental flight specialist, and deep space interceptor pilot who became the first pilot to successfully survive repeated flights through unstable prototype jump corridors — he believes hesitation is the only true enemy."",""designBrief"":""Aerodynamic white combat armour with blue plasma fins, retractable thruster wings, magnetic flight stabilisers, a streamlined visor, a star-blue reactor core, glowing propulsion vents, and a long asymmetric flight coat.""}"
"orion-starlancer:sprite","Lucien Orion","commanders","2","keyed","green","no green anywhere in this sprite's palette (green-keyed; see directive.colourLaw for substitutions)","in-run sprite","full body, facing north","256x256, trimmed","","Lucien Orion ""Starlancer""","","Afterlight Initiative","","","","","","","","","in-run gameplay","{""archetype"":""assault"",""commanderClass"":""assault"",""biography"":""A strike commander, experimental flight specialist, and deep space interceptor pilot who became the first pilot to successfully survive repeated flights through unstable prototype jump corridors — he believes hesitation is the only true enemy."",""designBrief"":""Aerodynamic white combat armour with blue plasma fins, retractable thruster wings, magnetic flight stabilisers, a streamlined visor, a star-blue reactor core, glowing propulsion vents, and a long asymmetric flight coat.""}"
"orion-starlancer:ultimate-vfx","Lucien Orion","commanders","2","additive","","","VFX (single frame or short frame sheet)","","256x256 per frame","","ultimate ability ""Supernova Drive""","","Afterlight Initiative","","","","","","","","","in-run gameplay","{""archetype"":""assault"",""commanderClass"":""assault"",""biography"":""A strike commander, experimental flight specialist, and deep space interceptor pilot who became the first pilot to successfully survive repeated flights through unstable prototype jump corridors — he believes hesitation is the only true enemy."",""designBrief"":""Aerodynamic white combat armour with blue plasma fins, retractable thruster wings, magnetic flight stabilisers, a streamlined visor, a star-blue reactor core, glowing propulsion vents, and a long asymmetric flight coat.""}"
"volkov-titan:portrait","Ivan Volkov","commanders","2","keyed","green","no green anywhere in this sprite's palette (green-keyed; see directive.colourLaw for substitutions)","character portrait","head-and-shoulders","512x512","","Ivan Volkov ""Titan""","","Afterlight Initiative","","","","","","","","","recruitment/roster/loadout screens, dialogue framing","{""archetype"":""engineer"",""commanderClass"":""assault"",""biography"":""A heavy assault commander, siege operations director, and planetary defence specialist who commanded humanity's largest planetary defence operations during the reconstruction era — he believes true strength exists only to protect those who cannot defend themselves."",""designBrief"":""A massive reinforced exosuit in titanium-grey armour with gold reinforced plating, gigantic shoulder reactors, heavy magnetic boots, integrated shield emitters, industrial hazard markings, and a blue reactor core — a towering silhouette wherever he stands.""}"
"volkov-titan:sprite","Ivan Volkov","commanders","2","keyed","green","no green anywhere in this sprite's palette (green-keyed; see directive.colourLaw for substitutions)","in-run sprite","full body, facing north","256x256, trimmed","","Ivan Volkov ""Titan""","","Afterlight Initiative","","","","","","","","","in-run gameplay","{""archetype"":""engineer"",""commanderClass"":""assault"",""biography"":""A heavy assault commander, siege operations director, and planetary defence specialist who commanded humanity's largest planetary defence operations during the reconstruction era — he believes true strength exists only to protect those who cannot defend themselves."",""designBrief"":""A massive reinforced exosuit in titanium-grey armour with gold reinforced plating, gigantic shoulder reactors, heavy magnetic boots, integrated shield emitters, industrial hazard markings, and a blue reactor core — a towering silhouette wherever he stands.""}"
"volkov-titan:ultimate-vfx","Ivan Volkov","commanders","2","additive","","","VFX (single frame or short frame sheet)","","256x256 per frame","","ultimate ability ""Bulwark Protocol""","","Afterlight Initiative","","","","","","","","","in-run gameplay","{""archetype"":""engineer"",""commanderClass"":""assault"",""biography"":""A heavy assault commander, siege operations director, and planetary defence specialist who commanded humanity's largest planetary defence operations during the reconstruction era — he believes true strength exists only to protect those who cannot defend themselves."",""designBrief"":""A massive reinforced exosuit in titanium-grey armour with gold reinforced plating, gigantic shoulder reactors, heavy magnetic boots, integrated shield emitters, industrial hazard markings, and a blue reactor core — a towering silhouette wherever he stands.""}"
"myrr-oracle:portrait","Selene Myrr","commanders","2","keyed","green","no green anywhere in this sprite's palette (green-keyed; see directive.colourLaw for substitutions)","character portrait","head-and-shoulders","512x512","","Selene Myrr ""Oracle""","","Afterlight Initiative","","","","","","","","","recruitment/roster/loadout screens, dialogue framing","{""archetype"":""support"",""commanderClass"":""support"",""biography"":""A strategic forecast scientist, battlefield simulation director, and predictive systems architect who rebuilt humanity's predictive analytics systems using recovered Afterlight computational arrays — she believes perfect preparation saves more lives than perfect weapons."",""designBrief"":""An elegant white command suit with silver neural circuitry, floating holographic prediction rings, a transparent tactical cloak, a blue quantum visor, orbiting tactical drones, and predictive holo-displays — a minimalist scientific aesthetic throughout.""}"
"myrr-oracle:sprite","Selene Myrr","commanders","2","keyed","green","no green anywhere in this sprite's palette (green-keyed; see directive.colourLaw for substitutions)","in-run sprite","full body, facing north","256x256, trimmed","","Selene Myrr ""Oracle""","","Afterlight Initiative","","","","","","","","","in-run gameplay","{""archetype"":""support"",""commanderClass"":""support"",""biography"":""A strategic forecast scientist, battlefield simulation director, and predictive systems architect who rebuilt humanity's predictive analytics systems using recovered Afterlight computational arrays — she believes perfect preparation saves more lives than perfect weapons."",""designBrief"":""An elegant white command suit with silver neural circuitry, floating holographic prediction rings, a transparent tactical cloak, a blue quantum visor, orbiting tactical drones, and predictive holo-displays — a minimalist scientific aesthetic throughout.""}"
"myrr-oracle:ultimate-vfx","Selene Myrr","commanders","2","additive","","","VFX (single frame or short frame sheet)","","256x256 per frame","","ultimate ability ""Future Vision""","","Afterlight Initiative","","","","","","","","","in-run gameplay","{""archetype"":""support"",""commanderClass"":""support"",""biography"":""A strategic forecast scientist, battlefield simulation director, and predictive systems architect who rebuilt humanity's predictive analytics systems using recovered Afterlight computational arrays — she believes perfect preparation saves more lives than perfect weapons."",""designBrief"":""An elegant white command suit with silver neural circuitry, floating holographic prediction rings, a transparent tactical cloak, a blue quantum visor, orbiting tactical drones, and predictive holo-displays — a minimalist scientific aesthetic throughout.""}"
"nova-architect:portrait","Caelus Nova","commanders","2","keyed","green","no green anywhere in this sprite's palette (green-keyed; see directive.colourLaw for substitutions)","character portrait","head-and-shoulders","512x512","","Caelus Nova ""Architect""","","Atlas Dynamics","","","","","","","","","recruitment/roster/loadout screens, dialogue framing","{""archetype"":""orbitalCommander"",""commanderClass"":""support"",""biography"":""A megastructure engineer, orbital construction director, and stellar infrastructure commander who became the chief architect behind humanity's post-Collapse reconstruction programme — he believes civilisation is humanity's greatest invention, and every rebuilt structure is proof that hope survives."",""designBrief"":""A white industrial exosuit with graphite structural plating, gold engineering markings, floating holographic blueprint arrays, mechanical construction arms, adaptive fabrication gauntlets, a blueprint projector backpack, and an architectural visor — orbiting construction drones accompany him everywhere.""}"
"nova-architect:sprite","Caelus Nova","commanders","2","keyed","green","no green anywhere in this sprite's palette (green-keyed; see directive.colourLaw for substitutions)","in-run sprite","full body, facing north","256x256, trimmed","","Caelus Nova ""Architect""","","Atlas Dynamics","","","","","","","","","in-run gameplay","{""archetype"":""orbitalCommander"",""commanderClass"":""support"",""biography"":""A megastructure engineer, orbital construction director, and stellar infrastructure commander who became the chief architect behind humanity's post-Collapse reconstruction programme — he believes civilisation is humanity's greatest invention, and every rebuilt structure is proof that hope survives."",""designBrief"":""A white industrial exosuit with graphite structural plating, gold engineering markings, floating holographic blueprint arrays, mechanical construction arms, adaptive fabrication gauntlets, a blueprint projector backpack, and an architectural visor — orbiting construction drones accompany him everywhere.""}"
"nova-architect:ultimate-vfx","Caelus Nova","commanders","2","additive","","","VFX (single frame or short frame sheet)","","256x256 per frame","","ultimate ability ""Frontier Citadel""","","Atlas Dynamics","","","","","","","","","in-run gameplay","{""archetype"":""orbitalCommander"",""commanderClass"":""support"",""biography"":""A megastructure engineer, orbital construction director, and stellar infrastructure commander who became the chief architect behind humanity's post-Collapse reconstruction programme — he believes civilisation is humanity's greatest invention, and every rebuilt structure is proof that hope survives."",""designBrief"":""A white industrial exosuit with graphite structural plating, gold engineering markings, floating holographic blueprint arrays, mechanical construction arms, adaptive fabrication gauntlets, a blueprint projector backpack, and an architectural visor — orbiting construction drones accompany him everywhere.""}"
"vega-echo:portrait","Talia Vega","commanders","2","keyed","green","no green anywhere in this sprite's palette (green-keyed; see directive.colourLaw for substitutions)","character portrait","head-and-shoulders","512x512","","Talia Vega ""Echo""","","Afterlight Initiative","","","","","","","","","recruitment/roster/loadout screens, dialogue framing","{""archetype"":""crystalSpecialist"",""commanderClass"":""scientist"",""biography"":""A signal intelligence specialist, acoustic physicist, and deep space communications commander who restored the fragmented interstellar communications infrastructure that had remained silent since the Collapse — she believes silence contains more information than noise."",""designBrief"":""Slim white reconnaissance armour with turquoise resonance circuitry, circular shoulder emitters, a waveform visor, floating signal receivers, an adaptive communication pack, and concentric energy rings — an elegant scientific silhouette throughout.""}"
"vega-echo:sprite","Talia Vega","commanders","2","keyed","green","no green anywhere in this sprite's palette (green-keyed; see directive.colourLaw for substitutions)","in-run sprite","full body, facing north","256x256, trimmed","","Talia Vega ""Echo""","","Afterlight Initiative","","","","","","","","","in-run gameplay","{""archetype"":""crystalSpecialist"",""commanderClass"":""scientist"",""biography"":""A signal intelligence specialist, acoustic physicist, and deep space communications commander who restored the fragmented interstellar communications infrastructure that had remained silent since the Collapse — she believes silence contains more information than noise."",""designBrief"":""Slim white reconnaissance armour with turquoise resonance circuitry, circular shoulder emitters, a waveform visor, floating signal receivers, an adaptive communication pack, and concentric energy rings — an elegant scientific silhouette throughout.""}"
"vega-echo:ultimate-vfx","Talia Vega","commanders","2","additive","","","VFX (single frame or short frame sheet)","","256x256 per frame","","ultimate ability ""Deep Echo Network""","","Afterlight Initiative","","","","","","","","","in-run gameplay","{""archetype"":""crystalSpecialist"",""commanderClass"":""scientist"",""biography"":""A signal intelligence specialist, acoustic physicist, and deep space communications commander who restored the fragmented interstellar communications infrastructure that had remained silent since the Collapse — she believes silence contains more information than noise."",""designBrief"":""Slim white reconnaissance armour with turquoise resonance circuitry, circular shoulder emitters, a waveform visor, floating signal receivers, an adaptive communication pack, and concentric energy rings — an elegant scientific silhouette throughout.""}"
"rhem-catalyst:portrait","Darius Rhem","commanders","2","keyed","green","no green anywhere in this sprite's palette (green-keyed; see directive.colourLaw for substitutions)","character portrait","head-and-shoulders","512x512","","Darius Rhem ""Catalyst""","","Afterlight Initiative","","","","","","","","","recruitment/roster/loadout screens, dialogue framing","{""archetype"":""prototypePilot"",""commanderClass"":""experimental"",""biography"":""A reaction systems scientist, chain-reaction specialist, and energy cascade researcher who pioneered safe chain-reaction engineering after preventing one of the largest post-Collapse reactor failures in recorded history — he believes the smallest action can reshape an entire civilisation."",""designBrief"":""A white experimental combat suit with amber energy conduits, reactive plasma coils, floating catalyst spheres, scientific gauntlets, an adaptive reaction backpack, and a bright orange reactor core — particle emitters orbit him constantly.""}"
"rhem-catalyst:sprite","Darius Rhem","commanders","2","keyed","green","no green anywhere in this sprite's palette (green-keyed; see directive.colourLaw for substitutions)","in-run sprite","full body, facing north","256x256, trimmed","","Darius Rhem ""Catalyst""","","Afterlight Initiative","","","","","","","","","in-run gameplay","{""archetype"":""prototypePilot"",""commanderClass"":""experimental"",""biography"":""A reaction systems scientist, chain-reaction specialist, and energy cascade researcher who pioneered safe chain-reaction engineering after preventing one of the largest post-Collapse reactor failures in recorded history — he believes the smallest action can reshape an entire civilisation."",""designBrief"":""A white experimental combat suit with amber energy conduits, reactive plasma coils, floating catalyst spheres, scientific gauntlets, an adaptive reaction backpack, and a bright orange reactor core — particle emitters orbit him constantly.""}"
"rhem-catalyst:ultimate-vfx","Darius Rhem","commanders","2","additive","","","VFX (single frame or short frame sheet)","","256x256 per frame","","ultimate ability ""Critical Mass""","","Afterlight Initiative","","","","","","","","","in-run gameplay","{""archetype"":""prototypePilot"",""commanderClass"":""experimental"",""biography"":""A reaction systems scientist, chain-reaction specialist, and energy cascade researcher who pioneered safe chain-reaction engineering after preventing one of the largest post-Collapse reactor failures in recorded history — he believes the smallest action can reshape an entire civilisation."",""designBrief"":""A white experimental combat suit with amber energy conduits, reactive plasma coils, floating catalyst spheres, scientific gauntlets, an adaptive reaction backpack, and a bright orange reactor core — particle emitters orbit him constantly.""}"
"ross-horizon:portrait","Eliana Ross","commanders","2","keyed","green","no green anywhere in this sprite's palette (green-keyed; see directive.colourLaw for substitutions)","character portrait","head-and-shoulders","512x512","","Eliana Ross ""Horizon""","","Afterlight Initiative","","","","","","","","","recruitment/roster/loadout screens, dialogue framing","{""archetype"":""droneCommander"",""commanderClass"":""support"",""biography"":""A long-range expedition commander, planetary survey director, and colonisation specialist who commanded the first successful post-Collapse deep-space colonisation programme — she believes humanity's future will always exist just beyond the next horizon."",""designBrief"":""White expedition armour with sand-gold expedition markings, a long exploration cloak, a terrain analysis visor, portable survey drones, a planetary mapping backpack, adaptive climbing equipment, and blue atmospheric sensors — an unmistakable explorer silhouette.""}"
"ross-horizon:sprite","Eliana Ross","commanders","2","keyed","green","no green anywhere in this sprite's palette (green-keyed; see directive.colourLaw for substitutions)","in-run sprite","full body, facing north","256x256, trimmed","","Eliana Ross ""Horizon""","","Afterlight Initiative","","","","","","","","","in-run gameplay","{""archetype"":""droneCommander"",""commanderClass"":""support"",""biography"":""A long-range expedition commander, planetary survey director, and colonisation specialist who commanded the first successful post-Collapse deep-space colonisation programme — she believes humanity's future will always exist just beyond the next horizon."",""designBrief"":""White expedition armour with sand-gold expedition markings, a long exploration cloak, a terrain analysis visor, portable survey drones, a planetary mapping backpack, adaptive climbing equipment, and blue atmospheric sensors — an unmistakable explorer silhouette.""}"
"ross-horizon:ultimate-vfx","Eliana Ross","commanders","2","additive","","","VFX (single frame or short frame sheet)","","256x256 per frame","","ultimate ability ""New Frontier""","","Afterlight Initiative","","","","","","","","","in-run gameplay","{""archetype"":""droneCommander"",""commanderClass"":""support"",""biography"":""A long-range expedition commander, planetary survey director, and colonisation specialist who commanded the first successful post-Collapse deep-space colonisation programme — she believes humanity's future will always exist just beyond the next horizon."",""designBrief"":""White expedition armour with sand-gold expedition markings, a long exploration cloak, a terrain analysis visor, portable survey drones, a planetary mapping backpack, adaptive climbing equipment, and blue atmospheric sensors — an unmistakable explorer silhouette.""}"
"solace-diplomat:portrait","Kieran Solace","commanders","2","keyed","green","no green anywhere in this sprite's palette (green-keyed; see directive.colourLaw for substitutions)","character portrait","head-and-shoulders","512x512","","Kieran Solace ""Diplomat""","","Afterlight Initiative","","","","","","","","","recruitment/roster/loadout screens, dialogue framing","{""archetype"":""crystalSpecialist"",""commanderClass"":""defender"",""biography"":""A chief diplomatic envoy, conflict resolution director, and first contact specialist who negotiated the first lasting interstellar alliance following the Collapse — he believes lasting peace requires courage equal to warfare."",""designBrief"":""An elegant white diplomatic uniform with gold ceremonial armour, a blue illuminated insignia, a holographic translation device, a compact negotiation interface, a light ceremonial cape, and minimal defensive plating — orbiting diplomatic drones accompany him at all times.""}"
"solace-diplomat:sprite","Kieran Solace","commanders","2","keyed","green","no green anywhere in this sprite's palette (green-keyed; see directive.colourLaw for substitutions)","in-run sprite","full body, facing north","256x256, trimmed","","Kieran Solace ""Diplomat""","","Afterlight Initiative","","","","","","","","","in-run gameplay","{""archetype"":""crystalSpecialist"",""commanderClass"":""defender"",""biography"":""A chief diplomatic envoy, conflict resolution director, and first contact specialist who negotiated the first lasting interstellar alliance following the Collapse — he believes lasting peace requires courage equal to warfare."",""designBrief"":""An elegant white diplomatic uniform with gold ceremonial armour, a blue illuminated insignia, a holographic translation device, a compact negotiation interface, a light ceremonial cape, and minimal defensive plating — orbiting diplomatic drones accompany him at all times.""}"
"solace-diplomat:ultimate-vfx","Kieran Solace","commanders","2","additive","","","VFX (single frame or short frame sheet)","","256x256 per frame","","ultimate ability ""United Front""","","Afterlight Initiative","","","","","","","","","in-run gameplay","{""archetype"":""crystalSpecialist"",""commanderClass"":""defender"",""biography"":""A chief diplomatic envoy, conflict resolution director, and first contact specialist who negotiated the first lasting interstellar alliance following the Collapse — he believes lasting peace requires courage equal to warfare."",""designBrief"":""An elegant white diplomatic uniform with gold ceremonial armour, a blue illuminated insignia, a holographic translation device, a compact negotiation interface, a light ceremonial cape, and minimal defensive plating — orbiting diplomatic drones accompany him at all times.""}"
"oris-nanoforge:portrait","Xanthe Oris","commanders","2","keyed","green","no green anywhere in this sprite's palette (green-keyed; see directive.colourLaw for substitutions)","character portrait","head-and-shoulders","512x512","","Xanthe Oris ""Nanoforge""","","Afterlight Initiative","","","","","","","","","recruitment/roster/loadout screens, dialogue framing","{""archetype"":""guardian"",""commanderClass"":""experimental"",""biography"":""A nanotechnology engineer, adaptive materials scientist, and matter reconstruction specialist who perfected safe programmable matter after decades of failed experiments — she believes perfection is not a destination, it is continuous adaptation."",""designBrief"":""Pearlescent adaptive armour with silver nanite swarms flowing beneath transparent plating, floating construction particles, morphing gauntlets, a programmable cloak, a blue-white nanite reactor, a dynamic helmet visor, and constant microscopic surface movement.""}"
"oris-nanoforge:sprite","Xanthe Oris","commanders","2","keyed","green","no green anywhere in this sprite's palette (green-keyed; see directive.colourLaw for substitutions)","in-run sprite","full body, facing north","256x256, trimmed","","Xanthe Oris ""Nanoforge""","","Afterlight Initiative","","","","","","","","","in-run gameplay","{""archetype"":""guardian"",""commanderClass"":""experimental"",""biography"":""A nanotechnology engineer, adaptive materials scientist, and matter reconstruction specialist who perfected safe programmable matter after decades of failed experiments — she believes perfection is not a destination, it is continuous adaptation."",""designBrief"":""Pearlescent adaptive armour with silver nanite swarms flowing beneath transparent plating, floating construction particles, morphing gauntlets, a programmable cloak, a blue-white nanite reactor, a dynamic helmet visor, and constant microscopic surface movement.""}"
"oris-nanoforge:ultimate-vfx","Xanthe Oris","commanders","2","additive","","","VFX (single frame or short frame sheet)","","256x256 per frame","","ultimate ability ""Genesis Fabricator""","","Afterlight Initiative","","","","","","","","","in-run gameplay","{""archetype"":""guardian"",""commanderClass"":""experimental"",""biography"":""A nanotechnology engineer, adaptive materials scientist, and matter reconstruction specialist who perfected safe programmable matter after decades of failed experiments — she believes perfection is not a destination, it is continuous adaptation."",""designBrief"":""Pearlescent adaptive armour with silver nanite swarms flowing beneath transparent plating, floating construction particles, morphing gauntlets, a programmable cloak, a blue-white nanite reactor, a dynamic helmet visor, and constant microscopic surface movement.""}"
"drake-sentinel:portrait","Ronan Drake","commanders","2","keyed","green","no green anywhere in this sprite's palette (green-keyed; see directive.colourLaw for substitutions)","character portrait","head-and-shoulders","512x512","","Ronan Drake ""Sentinel""","","Afterlight Initiative","","","","","","","","","recruitment/roster/loadout screens, dialogue framing","{""archetype"":""orbitalCommander"",""commanderClass"":""recon"",""biography"":""A perimeter defence commander, orbital security director, and threat assessment specialist who protected humanity's first restored core systems after the Collapse — he believes the best defence is one nobody notices because it never fails."",""designBrief"":""White tactical defence armour with dark graphite reinforcement, blue defensive energy nodes, an orbital targeting visor, deployable defence pylons, a compact radar backpack, integrated shield emitters, and floating interceptor drones.""}"
"drake-sentinel:sprite","Ronan Drake","commanders","2","keyed","green","no green anywhere in this sprite's palette (green-keyed; see directive.colourLaw for substitutions)","in-run sprite","full body, facing north","256x256, trimmed","","Ronan Drake ""Sentinel""","","Afterlight Initiative","","","","","","","","","in-run gameplay","{""archetype"":""orbitalCommander"",""commanderClass"":""recon"",""biography"":""A perimeter defence commander, orbital security director, and threat assessment specialist who protected humanity's first restored core systems after the Collapse — he believes the best defence is one nobody notices because it never fails."",""designBrief"":""White tactical defence armour with dark graphite reinforcement, blue defensive energy nodes, an orbital targeting visor, deployable defence pylons, a compact radar backpack, integrated shield emitters, and floating interceptor drones.""}"
"drake-sentinel:ultimate-vfx","Ronan Drake","commanders","2","additive","","","VFX (single frame or short frame sheet)","","256x256 per frame","","ultimate ability ""Planetary Defence Matrix""","","Afterlight Initiative","","","","","","","","","in-run gameplay","{""archetype"":""orbitalCommander"",""commanderClass"":""recon"",""biography"":""A perimeter defence commander, orbital security director, and threat assessment specialist who protected humanity's first restored core systems after the Collapse — he believes the best defence is one nobody notices because it never fails."",""designBrief"":""White tactical defence armour with dark graphite reinforcement, blue defensive energy nodes, an orbital targeting visor, deployable defence pylons, a compact radar backpack, integrated shield emitters, and floating interceptor drones.""}"
"helix-alchemist:portrait","Sora Helix","commanders","2","keyed","green","no green anywhere in this sprite's palette (green-keyed; see directive.colourLaw for substitutions)","character portrait","head-and-shoulders","512x512","","Sora Helix ""Alchemist""","","Afterlight Initiative","","","","","","","","","recruitment/roster/loadout screens, dialogue framing","{""archetype"":""engineer"",""commanderClass"":""scientist"",""biography"":""An experimental chemist, elemental reaction scientist, and hazard systems specialist who revolutionised applied chemistry after the Collapse — she treats every battlefield as a scientific laboratory."",""designBrief"":""An adaptive white research coat with amber chemical reservoirs, transparent reagent canisters, a multi-spectrum visor, mechanical synthesis gauntlets, portable analysis drones, a colour-changing reactor core, and a scientific expedition harness.""}"
"helix-alchemist:sprite","Sora Helix","commanders","2","keyed","green","no green anywhere in this sprite's palette (green-keyed; see directive.colourLaw for substitutions)","in-run sprite","full body, facing north","256x256, trimmed","","Sora Helix ""Alchemist""","","Afterlight Initiative","","","","","","","","","in-run gameplay","{""archetype"":""engineer"",""commanderClass"":""scientist"",""biography"":""An experimental chemist, elemental reaction scientist, and hazard systems specialist who revolutionised applied chemistry after the Collapse — she treats every battlefield as a scientific laboratory."",""designBrief"":""An adaptive white research coat with amber chemical reservoirs, transparent reagent canisters, a multi-spectrum visor, mechanical synthesis gauntlets, portable analysis drones, a colour-changing reactor core, and a scientific expedition harness.""}"
"helix-alchemist:ultimate-vfx","Sora Helix","commanders","2","additive","","","VFX (single frame or short frame sheet)","","256x256 per frame","","ultimate ability ""Grand Synthesis""","","Afterlight Initiative","","","","","","","","","in-run gameplay","{""archetype"":""engineer"",""commanderClass"":""scientist"",""biography"":""An experimental chemist, elemental reaction scientist, and hazard systems specialist who revolutionised applied chemistry after the Collapse — she treats every battlefield as a scientific laboratory."",""designBrief"":""An adaptive white research coat with amber chemical reservoirs, transparent reagent canisters, a multi-spectrum visor, mechanical synthesis gauntlets, portable analysis drones, a colour-changing reactor core, and a scientific expedition harness.""}"
"fen-beastmaster:portrait","Dorian Fen","commanders","2","keyed","green","no green anywhere in this sprite's palette (green-keyed; see directive.colourLaw for substitutions)","character portrait","head-and-shoulders","512x512","","Dorian Fen ""Beastmaster""","","Afterlight Initiative","","","","","","","","","recruitment/roster/loadout screens, dialogue framing","{""archetype"":""droneCommander"",""commanderClass"":""hybrid"",""biography"":""A xenobiologist, wildlife handler, and ecological restoration commander who rebuilt humanity's relationship with alien ecosystems by proving that native species could become trusted expedition partners rather than obstacles — he believes every species deserves coexistence before conflict."",""designBrief"":""White frontier ranger armour with an emerald expedition cloak, a living bio-scanner, a creature command gauntlet, a portable habitat pack, adaptive survival equipment, a wildlife tracking visor, and a small companion that constantly accompanies him.""}"
"fen-beastmaster:sprite","Dorian Fen","commanders","2","keyed","green","no green anywhere in this sprite's palette (green-keyed; see directive.colourLaw for substitutions)","in-run sprite","full body, facing north","256x256, trimmed","","Dorian Fen ""Beastmaster""","","Afterlight Initiative","","","","","","","","","in-run gameplay","{""archetype"":""droneCommander"",""commanderClass"":""hybrid"",""biography"":""A xenobiologist, wildlife handler, and ecological restoration commander who rebuilt humanity's relationship with alien ecosystems by proving that native species could become trusted expedition partners rather than obstacles — he believes every species deserves coexistence before conflict."",""designBrief"":""White frontier ranger armour with an emerald expedition cloak, a living bio-scanner, a creature command gauntlet, a portable habitat pack, adaptive survival equipment, a wildlife tracking visor, and a small companion that constantly accompanies him.""}"
"fen-beastmaster:ultimate-vfx","Dorian Fen","commanders","2","additive","","","VFX (single frame or short frame sheet)","","256x256 per frame","","ultimate ability ""Wild Dominion""","","Afterlight Initiative","","","","","","","","","in-run gameplay","{""archetype"":""droneCommander"",""commanderClass"":""hybrid"",""biography"":""A xenobiologist, wildlife handler, and ecological restoration commander who rebuilt humanity's relationship with alien ecosystems by proving that native species could become trusted expedition partners rather than obstacles — he believes every species deserves coexistence before conflict."",""designBrief"":""White frontier ranger armour with an emerald expedition cloak, a living bio-scanner, a creature command gauntlet, a portable habitat pack, adaptive survival equipment, a wildlife tracking visor, and a small companion that constantly accompanies him.""}"
"noctis-voidwalker:portrait","Vega Noctis","commanders","2","keyed","green","no green anywhere in this sprite's palette (green-keyed; see directive.colourLaw for substitutions)","character portrait","head-and-shoulders","512x512","","Vega Noctis ""Voidwalker""","","Afterlight Initiative","","","","","","","","","recruitment/roster/loadout screens, dialogue framing","{""archetype"":""voidSpecialist"",""commanderClass"":""experimental"",""biography"":""An anomaly navigator, deep void explorer, and reality boundary specialist who became the first explorer to successfully navigate and return from the expanding dimensional fractures that appeared after the Collapse — she has stared into the emptiness long enough to understand that hope shines brightest where light cannot reach."",""designBrief"":""Midnight-black adaptive armour with deep violet energy veins, a shifting starfield cloak, floating void crystals, a fractured visor, gravitational distortion surrounding her movement, small galaxies visible within her armour plating, and a dark silhouette with brilliant cosmic highlights.""}"
"noctis-voidwalker:sprite","Vega Noctis","commanders","2","keyed","green","no green anywhere in this sprite's palette (green-keyed; see directive.colourLaw for substitutions)","in-run sprite","full body, facing north","256x256, trimmed","","Vega Noctis ""Voidwalker""","","Afterlight Initiative","","","","","","","","","in-run gameplay","{""archetype"":""voidSpecialist"",""commanderClass"":""experimental"",""biography"":""An anomaly navigator, deep void explorer, and reality boundary specialist who became the first explorer to successfully navigate and return from the expanding dimensional fractures that appeared after the Collapse — she has stared into the emptiness long enough to understand that hope shines brightest where light cannot reach."",""designBrief"":""Midnight-black adaptive armour with deep violet energy veins, a shifting starfield cloak, floating void crystals, a fractured visor, gravitational distortion surrounding her movement, small galaxies visible within her armour plating, and a dark silhouette with brilliant cosmic highlights.""}"
"noctis-voidwalker:ultimate-vfx","Vega Noctis","commanders","2","additive","","","VFX (single frame or short frame sheet)","","256x256 per frame","","ultimate ability ""Beyond the Veil""","","Afterlight Initiative","","","","","","","","","in-run gameplay","{""archetype"":""voidSpecialist"",""commanderClass"":""experimental"",""biography"":""An anomaly navigator, deep void explorer, and reality boundary specialist who became the first explorer to successfully navigate and return from the expanding dimensional fractures that appeared after the Collapse — she has stared into the emptiness long enough to understand that hope shines brightest where light cannot reach."",""designBrief"":""Midnight-black adaptive armour with deep violet energy veins, a shifting starfield cloak, floating void crystals, a fractured visor, gravitational distortion surrounding her movement, small galaxies visible within her armour plating, and a dark silhouette with brilliant cosmic highlights.""}"
"aether-celestial:portrait","Lysandra Aether","commanders","2","keyed","green","no green anywhere in this sprite's palette (green-keyed; see directive.colourLaw for substitutions)","character portrait","head-and-shoulders","512x512","","Lysandra Aether ""Celestial""","","Afterlight Initiative","","","","","","","","","recruitment/roster/loadout screens, dialogue framing","{""archetype"":""orbitalCommander"",""commanderClass"":""hybrid"",""biography"":""An astrophysicist, celestial navigation director, and cosmic energy research commander who restored the forgotten network of ancient observatories that once united humanity's earliest interstellar explorers — she believes humanity was never meant to conquer the stars, only to become worthy of them."",""designBrief"":""Flowing white ceremonial armour with gold celestial trim, an animated constellation cloak, orbiting miniature stars, a living galaxy halo, a solar crown, cosmic energy wings, and a deep blue crystal visor — every movement leaves constellations behind.""}"
"aether-celestial:sprite","Lysandra Aether","commanders","2","keyed","green","no green anywhere in this sprite's palette (green-keyed; see directive.colourLaw for substitutions)","in-run sprite","full body, facing north","256x256, trimmed","","Lysandra Aether ""Celestial""","","Afterlight Initiative","","","","","","","","","in-run gameplay","{""archetype"":""orbitalCommander"",""commanderClass"":""hybrid"",""biography"":""An astrophysicist, celestial navigation director, and cosmic energy research commander who restored the forgotten network of ancient observatories that once united humanity's earliest interstellar explorers — she believes humanity was never meant to conquer the stars, only to become worthy of them."",""designBrief"":""Flowing white ceremonial armour with gold celestial trim, an animated constellation cloak, orbiting miniature stars, a living galaxy halo, a solar crown, cosmic energy wings, and a deep blue crystal visor — every movement leaves constellations behind.""}"
"aether-celestial:ultimate-vfx","Lysandra Aether","commanders","2","additive","","","VFX (single frame or short frame sheet)","","256x256 per frame","","ultimate ability ""Birth of a Galaxy""","","Afterlight Initiative","","","","","","","","","in-run gameplay","{""archetype"":""orbitalCommander"",""commanderClass"":""hybrid"",""biography"":""An astrophysicist, celestial navigation director, and cosmic energy research commander who restored the forgotten network of ancient observatories that once united humanity's earliest interstellar explorers — she believes humanity was never meant to conquer the stars, only to become worthy of them."",""designBrief"":""Flowing white ceremonial armour with gold celestial trim, an animated constellation cloak, orbiting miniature stars, a living galaxy halo, a solar crown, cosmic energy wings, and a deep blue crystal visor — every movement leaves constellations behind.""}"
"prime-founder:portrait","Atlas Prime","commanders","2","keyed","green","no green anywhere in this sprite's palette (green-keyed; see directive.colourLaw for substitutions)","character portrait","head-and-shoulders","512x512","","Atlas Prime ""Founder""","","The First Expedition","","","","","","","","","recruitment/roster/loadout screens, dialogue framing","{""archetype"":""guardian"",""commanderClass"":""hybrid"",""biography"":""The first expedition commander, architect of humanity's survival, and founder of the Afterlight Network, revived after more than four centuries in cryostasis — he never sought greatness; he simply refused to let humanity disappear."",""designBrief"":""Ancient white expedition armour with worn gold trim, the original Atlas insignia, visible repairs accumulated over centuries, a simple command cloak, and a prototype reactor — no unnecessary ornamentation; his appearance reflects history rather than power.""}"
"prime-founder:sprite","Atlas Prime","commanders","2","keyed","green","no green anywhere in this sprite's palette (green-keyed; see directive.colourLaw for substitutions)","in-run sprite","full body, facing north","256x256, trimmed","","Atlas Prime ""Founder""","","The First Expedition","","","","","","","","","in-run gameplay","{""archetype"":""guardian"",""commanderClass"":""hybrid"",""biography"":""The first expedition commander, architect of humanity's survival, and founder of the Afterlight Network, revived after more than four centuries in cryostasis — he never sought greatness; he simply refused to let humanity disappear."",""designBrief"":""Ancient white expedition armour with worn gold trim, the original Atlas insignia, visible repairs accumulated over centuries, a simple command cloak, and a prototype reactor — no unnecessary ornamentation; his appearance reflects history rather than power.""}"
"prime-founder:ultimate-vfx","Atlas Prime","commanders","2","additive","","","VFX (single frame or short frame sheet)","","256x256 per frame","","ultimate ability ""Afterlight""","","The First Expedition","","","","","","","","","in-run gameplay","{""archetype"":""guardian"",""commanderClass"":""hybrid"",""biography"":""The first expedition commander, architect of humanity's survival, and founder of the Afterlight Network, revived after more than four centuries in cryostasis — he never sought greatness; he simply refused to let humanity disappear."",""designBrief"":""Ancient white expedition armour with worn gold trim, the original Atlas insignia, visible repairs accumulated over centuries, a simple command cloak, and a prototype reactor — no unnecessary ornamentation; his appearance reflects history rather than power.""}"
"elite-mutation:regeneration","regeneration","elite-mutations","2","additive","","","VFX (single frame or short frame sheet)","","256x256 per frame","","mutation tell ""regeneration""","","","","","","","","","","","elite enemies, in-run","{""visualTell"":""pulsing GOLD hull seams (colour law — lore colour is green)"",""rule"":""additive overlay composited onto ANY enemy sprite — never a separate mutated sprite (DIRECTIVE §2)""}"
"elite-mutation:shielded","shielded","elite-mutations","2","additive","","","VFX (single frame or short frame sheet)","","256x256 per frame","","mutation tell ""shielded""","","","","","","","","","","","elite enemies, in-run","{""visualTell"":""barrier shimmer"",""rule"":""additive overlay composited onto ANY enemy sprite — never a separate mutated sprite (DIRECTIVE §2)""}"
"elite-mutation:explosive","explosive","elite-mutations","2","additive","","","VFX (single frame or short frame sheet)","","256x256 per frame","","mutation tell ""explosive""","","","","","","","","","","","elite enemies, in-run","{""visualTell"":""cracked glowing plating"",""rule"":""additive overlay composited onto ANY enemy sprite — never a separate mutated sprite (DIRECTIVE §2)""}"
"elite-mutation:teleport","teleport","elite-mutations","2","additive","","","VFX (single frame or short frame sheet)","","256x256 per frame","","mutation tell ""teleport""","","","","","","","","","","","elite enemies, in-run","{""visualTell"":""spatial-distortion flash"",""rule"":""additive overlay composited onto ANY enemy sprite — never a separate mutated sprite (DIRECTIVE §2)""}"
"elite-mutation:reflectiveArmour","reflectiveArmour","elite-mutations","2","additive","","","VFX (single frame or short frame sheet)","","256x256 per frame","","mutation tell ""reflectiveArmour""","","","","","","","","","","","elite enemies, in-run","{""visualTell"":""mirrored sheen"",""rule"":""additive overlay composited onto ANY enemy sprite — never a separate mutated sprite (DIRECTIVE §2)""}"
"elite-mutation:rapidAssault","rapidAssault","elite-mutations","2","additive","","","VFX (single frame or short frame sheet)","","256x256 per frame","","mutation tell ""rapidAssault""","","","","","","","","","","","elite enemies, in-run","{""visualTell"":""overcharged weapon glow"",""rule"":""additive overlay composited onto ANY enemy sprite — never a separate mutated sprite (DIRECTIVE §2)""}"
"elite-mutation:gravityField","gravityField","elite-mutations","2","additive","","","VFX (single frame or short frame sheet)","","256x256 per frame","","mutation tell ""gravityField""","","","","","","","","","","","elite enemies, in-run","{""visualTell"":""distortion ring"",""rule"":""additive overlay composited onto ANY enemy sprite — never a separate mutated sprite (DIRECTIVE §2)""}"
"elite-mutation:summoner","summoner","elite-mutations","2","additive","","","VFX (single frame or short frame sheet)","","256x256 per frame","","mutation tell ""summoner""","","","","","","","","","","","elite enemies, in-run","{""visualTell"":""beacon pulse before each spawn"",""rule"":""additive overlay composited onto ANY enemy sprite — never a separate mutated sprite (DIRECTIVE §2)""}"
"elite-mutation:berserker","berserker","elite-mutations","2","additive","","","VFX (single frame or short frame sheet)","","256x256 per frame","","mutation tell ""berserker""","","","","","","","","","","","elite enemies, in-run","{""visualTell"":""red low-hull flare"",""rule"":""additive overlay composited onto ANY enemy sprite — never a separate mutated sprite (DIRECTIVE §2)""}"
"elite-mutation:cryogenic","cryogenic","elite-mutations","2","additive","","","VFX (single frame or short frame sheet)","","256x256 per frame","","mutation tell ""cryogenic""","","","","","","","","","","","elite enemies, in-run","{""visualTell"":""frost trail"",""rule"":""additive overlay composited onto ANY enemy sprite — never a separate mutated sprite (DIRECTIVE §2)""}"
"elite-mutation:incendiary","incendiary","elite-mutations","2","additive","","","VFX (single frame or short frame sheet)","","256x256 per frame","","mutation tell ""incendiary""","","","","","","","","","","","elite enemies, in-run","{""visualTell"":""trailing embers"",""rule"":""additive overlay composited onto ANY enemy sprite — never a separate mutated sprite (DIRECTIVE §2)""}"
"elite-mutation:corrupted","corrupted","elite-mutations","2","additive","","","VFX (single frame or short frame sheet)","","256x256 per frame","","mutation tell ""corrupted""","","","","","","","","","","","elite enemies, in-run","{""visualTell"":""glitching void-purple outline"",""rule"":""additive overlay composited onto ANY enemy sprite — never a separate mutated sprite (DIRECTIVE §2)""}"
"elite-mutation:quantumShift","quantumShift","elite-mutations","2","additive","","","VFX (single frame or short frame sheet)","","256x256 per frame","","mutation tell ""quantumShift""","","","","","","","","","","","elite enemies, in-run","{""visualTell"":""flickering double-image"",""rule"":""additive overlay composited onto ANY enemy sprite — never a separate mutated sprite (DIRECTIVE §2)""}"
"elite-mutation:temporalEcho","temporalEcho","elite-mutations","2","additive","","","VFX (single frame or short frame sheet)","","256x256 per frame","","mutation tell ""temporalEcho""","","","","","","","","","","","elite enemies, in-run","{""visualTell"":""trailing translucent duplicate"",""rule"":""additive overlay composited onto ANY enemy sprite — never a separate mutated sprite (DIRECTIVE §2)""}"
"elite-mutation:adaptiveArmour","adaptiveArmour","elite-mutations","2","additive","","","VFX (single frame or short frame sheet)","","256x256 per frame","","mutation tell ""adaptiveArmour""","","","","","","","","","","","elite enemies, in-run","{""visualTell"":""colour-shifting plates"",""rule"":""additive overlay composited onto ANY enemy sprite — never a separate mutated sprite (DIRECTIVE §2)""}"
"elite-mutation:electric","electric","elite-mutations","2","additive","","","VFX (single frame or short frame sheet)","","256x256 per frame","","mutation tell ""electric""","","","","","","","","","","","elite enemies, in-run","{""visualTell"":""crackling arcs"",""rule"":""additive overlay composited onto ANY enemy sprite — never a separate mutated sprite (DIRECTIVE §2)""}"
"elite-mutation:cloaked","cloaked","elite-mutations","2","additive","","","VFX (single frame or short frame sheet)","","256x256 per frame","","mutation tell ""cloaked""","","","","","","","","","","","elite enemies, in-run","{""visualTell"":""fading outline on a visible cycle"",""rule"":""additive overlay composited onto ANY enemy sprite — never a separate mutated sprite (DIRECTIVE §2)""}"
"elite-mutation:vampiric","vampiric","elite-mutations","2","additive","","","VFX (single frame or short frame sheet)","","256x256 per frame","","mutation tell ""vampiric""","","","","","","","","","","","elite enemies, in-run","{""visualTell"":""red damage tether from target"",""rule"":""additive overlay composited onto ANY enemy sprite — never a separate mutated sprite (DIRECTIVE §2)""}"
"crystal-fields-alpha:background","Crystal Fields","biomes","2","fullbleed","","","background art","","1920x1080","","Crystal Fields environment","","","","","Crystal Fields","authored","","","","","in-run play-field background","{""biomeId"":""crystal-fields-alpha"",""biomeLore"":""Silicate growths climb toward starlight that hasn't reached this system in a thousand years."",""biomeVisualIdentity"":{""lighting"":""cool refracted violet"",""fog"":""light, glassy haze"",""skybox"":""shard-lit nebula"",""planetaryColours"":""violet, pale blue, white"",""architecture"":""grown lattice spires"",""vegetation"":""none — crystalline growth stands in"",""weather"":""ion cloud drift"",""environmentalVfx"":""shard glints on movement""}}"
"ancient-core:background","First Light","biomes","2","fullbleed","","","background art","","1920x1080","","First Light environment","","","","","First Light","unauthored — art direction not yet written for this biome; generator should flag, not invent silently","","","","","in-run play-field background","{""biomeId"":""ancient-core"",""biomeLore"":""They built a civilisation the size of a sky, wrote down everything they learned, and left the lights on. The library is still open. The librarians never stood down.""}"
"crystal-expanse:background","Prismheart","biomes","2","fullbleed","","","background art","","1920x1080","","Prismheart environment","","","","","Prismheart","unauthored — art direction not yet written for this biome; generator should flag, not invent silently","","","","","in-run play-field background","{""biomeId"":""crystal-expanse"",""biomeLore"":""The valley refracts your own running lights back at you in colours they never had. Nothing here is hostile until you forget it's all one organism.""}"
"derelict-expanse:background","Gravewake","biomes","2","fullbleed","","","background art","","1920x1080","","Gravewake environment","","","","","Gravewake","unauthored — art direction not yet written for this biome; generator should flag, not invent silently","","","","","in-run play-field background","{""biomeId"":""derelict-expanse"",""biomeLore"":""Millions of ships, thousands of years of losing. Some still transmit. Some are still sealed. Nothing here was ever salvaged, and nobody who studies the Expanse can agree on why.""}"
"meridian-rest-frontier:background","Meridian Rest","biomes","2","fullbleed","","","background art","","1920x1080","","Meridian Rest environment","","","","","Meridian Rest","unauthored — art direction not yet written for this biome; generator should flag, not invent silently","","","","","in-run play-field background","{""biomeId"":""meridian-rest-frontier"",""biomeLore"":""Half the station lights still work, and every one of them is on. The frontier rebuilds in public, so the dark can see it hasn't won.""}"
"frozen-reach:background","Winterline","biomes","2","fullbleed","","","background art","","1920x1080","","Winterline environment","","","","","Winterline","authored","","","","","in-run play-field background","{""biomeId"":""frozen-reach"",""biomeLore"":""The colonies here saw the Collapse coming and chose suspension over escape. Kilometres under the ice, the lights are still on, the instruments still recording. They are all still waiting."",""biomeVisualIdentity"":{""lighting"":""flat cold white"",""fog"":""dense, low-lying"",""skybox"":""pale overcast"",""planetaryColours"":""white, grey-blue"",""architecture"":""expedition-white weathered stations"",""vegetation"":""none"",""weather"":""gentle snowfall"",""environmentalVfx"":""sparse frost particles""}}"
"living-ecospheres:background","Verdance","biomes","2","fullbleed","","","background art","","1920x1080","","Verdance environment","","","","","Verdance","unauthored — art direction not yet written for this biome; generator should flag, not invent silently","","","","","in-run play-field background","{""biomeId"":""living-ecospheres"",""biomeLore"":""The planet noticed you before you made orbit. The forests are its nerves, the rivers its blood, the wildlife its immune system. You are not exploring it. It is examining you.""}"
"machine-expanse:background","Forge Primus","biomes","2","fullbleed","","","background art","","1920x1080","","Forge Primus environment","","","","","Forge Primus","unauthored — art direction not yet written for this biome; generator should flag, not invent silently","","","","","in-run play-field background","{""biomeId"":""machine-expanse"",""biomeLore"":""The factory noticed you eleven minutes ago. It has not stopped working. It has never stopped working. You are simply not yet a scheduled task.""}"
"singularity-zone:background","Axiom","biomes","2","fullbleed","","","background art","","1920x1080","","Axiom environment","","","","","Axiom","unauthored — art direction not yet written for this biome; generator should flag, not invent silently","","","","","in-run play-field background","{""biomeId"":""singularity-zone"",""biomeLore"":""Past the precursors' last light, physics stops being a description and becomes a negotiation. The Zone is not breaking the laws of reality. It is drafting new ones, continuously, and you are standing inside the draft.""}"
"solar-wastes:background","Cinderfall","biomes","2","fullbleed","","","background art","","1920x1080","","Cinderfall environment","","","","","Cinderfall","unauthored — art direction not yet written for this biome; generator should flag, not invent silently","","","","","in-run play-field background","{""biomeId"":""solar-wastes"",""biomeLore"":""The star has perhaps ten thousand years left, which is nothing. Everyone who could leave, left. Everyone still here is fighting over what the leavers couldn't carry.""}"
"void-expanse:background","Hollow Crown","biomes","2","fullbleed","","","background art","","1920x1080","","Hollow Crown environment","","","","","Hollow Crown","unauthored — art direction not yet written for this biome; generator should flag, not invent silently","","","","","in-run play-field background","{""biomeId"":""void-expanse"",""biomeLore"":""The stars here did not go out. They went elsewhere. What is left keeps their shapes the way a footprint keeps a foot.""}"
"status:burn","burn","status-effects","2","additive","","","VFX (single frame or short frame sheet)","","256x256 per frame","","status effect ""burn""","","","","","","","","","","","applied over any afflicted sprite","{""treatment"":""warm orange tint + fat ember particles"",""rule"":""tint + one particle loop only — never a texture/material change (Visual Style Rule 6)""}"
"status:shock","shock","status-effects","2","additive","","","VFX (single frame or short frame sheet)","","256x256 per frame","","status effect ""shock""","","","","","","","","","","","applied over any afflicted sprite","{""treatment"":""pale yellow tint + crackling arcs"",""rule"":""tint + one particle loop only — never a texture/material change (Visual Style Rule 6)""}"
"status:freeze","freeze","status-effects","2","additive","","","VFX (single frame or short frame sheet)","","256x256 per frame","","status effect ""freeze""","","","","","","","","","","","applied over any afflicted sprite","{""treatment"":""pale blue tint + chunky frost ring"",""rule"":""tint + one particle loop only — never a texture/material change (Visual Style Rule 6)""}"
"status:corruption","corruption","status-effects","2","additive","","","VFX (single frame or short frame sheet)","","256x256 per frame","","status effect ""corruption""","","","","","","","","","","","applied over any afflicted sprite","{""treatment"":""void-purple tint + glitching outline"",""rule"":""tint + one particle loop only — never a texture/material change (Visual Style Rule 6)""}"
"status:poison","poison","status-effects","2","additive","","","VFX (single frame or short frame sheet)","","256x256 per frame","","status effect ""poison""","","","","","","","","","","","applied over any afflicted sprite","{""treatment"":""AMBER tint (colour law — lore colour is green) + bubbling droplets"",""rule"":""tint + one particle loop only — never a texture/material change (Visual Style Rule 6)""}"
"status:slow","slow","status-effects","2","additive","","","VFX (single frame or short frame sheet)","","256x256 per frame","","status effect ""slow""","","","","","","","","","","","applied over any afflicted sprite","{""treatment"":""grey-blue tint + slow drifting ring"",""rule"":""tint + one particle loop only — never a texture/material change (Visual Style Rule 6)""}"
"status:stasis","stasis","status-effects","2","additive","","","VFX (single frame or short frame sheet)","","256x256 per frame","","status effect ""stasis""","","","","","","","","","","","applied over any afflicted sprite","{""treatment"":""pale cyan tint + frozen-in-place ring"",""rule"":""tint + one particle loop only — never a texture/material change (Visual Style Rule 6)""}"
"status:shieldBreak","shieldBreak","status-effects","2","additive","","","VFX (single frame or short frame sheet)","","256x256 per frame","","status effect ""shieldBreak""","","","","","","","","","","","applied over any afflicted sprite","{""treatment"":""white flash + shattering shards"",""rule"":""tint + one particle loop only — never a texture/material change (Visual Style Rule 6)""}"
"status:armourBreak","armourBreak","status-effects","2","additive","","","VFX (single frame or short frame sheet)","","256x256 per frame","","status effect ""armourBreak""","","","","","","","","","","","applied over any afflicted sprite","{""treatment"":""orange flash + cracking plates"",""rule"":""tint + one particle loop only — never a texture/material change (Visual Style Rule 6)""}"
"status:overload","overload","status-effects","2","additive","","","VFX (single frame or short frame sheet)","","256x256 per frame","","status effect ""overload""","","","","","","","","","","","applied over any afflicted sprite","{""treatment"":""electric blue tint + crackling overload arcs"",""rule"":""tint + one particle loop only — never a texture/material change (Visual Style Rule 6)""}"
"player-vfx:engine-trail","engine-trail","player-vfx","2","additive","","","VFX (single frame or short frame sheet)","","256x256 per frame","","Constant thruster trail, subtle, never obscures the ship","","","","","","","","","","","player ship, in-run",""
"player-vfx:boost-dash","boost-dash","player-vfx","2","additive","","","VFX (single frame or short frame sheet)","","256x256 per frame","","Boost dash burst along the dash direction","","","","","","","","","","","player ship, in-run",""
"player-vfx:invuln-shimmer","invuln-shimmer","player-vfx","2","additive","","","VFX (single frame or short frame sheet)","","256x256 per frame","","Invulnerability-frame outline glow during boost","","","","","","","","","","","player ship, in-run",""
"player-vfx:barrier-bubble","barrier-bubble","player-vfx","2","additive","","","VFX (single frame or short frame sheet)","","256x256 per frame","","Active barrier/shield bubble around the ship","","","","","","","","","","","player ship, in-run",""
"player-vfx:shield-impact","shield-impact","player-vfx","2","additive","","","VFX (single frame or short frame sheet)","","256x256 per frame","","Shield impact flash + knockback ring","","","","","","","","","","","player ship, in-run",""
"player-vfx:player-death","player-death","player-vfx","2","additive","","","VFX (single frame or short frame sheet)","","256x256 per frame","","Ship destruction — fragment-and-flash, bold and brief","","","","","","","","","","","player ship, in-run",""
"player-vfx:player-spawn","player-spawn","player-vfx","2","additive","","","VFX (single frame or short frame sheet)","","256x256 per frame","","Spawn-in / mission-start materialisation","","","","","","","","","","","player ship, in-run",""
"player-vfx:extraction-warp","extraction-warp","player-vfx","2","additive","","","VFX (single frame or short frame sheet)","","256x256 per frame","","Warp-out in a bold vertical light column","","","","","","","","","","","player ship, in-run",""
"player-vfx:heal-pulse","heal-pulse","player-vfx","2","additive","","","VFX (single frame or short frame sheet)","","256x256 per frame","","Hull-repair pulse (repair drones, heal passives, patch kits)","","","","","","","","","","","player ship, in-run",""
"combat-entity:outlaw-mine","outlaw-mine","combat-entities","2","keyed","green","no green anywhere in this sprite's palette (green-keyed; see directive.colourLaw for substitutions)","icon","centered, transparent background","128x128","","Proximity mine seeded by the Outlaw Mine Layer; small, readable, clearly dangerous","","Mercenary Guild / Outlaws","#8c2f2f / #c96a4d / #ff7a3d (UI accent #ff9166)","stencilled serials, camera coverage; armoured salvage, mismatched hulls; harsh dock-bay floodlight","","","","","","","in-run gameplay",""
"combat-entity:crystal-growth","crystal-growth","combat-entities","2","keyed","magenta","no magenta anywhere in this sprite's palette (magenta-keyed)","icon","centered, transparent background","128x128","","Living crystal growth spreading across the arena floor (terrain expansion)","","Crystal Dominion","#8a5cf5 / #c9a6ff / #e0c3ff (UI accent #b083ff)","faceted refraction on every surface; grown crystal, no seams; cool violet glow","","","","","","","in-run gameplay",""
"combat-entity:xeno-hive","xeno-hive","combat-entities","2","keyed","green","no green anywhere in this sprite's palette (green-keyed; see directive.colourLaw for substitutions)","icon","centered, transparent background","128x128","","Hive structure — organic, bone-plated, bioluminescent","","Xenomorph Hive","dark chitin / amber-yellow veins (colour law: no green in keyed sprites); organic bone plating, bioluminescent, spined","","","","","","","","in-run gameplay",""
"combat-entity:ancient-site","ancient-site","combat-entities","2","keyed","green","no green anywhere in this sprite's palette (green-keyed; see directive.colourLaw for substitutions)","icon","centered, transparent background","128x128","","Security site structure — white stone alloy, gold conduit","","Ancient Custodians","#e8e2d0 / #c9a84d / #fff2b3 (UI accent #e0c76b)","geometry that predates its visitors; white stone alloy, gold conduit; standing gold-white glow","","","","","","","in-run gameplay",""
"combat-entity:loot-cache","loot-cache","combat-entities","2","keyed","green","no green anywhere in this sprite's palette (green-keyed; see directive.colourLaw for substitutions)","icon","centered, transparent background","128x128","","Dropped loot cache/canister awaiting pickup; tinted by rarity frame at runtime","","","","","","","","","","","in-run gameplay",""
"combat-entity:merchant-vessel","merchant-vessel","combat-entities","2","keyed","green","no green anywhere in this sprite's palette (green-keyed; see directive.colourLaw for substitutions)","icon","centered, transparent background","128x128","","The Travelling Merchant's vessel — mismatched trader hull, inviting not hostile","","","","","","","","","","","in-run merchant encounter",""
"combat-entity:extraction-beacon","extraction-beacon","combat-entities","2","keyed","green","no green anywhere in this sprite's palette (green-keyed; see directive.colourLaw for substitutions)","icon","centered, transparent background","128x128","","Extraction beacon structure the player reaches to end the run","","","","","","","","","","","in-run extraction phase",""
"combat-entity:meteor-telegraph","meteor-telegraph","combat-entities","2","additive","","","VFX (single frame or short frame sheet)","","256x256 per frame","","Impact warning ring shown on the ground before a meteor strike","","","","","","","","","","","Meteor Shower environmental event",""
"combat-entity:meteor-impact","meteor-impact","combat-entities","2","additive","","","VFX (single frame or short frame sheet)","","256x256 per frame","","Meteor strike impact burst","","","","","","","","","","","Meteor Shower environmental event",""
"combat-entity:acid-pool","acid-pool","combat-entities","2","additive","","","VFX (single frame or short frame sheet)","","256x256 per frame","","Acid pool ground hazard with a lazy bubble loop; AMBER not green (colour law)","","Xenomorph Hive","dark chitin / amber-yellow veins (colour law: no green in keyed sprites); organic bone plating, bioluminescent, spined","","","","","","","","in-run gameplay",""
"combat-entity:void-zone","void-zone","combat-entities","2","additive","","","VFX (single frame or short frame sheet)","","256x256 per frame","","Void corruption zone — reality-torn dark patch with a violet edge","","Void Swarm","void black / deep violet / fracture magenta; black energy, distorted silhouettes, gravitational lensing","","","","","","","","in-run gameplay",""
"combat-entity:gravity-well","gravity-well","combat-entities","2","additive","","","VFX (single frame or short frame sheet)","","256x256 per frame","","Visible distortion ring pulling inward","","Celestial Conclave","solar plasma gold-white / nebula violet; gravitational-lensing halos","","","","","","","","in-run gameplay",""
"combat-entity:singularity-charge","singularity-charge","combat-entities","2","additive","","","VFX (single frame or short frame sheet)","","256x256 per frame","","Unstable contained point of light","","Paragon Protocol","white lab alloy / orange warning lights / cracked energy-core blue; quantum distortion","","","","","","","","in-run gameplay",""
"combat-entity:machine-shield-lattice","machine-shield-lattice","combat-entities","2","additive","","","VFX (single frame or short frame sheet)","","256x256 per frame","","Shared-shield lattice — hexagonal energy links between networked units","","Machine Collective","#3d4d5c / #7fa8bf / #4dd9ff (UI accent #5ce1e6)","hex-tiled surfaces, visible seams; fractal foundry block, matte metal; cold blue-grey utility light","","","","","","","in-run gameplay",""
"combat-entity:constellation-link","constellation-link","combat-entities","2","additive","","","VFX (single frame or short frame sheet)","","256x256 per frame","","Constellation link-line between networked enemies","","Celestial Conclave","solar plasma gold-white / nebula violet; gravitational-lensing halos","","","","","","","","in-run gameplay",""
"combat-entity:spawn-warp-in","spawn-warp-in","combat-entities","2","additive","","","VFX (single frame or short frame sheet)","","256x256 per frame","","Enemy spawn warp-in flash — brief, readable, fair (spawn-fairness telegraph)","","","","","","","","","","","every enemy spawn",""
"combat-entity:telegraph-ring","telegraph-ring","combat-entities","2","additive","","","VFX (single frame or short frame sheet)","","256x256 per frame","","Generic radial attack telegraph — reads instantly as danger area","","","","","","","","","","","enemy/boss attacks",""
"combat-entity:telegraph-line","telegraph-line","combat-entities","2","additive","","","VFX (single frame or short frame sheet)","","256x256 per frame","","Generic line/cone attack telegraph (snipers, beams)","","","","","","","","","","","enemy/boss attacks",""
"combat-entity:hazard-telegraph","hazard-telegraph","combat-entities","2","additive","","","VFX (single frame or short frame sheet)","","256x256 per frame","","Hazard-zone arming telegraph before a zone deals damage","","","","","","","","","","","all hazard zones",""
"combat-entity:loot-beam","loot-beam","combat-entities","2","additive","","","VFX (single frame or short frame sheet)","","256x256 per frame","","Vertical light column marking a drop; tinted by rarity","","","","","","","","","","","in-run loot drops",""
"combat-entity:extraction-beacon-pulse","extraction-beacon-pulse","combat-entities","2","additive","","","VFX (single frame or short frame sheet)","","256x256 per frame","","Active pulse while the extraction countdown runs","","","","","","","","","","","in-run extraction phase",""
"environment:space-backdrop","Shared deep-space backdrop (starfield base layer)","environment","2","fullbleed","","","background art","","1920x1080","","Shared deep-space backdrop (starfield base layer)","","","","","","","","","","","in-run play-field, all biomes","{""rule"":""must never compete with foreground silhouettes""}"
"environment:arena-boundary","Arena boundary treatment","environment","2","additive","","","VFX (single frame or short frame sheet)","","256x256 per frame","","Arena boundary treatment","","","","","","","","","","","in-run play-field, all biomes","{""rule"":""must never compete with foreground silhouettes""}"
"combat-entity:hostile-projectile-tint","hostile-projectile-tint","combat-entities","2","additive","","","VFX (single frame or short frame sheet)","","256x256 per frame","","Shared hostile-shot treatment — enemy projectiles reuse the player projectile primitives but must read as hostile at a glance (readability law)","","","","","","","","","","","every enemy/boss ranged attack",""
"equipment-refit-cannon","refit-cannon","equipment","3","keyed","green","no green anywhere in this sprite's palette (green-keyed; see directive.colourLaw for substitutions)","sprite","","256x256, trimmed","","ship equipment module ""refit-cannon""","","","","","","","","","","","inventory/loadout","{""formFactor"":""A starship equipment module/component (defensive plating, thrusters, energy core, drone bay, etc.) — mechanical space hardware, NOT character gear, clothing, or a held item.""}"
"equipment-barrier-plate","barrier-plate","equipment","3","keyed","green","no green anywhere in this sprite's palette (green-keyed; see directive.colourLaw for substitutions)","sprite","","256x256, trimmed","","ship equipment module ""barrier-plate""","","","","","","","","","","","inventory/loadout","{""formFactor"":""A starship equipment module/component (defensive plating, thrusters, energy core, drone bay, etc.) — mechanical space hardware, NOT character gear, clothing, or a held item.""}"
"equipment-vanguard-thrusters","vanguard-thrusters","equipment","3","keyed","green","no green anywhere in this sprite's palette (green-keyed; see directive.colourLaw for substitutions)","sprite","","256x256, trimmed","","ship equipment module ""vanguard-thrusters""","","","","","","","","","","","inventory/loadout","{""formFactor"":""A starship equipment module/component (defensive plating, thrusters, energy core, drone bay, etc.) — mechanical space hardware, NOT character gear, clothing, or a held item.""}"
"equipment-vanguard-core","vanguard-core","equipment","3","keyed","green","no green anywhere in this sprite's palette (green-keyed; see directive.colourLaw for substitutions)","sprite","","256x256, trimmed","","ship equipment module ""vanguard-core""","","","","","","","","","","","inventory/loadout","{""formFactor"":""A starship equipment module/component (defensive plating, thrusters, energy core, drone bay, etc.) — mechanical space hardware, NOT character gear, clothing, or a held item.""}"
"equipment-ancient-relay","ancient-relay","equipment","3","keyed","green","no green anywhere in this sprite's palette (green-keyed; see directive.colourLaw for substitutions)","sprite","","256x256, trimmed","","ship equipment module ""ancient-relay""","","","","","","","","","","","inventory/loadout","{""formFactor"":""A starship equipment module/component (defensive plating, thrusters, energy core, drone bay, etc.) — mechanical space hardware, NOT character gear, clothing, or a held item.""}"
"equipment-cryo-manifold","cryo-manifold","equipment","3","keyed","green","no green anywhere in this sprite's palette (green-keyed; see directive.colourLaw for substitutions)","sprite","","256x256, trimmed","","ship equipment module ""cryo-manifold""","","","","","","","","","","","inventory/loadout","{""formFactor"":""A starship equipment module/component (defensive plating, thrusters, energy core, drone bay, etc.) — mechanical space hardware, NOT character gear, clothing, or a held item.""}"
"equipment-aegis-bastion-array","aegis-bastion-array","equipment","3","keyed","green","no green anywhere in this sprite's palette (green-keyed; see directive.colourLaw for substitutions)","sprite","","256x256, trimmed","","ship equipment module ""aegis-bastion-array""","","","","","","","","","","","inventory/loadout","{""formFactor"":""A starship equipment module/component (defensive plating, thrusters, energy core, drone bay, etc.) — mechanical space hardware, NOT character gear, clothing, or a held item.""}"
"equipment-aegis-ward-projector","aegis-ward-projector","equipment","3","keyed","green","no green anywhere in this sprite's palette (green-keyed; see directive.colourLaw for substitutions)","sprite","","256x256, trimmed","","ship equipment module ""aegis-ward-projector""","","","","","","","","","","","inventory/loadout","{""formFactor"":""A starship equipment module/component (defensive plating, thrusters, energy core, drone bay, etc.) — mechanical space hardware, NOT character gear, clothing, or a held item.""}"
"equipment-horizon-flux-capacitor","horizon-flux-capacitor","equipment","3","keyed","green","no green anywhere in this sprite's palette (green-keyed; see directive.colourLaw for substitutions)","sprite","","256x256, trimmed","","ship equipment module ""horizon-flux-capacitor""","","","","","","","","","","","inventory/loadout","{""formFactor"":""A starship equipment module/component (defensive plating, thrusters, energy core, drone bay, etc.) — mechanical space hardware, NOT character gear, clothing, or a held item.""}"
"equipment-nova-warden-hive","nova-warden-hive","equipment","3","keyed","green","no green anywhere in this sprite's palette (green-keyed; see directive.colourLaw for substitutions)","sprite","","256x256, trimmed","","ship equipment module ""nova-warden-hive""","","","","","","","","","","","inventory/loadout","{""formFactor"":""A starship equipment module/component (defensive plating, thrusters, energy core, drone bay, etc.) — mechanical space hardware, NOT character gear, clothing, or a held item.""}"
"shipmodule-module-fusion-reactor","module-fusion-reactor","ship-modules","3","keyed","green","no green anywhere in this sprite's palette (green-keyed; see directive.colourLaw for substitutions)","icon","centered, transparent background","128x128","","ship module ""module-fusion-reactor""","","","","","","","","","","","Upgrade Ship / outfitting UI","{""formFactor"":""A starship internal module (reactor, engine, shield system, targeting array, etc.) — mechanical space hardware, NOT character gear.""}"
"shipmodule-module-vector-engine","module-vector-engine","ship-modules","3","keyed","green","no green anywhere in this sprite's palette (green-keyed; see directive.colourLaw for substitutions)","icon","centered, transparent background","128x128","","ship module ""module-vector-engine""","","","","","","","","","","","Upgrade Ship / outfitting UI","{""formFactor"":""A starship internal module (reactor, engine, shield system, targeting array, etc.) — mechanical space hardware, NOT character gear.""}"
"shipmodule-module-lattice-shield","module-lattice-shield","ship-modules","3","keyed","green","no green anywhere in this sprite's palette (green-keyed; see directive.colourLaw for substitutions)","icon","centered, transparent background","128x128","","ship module ""module-lattice-shield""","","","","","","","","","","","Upgrade Ship / outfitting UI","{""formFactor"":""A starship internal module (reactor, engine, shield system, targeting array, etc.) — mechanical space hardware, NOT character gear.""}"
"shipmodule-module-predictive-targeter","module-predictive-targeter","ship-modules","3","keyed","green","no green anywhere in this sprite's palette (green-keyed; see directive.colourLaw for substitutions)","icon","centered, transparent background","128x128","","ship module ""module-predictive-targeter""","","","","","","","","","","","Upgrade Ship / outfitting UI","{""formFactor"":""A starship internal module (reactor, engine, shield system, targeting array, etc.) — mechanical space hardware, NOT character gear.""}"
"shipmodule-module-drone-bay","module-drone-bay","ship-modules","3","keyed","green","no green anywhere in this sprite's palette (green-keyed; see directive.colourLaw for substitutions)","icon","centered, transparent background","128x128","","ship module ""module-drone-bay""","","","","","","","","","","","Upgrade Ship / outfitting UI","{""formFactor"":""A starship internal module (reactor, engine, shield system, targeting array, etc.) — mechanical space hardware, NOT character gear.""}"
"shipmodule-module-deep-sensor","module-deep-sensor","ship-modules","3","keyed","green","no green anywhere in this sprite's palette (green-keyed; see directive.colourLaw for substitutions)","icon","centered, transparent background","128x128","","ship module ""module-deep-sensor""","","","","","","","","","","","Upgrade Ship / outfitting UI","{""formFactor"":""A starship internal module (reactor, engine, shield system, targeting array, etc.) — mechanical space hardware, NOT character gear.""}"
"shipmodule-module-cryo-loop","module-cryo-loop","ship-modules","3","keyed","green","no green anywhere in this sprite's palette (green-keyed; see directive.colourLaw for substitutions)","icon","centered, transparent background","128x128","","ship module ""module-cryo-loop""","","","","","","","","","","","Upgrade Ship / outfitting UI","{""formFactor"":""A starship internal module (reactor, engine, shield system, targeting array, etc.) — mechanical space hardware, NOT character gear.""}"
"shipmodule-module-axiom-core","module-axiom-core","ship-modules","3","keyed","green","no green anywhere in this sprite's palette (green-keyed; see directive.colourLaw for substitutions)","icon","centered, transparent background","128x128","","ship module ""module-axiom-core""","","","","","","","","","","","Upgrade Ship / outfitting UI","{""formFactor"":""A starship internal module (reactor, engine, shield system, targeting array, etc.) — mechanical space hardware, NOT character gear.""}"
"livingReactor:icon","Living Reactor","boss-artifacts","3","keyed","green","no green anywhere in this sprite's palette (green-keyed; see directive.colourLaw for substitutions)","icon","centered, transparent background","128x128","","Living Reactor","A slow, steady hull regeneration — and every pulse detonates, scorching everything nearby.","","","","","","","","","","BossArtifactChoice overlay, HUD",""
"livingReactor:vfx","Living Reactor","boss-artifacts","3","additive","","","VFX (single frame or short frame sheet)","","256x256 per frame","","Living Reactor","A slow, steady hull regeneration — and every pulse detonates, scorching everything nearby.","","","","","","","","","","in-run gameplay",""
"atlasCore:icon","Atlas Core","boss-artifacts","3","keyed","green","no green anywhere in this sprite's palette (green-keyed; see directive.colourLaw for substitutions)","icon","centered, transparent background","128x128","","Atlas Core","Every weapon you carry fires meaningfully faster, permanently.","","","","","","","","","","BossArtifactChoice overlay, HUD",""
"atlasCore:vfx","Atlas Core","boss-artifacts","3","additive","","","VFX (single frame or short frame sheet)","","256x256 per frame","","Atlas Core","Every weapon you carry fires meaningfully faster, permanently.","","","","","","","","","","in-run gameplay",""
"gravitonHeart:icon","Graviton Heart","boss-artifacts","3","keyed","green","no green anywhere in this sprite's palette (green-keyed; see directive.colourLaw for substitutions)","icon","centered, transparent background","128x128","","Graviton Heart","Every boost tears open a gravity well that drags nearby enemies in and crushes them.","","","","","","","","","","BossArtifactChoice overlay, HUD",""
"gravitonHeart:vfx","Graviton Heart","boss-artifacts","3","additive","","","VFX (single frame or short frame sheet)","","256x256 per frame","","Graviton Heart","Every boost tears open a gravity well that drags nearby enemies in and crushes them.","","","","","","","","","","in-run gameplay",""
"stellarCompass:icon","Stellar Compass","boss-artifacts","3","keyed","green","no green anywhere in this sprite's palette (green-keyed; see directive.colourLaw for substitutions)","icon","centered, transparent background","128x128","","Stellar Compass","Every Elite you kill for the rest of this run drops loot no worse than Epic.","","","","","","","","","","BossArtifactChoice overlay, HUD",""
"stellarCompass:vfx","Stellar Compass","boss-artifacts","3","additive","","","VFX (single frame or short frame sheet)","","256x256 per frame","","Stellar Compass","Every Elite you kill for the rest of this run drops loot no worse than Epic.","","","","","","","","","","in-run gameplay",""
"voidEngine:icon","Void Engine","boss-artifacts","3","keyed","green","no green anywhere in this sprite's palette (green-keyed; see directive.colourLaw for substitutions)","icon","centered, transparent background","128x128","","Void Engine","Every boost detonates a damaging shockwave beneath you.","","","","","","","","","","BossArtifactChoice overlay, HUD",""
"voidEngine:vfx","Void Engine","boss-artifacts","3","additive","","","VFX (single frame or short frame sheet)","","256x256 per frame","","Void Engine","Every boost detonates a damaging shockwave beneath you.","","","","","","","","","","in-run gameplay",""
"passive-focus-fire:icon","Focus Fire","passives","3","keyed","green","no green anywhere in this sprite's palette (green-keyed; see directive.colourLaw for substitutions)","icon","centered, transparent background","128x128","","Focus Fire","Permanently boosts weapon damage.","","","","","","","","","","level-up cards, HUD","{""passiveCategory"":""offensive"",""trigger"":""onKill""}"
"passive-overcharge-coils:icon","Overcharge Coils","passives","3","keyed","green","no green anywhere in this sprite's palette (green-keyed; see directive.colourLaw for substitutions)","icon","centered, transparent background","128x128","","Overcharge Coils","Reduces active-module cooldowns.","","","","","","","","","","level-up cards, HUD","{""passiveCategory"":""cooldown"",""trigger"":""onKill""}"
"passive-deadeye:icon","Deadeye","passives","3","keyed","green","no green anywhere in this sprite's palette (green-keyed; see directive.colourLaw for substitutions)","icon","centered, transparent background","128x128","","Deadeye","Raises critical hit chance.","","","","","","","","","","level-up cards, HUD","{""passiveCategory"":""critical"",""trigger"":""onCriticalHit""}"
"passive-light-frame:icon","Light Frame","passives","3","keyed","green","no green anywhere in this sprite's palette (green-keyed; see directive.colourLaw for substitutions)","icon","centered, transparent background","128x128","","Light Frame","Raises movement speed.","","","","","","","","","","level-up cards, HUD","{""passiveCategory"":""movement"",""trigger"":""onKill""}"
"passive-hardened-plating:icon","Hardened Plating","passives","3","keyed","green","no green anywhere in this sprite's palette (green-keyed; see directive.colourLaw for substitutions)","icon","centered, transparent background","128x128","","Hardened Plating","Raises barrier capacity on shield break.","","","","","","","","","","level-up cards, HUD","{""passiveCategory"":""shield"",""trigger"":""onShieldBreak""}"
"passive-wide-net:icon","Wide Net","passives","3","keyed","green","no green anywhere in this sprite's palette (green-keyed; see directive.colourLaw for substitutions)","icon","centered, transparent background","128x128","","Wide Net","Extends the pickup magnet radius.","","","","","","","","","","level-up cards, HUD","{""passiveCategory"":""loot"",""trigger"":""onKill""}"
"passive-nanite-mesh:icon","Nanite Mesh","passives","3","keyed","green","no green anywhere in this sprite's palette (green-keyed; see directive.colourLaw for substitutions)","icon","centered, transparent background","128x128","","Nanite Mesh","Restores hull when critically wounded.","","","","","","","","","","level-up cards, HUD","{""passiveCategory"":""healing"",""trigger"":""onLowHealth""}"
"passive-salvage-protocol:icon","Salvage Protocol","passives","3","keyed","green","no green anywhere in this sprite's palette (green-keyed; see directive.colourLaw for substitutions)","icon","centered, transparent background","128x128","","Salvage Protocol","Improves loot yield.","","","","","","","","","","level-up cards, HUD","{""passiveCategory"":""economy"",""trigger"":""onKill""}"
"passive-fast-learner:icon","Fast Learner","passives","3","keyed","green","no green anywhere in this sprite's palette (green-keyed; see directive.colourLaw for substitutions)","icon","centered, transparent background","128x128","","Fast Learner","Raises experience gained.","","","","","","","","","","level-up cards, HUD","{""passiveCategory"":""xp"",""trigger"":""onKill""}"
"passive-escort-link:icon","Escort Link","passives","3","keyed","green","no green anywhere in this sprite's palette (green-keyed; see directive.colourLaw for substitutions)","icon","centered, transparent background","128x128","","Escort Link","Shortens active-module cooldowns further while wounded, backing up the pilot.","","","","","","","","","","level-up cards, HUD","{""passiveCategory"":""support"",""trigger"":""onLowHealth""}"
"passive-guardian-ward:icon","Guardian Ward","passives","3","keyed","green","no green anywhere in this sprite's palette (green-keyed; see directive.colourLaw for substitutions)","icon","centered, transparent background","128x128","","Guardian Ward","Raises barrier capacity on taking damage.","","","","","","","","","","level-up cards, HUD","{""passiveCategory"":""defensive"",""trigger"":""onDamageTaken""}"
"passive-signal-boost:icon","Signal Boost","passives","3","keyed","green","no green anywhere in this sprite's palette (green-keyed; see directive.colourLaw for substitutions)","icon","centered, transparent background","128x128","","Signal Boost","Extends the pickup magnet radius on a critical hit.","","","","","","","","","","level-up cards, HUD","{""passiveCategory"":""utility"",""trigger"":""onCriticalHit""}"
"passive-drone-primer:icon","Drone Primer","passives","3","keyed","green","no green anywhere in this sprite's palette (green-keyed; see directive.colourLaw for substitutions)","icon","centered, transparent background","128x128","","Drone Primer","Improves future drone effectiveness. (Awaiting a drone system.)","","","","","","","","","","level-up cards, HUD","{""passiveCategory"":""summons"",""trigger"":""onKill""}"
"passive-resonance:icon","Resonance","passives","3","keyed","green","no green anywhere in this sprite's palette (green-keyed; see directive.colourLaw for substitutions)","icon","centered, transparent background","128x128","","Resonance","Improves future orbital-weapon power. (Awaiting an orbital system.)","","","","","","","","","","level-up cards, HUD","{""passiveCategory"":""synergy"",""trigger"":""onKill""}"
"artifact-shrapnel-core:icon","Shrapnel Core","artifacts","3","keyed","green","no green anywhere in this sprite's palette (green-keyed; see directive.colourLaw for substitutions)","icon","centered, transparent background","128x128","","Shrapnel Core","Every kill sends out a damaging pulse.","","","","","","","","","","merchant/inventory",""
"artifact-shrapnel-core:vfx","Shrapnel Core","artifacts","3","additive","","","VFX (single frame or short frame sheet)","","256x256 per frame","","Shrapnel Core","Every kill sends out a damaging pulse.","","","","","","","","","","in-run gameplay",""
"artifact-reactive-plating:icon","Reactive Plating","artifacts","3","keyed","green","no green anywhere in this sprite's palette (green-keyed; see directive.colourLaw for substitutions)","icon","centered, transparent background","128x128","","Reactive Plating","Taking damage instantly raises your barrier.","","","","","","","","","","merchant/inventory",""
"artifact-reactive-plating:vfx","Reactive Plating","artifacts","3","additive","","","VFX (single frame or short frame sheet)","","256x256 per frame","","Reactive Plating","Taking damage instantly raises your barrier.","","","","","","","","","","in-run gameplay",""
"artifact-fail-safe-cell:icon","Fail-Safe Cell","artifacts","3","keyed","green","no green anywhere in this sprite's palette (green-keyed; see directive.colourLaw for substitutions)","icon","centered, transparent background","128x128","","Fail-Safe Cell","Losing your shield triggers an emergency hull repair.","","","","","","","","","","merchant/inventory",""
"artifact-fail-safe-cell:vfx","Fail-Safe Cell","artifacts","3","additive","","","VFX (single frame or short frame sheet)","","256x256 per frame","","Fail-Safe Cell","Losing your shield triggers an emergency hull repair.","","","","","","","","","","in-run gameplay",""
"artifact-ascension-matrix:icon","Ascension Matrix","artifacts","3","keyed","green","no green anywhere in this sprite's palette (green-keyed; see directive.colourLaw for substitutions)","icon","centered, transparent background","128x128","","Ascension Matrix","Every level gained permanently sharpens your aim.","","","","","","","","","","merchant/inventory",""
"artifact-ascension-matrix:vfx","Ascension Matrix","artifacts","3","additive","","","VFX (single frame or short frame sheet)","","256x256 per frame","","Ascension Matrix","Every level gained permanently sharpens your aim.","","","","","","","","","","in-run gameplay",""
"ember-core:icon","Ember Core","relics","3","keyed","green","no green anywhere in this sprite's palette (green-keyed; see directive.colourLaw for substitutions)","icon","centered, transparent background","128x128","","Ember Core","","","","","","","","","rare","#4d7cff","museum, inventory, drop beams","{""relicCategory"":""elemental"",""profileVisual"":""A coal that never finishes burning, set in expedition brass.""}"
"frost-shard:icon","Frost Shard","relics","3","keyed","green","no green anywhere in this sprite's palette (green-keyed; see directive.colourLaw for substitutions)","icon","centered, transparent background","128x128","","Frost Shard","","","","","","","","","rare","#4d7cff","museum, inventory, drop beams","{""relicCategory"":""elemental"",""profileVisual"":""Winterline lattice, still sublimating, mounted point-down.""}"
"cinder-heart:icon","Cinder Heart","relics","3","keyed","green","no green anywhere in this sprite's palette (green-keyed; see directive.colourLaw for substitutions)","icon","centered, transparent background","128x128","","Cinder Heart","","","","","","","","","legendary","#ffc652","museum, inventory, drop beams","{""relicCategory"":""elemental"",""profileVisual"":""The Ember Core, grown up — a furnace with a pulse.""}"
"gambler-die:icon","Gambler's Die","relics","3","keyed","green","no green anywhere in this sprite's palette (green-keyed; see directive.colourLaw for substitutions)","icon","centered, transparent background","128x128","","Gambler's Die","","","","","","","","","epic","#9b5cff","museum, inventory, drop beams","{""relicCategory"":""prototype"",""profileVisual"":""A die with the wrong number of faces, all of them sixes eventually.""}"
"static-node:icon","Static Node","relics","3","keyed","green","no green anywhere in this sprite's palette (green-keyed; see directive.colourLaw for substitutions)","icon","centered, transparent background","128x128","","Static Node","","","","","","","","","common","#dce4f2","museum, inventory, drop beams","{""relicCategory"":""prototype"",""profileVisual"":""A Collective relay node, still politely requesting network access.""}"
"conduit-loop:icon","Conduit Loop","relics","3","keyed","green","no green anywhere in this sprite's palette (green-keyed; see directive.colourLaw for substitutions)","icon","centered, transparent background","128x128","","Conduit Loop","","","","","","","","","common","#dce4f2","museum, inventory, drop beams","{""relicCategory"":""prototype"",""profileVisual"":""A closed loop of Halcyon drive-conduit that hums when loot is near.""}"
"warden-token:icon","Warden's Token","relics","3","keyed","green","no green anywhere in this sprite's palette (green-keyed; see directive.colourLaw for substitutions)","icon","centered, transparent background","128x128","","Warden's Token","","","","","","","","","epic","#9b5cff","museum, inventory, drop beams","{""relicCategory"":""defensive"",""profileVisual"":""A Custodian sentry's identification chit, white stone and gold.""}"
"singularity-keepsake:icon","Singularity Keepsake","relics","3","keyed","green","no green anywhere in this sprite's palette (green-keyed; see directive.colourLaw for substitutions)","icon","centered, transparent background","128x128","","Singularity Keepsake","","","","","","","","","singularity","#e4d4ff","museum, inventory, drop beams","{""relicCategory"":""singularity"",""profileVisual"":""A paperweight-sized fold in space, mounted on a plinth that disagrees.""}"
"veil-fragment:icon","Veil Fragment","relics","3","keyed","green","no green anywhere in this sprite's palette (green-keyed; see directive.colourLaw for substitutions)","icon","centered, transparent background","128x128","","Veil Fragment","","","","","","","","","epic","#9b5cff","museum, inventory, drop beams","{""relicCategory"":""void"",""profileVisual"":""A splinter of not-quite-black in a containment ring that hums off-key.""}"
"set-thermal-cycle:set-tell","Thermal Cycle","relics","3","additive","","","VFX (single frame or short frame sheet)","","256x256 per frame","","relic set ""Thermal Cycle"" active-bonus aura","","","","","","","","","","","in-run gameplay, worn by the player ship",""
"set-expedition-ledger:set-tell","Expedition Ledger","relics","3","additive","","","VFX (single frame or short frame sheet)","","256x256 per frame","","relic set ""Expedition Ledger"" active-bonus aura","","","","","","","","","","","in-run gameplay, worn by the player ship",""
"biome-weather:Ancient Core:solarStreams","solarStreams","biome-weather","3","additive","","","VFX (single frame or short frame sheet)","","256x256 per frame","","solarStreams","","","","","First Light","unauthored — art direction not yet written for this biome; generator should flag, not invent silently","","","","","in-run gameplay within this biome","{""kind"":""weather effect"",""biomeId"":""ancient-core"",""biomeLore"":""They built a civilisation the size of a sky, wrote down everything they learned, and left the lights on. The library is still open. The librarians never stood down.""}"
"biome-weather:Ancient Core:energyRain","energyRain","biome-weather","3","additive","","","VFX (single frame or short frame sheet)","","256x256 per frame","","energyRain","","","","","First Light","unauthored — art direction not yet written for this biome; generator should flag, not invent silently","","","","","in-run gameplay within this biome","{""kind"":""weather effect"",""biomeId"":""ancient-core"",""biomeLore"":""They built a civilisation the size of a sky, wrote down everything they learned, and left the lights on. The library is still open. The librarians never stood down.""}"
"biome-weather:Ancient Core:quantumResonance","quantumResonance","biome-weather","3","additive","","","VFX (single frame or short frame sheet)","","256x256 per frame","","quantumResonance","","","","","First Light","unauthored — art direction not yet written for this biome; generator should flag, not invent silently","","","","","in-run gameplay within this biome","{""kind"":""weather effect"",""biomeId"":""ancient-core"",""biomeLore"":""They built a civilisation the size of a sky, wrote down everything they learned, and left the lights on. The library is still open. The librarians never stood down.""}"
"biome-weather:Ancient Core:gravityHarmony","gravityHarmony","biome-weather","3","additive","","","VFX (single frame or short frame sheet)","","256x256 per frame","","gravityHarmony","","","","","First Light","unauthored — art direction not yet written for this biome; generator should flag, not invent silently","","","","","in-run gameplay within this biome","{""kind"":""weather effect"",""biomeId"":""ancient-core"",""biomeLore"":""They built a civilisation the size of a sky, wrote down everything they learned, and left the lights on. The library is still open. The librarians never stood down.""}"
"biome-weather:Ancient Core:lightBloom","lightBloom","biome-weather","3","additive","","","VFX (single frame or short frame sheet)","","256x256 per frame","","lightBloom","","","","","First Light","unauthored — art direction not yet written for this biome; generator should flag, not invent silently","","","","","in-run gameplay within this biome","{""kind"":""weather effect"",""biomeId"":""ancient-core"",""biomeLore"":""They built a civilisation the size of a sky, wrote down everything they learned, and left the lights on. The library is still open. The librarians never stood down.""}"
"biome-weather:Ancient Core:stellarWinds","stellarWinds","biome-weather","3","additive","","","VFX (single frame or short frame sheet)","","256x256 per frame","","stellarWinds","","","","","First Light","unauthored — art direction not yet written for this biome; generator should flag, not invent silently","","","","","in-run gameplay within this biome","{""kind"":""weather effect"",""biomeId"":""ancient-core"",""biomeLore"":""They built a civilisation the size of a sky, wrote down everything they learned, and left the lights on. The library is still open. The librarians never stood down.""}"
"biome-weather:Ancient Core:ancientEnergyPulses","ancientEnergyPulses","biome-weather","3","additive","","","VFX (single frame or short frame sheet)","","256x256 per frame","","ancientEnergyPulses","","","","","First Light","unauthored — art direction not yet written for this biome; generator should flag, not invent silently","","","","","in-run gameplay within this biome","{""kind"":""weather effect"",""biomeId"":""ancient-core"",""biomeLore"":""They built a civilisation the size of a sky, wrote down everything they learned, and left the lights on. The library is still open. The librarians never stood down.""}"
"biome-hazard:Ancient Core:securityFields","securityFields","biome-hazards","3","additive","","","VFX (single frame or short frame sheet)","","256x256 per frame","","securityFields","","","","","First Light","unauthored — art direction not yet written for this biome; generator should flag, not invent silently","","","","","in-run gameplay within this biome","{""kind"":""environmental hazard (static art + trigger VFX)"",""biomeId"":""ancient-core"",""biomeLore"":""They built a civilisation the size of a sky, wrote down everything they learned, and left the lights on. The library is still open. The librarians never stood down.""}"
"biome-hazard:Ancient Core:energyBridges","energyBridges","biome-hazards","3","additive","","","VFX (single frame or short frame sheet)","","256x256 per frame","","energyBridges","","","","","First Light","unauthored — art direction not yet written for this biome; generator should flag, not invent silently","","","","","in-run gameplay within this biome","{""kind"":""environmental hazard (static art + trigger VFX)"",""biomeId"":""ancient-core"",""biomeLore"":""They built a civilisation the size of a sky, wrote down everything they learned, and left the lights on. The library is still open. The librarians never stood down.""}"
"biome-hazard:Ancient Core:quantumGates","quantumGates","biome-hazards","3","additive","","","VFX (single frame or short frame sheet)","","256x256 per frame","","quantumGates","","","","","First Light","unauthored — art direction not yet written for this biome; generator should flag, not invent silently","","","","","in-run gameplay within this biome","{""kind"":""environmental hazard (static art + trigger VFX)"",""biomeId"":""ancient-core"",""biomeLore"":""They built a civilisation the size of a sky, wrote down everything they learned, and left the lights on. The library is still open. The librarians never stood down.""}"
"biome-hazard:Ancient Core:gravityWells","gravityWells","biome-hazards","3","additive","","","VFX (single frame or short frame sheet)","","256x256 per frame","","gravityWells","","","","","First Light","unauthored — art direction not yet written for this biome; generator should flag, not invent silently","","","","","in-run gameplay within this biome","{""kind"":""environmental hazard (static art + trigger VFX)"",""biomeId"":""ancient-core"",""biomeLore"":""They built a civilisation the size of a sky, wrote down everything they learned, and left the lights on. The library is still open. The librarians never stood down.""}"
"biome-hazard:Ancient Core:guardianArrays","guardianArrays","biome-hazards","3","additive","","","VFX (single frame or short frame sheet)","","256x256 per frame","","guardianArrays","","","","","First Light","unauthored — art direction not yet written for this biome; generator should flag, not invent silently","","","","","in-run gameplay within this biome","{""kind"":""environmental hazard (static art + trigger VFX)"",""biomeId"":""ancient-core"",""biomeLore"":""They built a civilisation the size of a sky, wrote down everything they learned, and left the lights on. The library is still open. The librarians never stood down.""}"
"biome-hazard:Ancient Core:defenceLasers","defenceLasers","biome-hazards","3","additive","","","VFX (single frame or short frame sheet)","","256x256 per frame","","defenceLasers","","","","","First Light","unauthored — art direction not yet written for this biome; generator should flag, not invent silently","","","","","in-run gameplay within this biome","{""kind"":""environmental hazard (static art + trigger VFX)"",""biomeId"":""ancient-core"",""biomeLore"":""They built a civilisation the size of a sky, wrote down everything they learned, and left the lights on. The library is still open. The librarians never stood down.""}"
"biome-hazard:Ancient Core:collapsingPlatforms","collapsingPlatforms","biome-hazards","3","additive","","","VFX (single frame or short frame sheet)","","256x256 per frame","","collapsingPlatforms","","","","","First Light","unauthored — art direction not yet written for this biome; generator should flag, not invent silently","","","","","in-run gameplay within this biome","{""kind"":""environmental hazard (static art + trigger VFX)"",""biomeId"":""ancient-core"",""biomeLore"":""They built a civilisation the size of a sky, wrote down everything they learned, and left the lights on. The library is still open. The librarians never stood down.""}"
"biome-hazard:Ancient Core:temporalLocks","temporalLocks","biome-hazards","3","additive","","","VFX (single frame or short frame sheet)","","256x256 per frame","","temporalLocks","","","","","First Light","unauthored — art direction not yet written for this biome; generator should flag, not invent silently","","","","","in-run gameplay within this biome","{""kind"":""environmental hazard (static art + trigger VFX)"",""biomeId"":""ancient-core"",""biomeLore"":""They built a civilisation the size of a sky, wrote down everything they learned, and left the lights on. The library is still open. The librarians never stood down.""}"
"biome-poi:Ancient Core:planetaryLibraries","planetaryLibraries","biome-poi","3","keyed","green","no green anywhere in this sprite's palette (green-keyed; see directive.colourLaw for substitutions)","sprite","","256x256, trimmed","","planetaryLibraries","","","","","First Light","unauthored — art direction not yet written for this biome; generator should flag, not invent silently","","","","","in-run gameplay within this biome","{""kind"":""discovery/landmark"",""biomeId"":""ancient-core"",""biomeLore"":""They built a civilisation the size of a sky, wrote down everything they learned, and left the lights on. The library is still open. The librarians never stood down.""}"
"biome-poi:Ancient Core:stellarObservatories","stellarObservatories","biome-poi","3","keyed","green","no green anywhere in this sprite's palette (green-keyed; see directive.colourLaw for substitutions)","sprite","","256x256, trimmed","","stellarObservatories","","","","","First Light","unauthored — art direction not yet written for this biome; generator should flag, not invent silently","","","","","in-run gameplay within this biome","{""kind"":""discovery/landmark"",""biomeId"":""ancient-core"",""biomeLore"":""They built a civilisation the size of a sky, wrote down everything they learned, and left the lights on. The library is still open. The librarians never stood down.""}"
"biome-poi:Ancient Core:ancientCouncils","ancientCouncils","biome-poi","3","keyed","green","no green anywhere in this sprite's palette (green-keyed; see directive.colourLaw for substitutions)","sprite","","256x256, trimmed","","ancientCouncils","","","","","First Light","unauthored — art direction not yet written for this biome; generator should flag, not invent silently","","","","","in-run gameplay within this biome","{""kind"":""discovery/landmark"",""biomeId"":""ancient-core"",""biomeLore"":""They built a civilisation the size of a sky, wrote down everything they learned, and left the lights on. The library is still open. The librarians never stood down.""}"
"biome-poi:Ancient Core:knowledgeWells","knowledgeWells","biome-poi","3","keyed","green","no green anywhere in this sprite's palette (green-keyed; see directive.colourLaw for substitutions)","sprite","","256x256, trimmed","","knowledgeWells","","","","","First Light","unauthored — art direction not yet written for this biome; generator should flag, not invent silently","","","","","in-run gameplay within this biome","{""kind"":""discovery/landmark"",""biomeId"":""ancient-core"",""biomeLore"":""They built a civilisation the size of a sky, wrote down everything they learned, and left the lights on. The library is still open. The librarians never stood down.""}"
"biome-poi:Ancient Core:guardianTemples","guardianTemples","biome-poi","3","keyed","green","no green anywhere in this sprite's palette (green-keyed; see directive.colourLaw for substitutions)","sprite","","256x256, trimmed","","guardianTemples","","","","","First Light","unauthored — art direction not yet written for this biome; generator should flag, not invent silently","","","","","in-run gameplay within this biome","{""kind"":""discovery/landmark"",""biomeId"":""ancient-core"",""biomeLore"":""They built a civilisation the size of a sky, wrote down everything they learned, and left the lights on. The library is still open. The librarians never stood down.""}"
"biome-poi:Ancient Core:quantumBridges","quantumBridges","biome-poi","3","keyed","green","no green anywhere in this sprite's palette (green-keyed; see directive.colourLaw for substitutions)","sprite","","256x256, trimmed","","quantumBridges","","","","","First Light","unauthored — art direction not yet written for this biome; generator should flag, not invent silently","","","","","in-run gameplay within this biome","{""kind"":""discovery/landmark"",""biomeId"":""ancient-core"",""biomeLore"":""They built a civilisation the size of a sky, wrote down everything they learned, and left the lights on. The library is still open. The librarians never stood down.""}"
"biome-poi:Ancient Core:memoryArchives","memoryArchives","biome-poi","3","keyed","green","no green anywhere in this sprite's palette (green-keyed; see directive.colourLaw for substitutions)","sprite","","256x256, trimmed","","memoryArchives","","","","","First Light","unauthored — art direction not yet written for this biome; generator should flag, not invent silently","","","","","in-run gameplay within this biome","{""kind"":""discovery/landmark"",""biomeId"":""ancient-core"",""biomeLore"":""They built a civilisation the size of a sky, wrote down everything they learned, and left the lights on. The library is still open. The librarians never stood down.""}"
"biome-poi:Ancient Core:civilisationMonuments","civilisationMonuments","biome-poi","3","keyed","green","no green anywhere in this sprite's palette (green-keyed; see directive.colourLaw for substitutions)","sprite","","256x256, trimmed","","civilisationMonuments","","","","","First Light","unauthored — art direction not yet written for this biome; generator should flag, not invent silently","","","","","in-run gameplay within this biome","{""kind"":""discovery/landmark"",""biomeId"":""ancient-core"",""biomeLore"":""They built a civilisation the size of a sky, wrote down everything they learned, and left the lights on. The library is still open. The librarians never stood down.""}"
"biome-weather:Crystal Expanse:crystalRain","crystalRain","biome-weather","3","additive","","","VFX (single frame or short frame sheet)","","256x256 per frame","","crystalRain","","","","","Prismheart","unauthored — art direction not yet written for this biome; generator should flag, not invent silently","","","","","in-run gameplay within this biome","{""kind"":""weather effect"",""biomeId"":""crystal-expanse"",""biomeLore"":""The valley refracts your own running lights back at you in colours they never had. Nothing here is hostile until you forget it's all one organism.""}"
"biome-weather:Crystal Expanse:prismaticStorms","prismaticStorms","biome-weather","3","additive","","","VFX (single frame or short frame sheet)","","256x256 per frame","","prismaticStorms","","","","","Prismheart","unauthored — art direction not yet written for this biome; generator should flag, not invent silently","","","","","in-run gameplay within this biome","{""kind"":""weather effect"",""biomeId"":""crystal-expanse"",""biomeLore"":""The valley refracts your own running lights back at you in colours they never had. Nothing here is hostile until you forget it's all one organism.""}"
"biome-weather:Crystal Expanse:energyWinds","energyWinds","biome-weather","3","additive","","","VFX (single frame or short frame sheet)","","256x256 per frame","","energyWinds","","","","","Prismheart","unauthored — art direction not yet written for this biome; generator should flag, not invent silently","","","","","in-run gameplay within this biome","{""kind"":""weather effect"",""biomeId"":""crystal-expanse"",""biomeLore"":""The valley refracts your own running lights back at you in colours they never had. Nothing here is hostile until you forget it's all one organism.""}"
"biome-weather:Crystal Expanse:resonancePulses","resonancePulses","biome-weather","3","additive","","","VFX (single frame or short frame sheet)","","256x256 per frame","","resonancePulses","","","","","Prismheart","unauthored — art direction not yet written for this biome; generator should flag, not invent silently","","","","","in-run gameplay within this biome","{""kind"":""weather effect"",""biomeId"":""crystal-expanse"",""biomeLore"":""The valley refracts your own running lights back at you in colours they never had. Nothing here is hostile until you forget it's all one organism.""}"
"biome-weather:Crystal Expanse:lightBloom","lightBloom","biome-weather","3","additive","","","VFX (single frame or short frame sheet)","","256x256 per frame","","lightBloom","","","","","Prismheart","unauthored — art direction not yet written for this biome; generator should flag, not invent silently","","","","","in-run gameplay within this biome","{""kind"":""weather effect"",""biomeId"":""crystal-expanse"",""biomeLore"":""The valley refracts your own running lights back at you in colours they never had. Nothing here is hostile until you forget it's all one organism.""}"
"biome-weather:Crystal Expanse:crystalMist","crystalMist","biome-weather","3","additive","","","VFX (single frame or short frame sheet)","","256x256 per frame","","crystalMist","","","","","Prismheart","unauthored — art direction not yet written for this biome; generator should flag, not invent silently","","","","","in-run gameplay within this biome","{""kind"":""weather effect"",""biomeId"":""crystal-expanse"",""biomeLore"":""The valley refracts your own running lights back at you in colours they never had. Nothing here is hostile until you forget it's all one organism.""}"
"biome-weather:Crystal Expanse:solarRefraction","solarRefraction","biome-weather","3","additive","","","VFX (single frame or short frame sheet)","","256x256 per frame","","solarRefraction","","","","","Prismheart","unauthored — art direction not yet written for this biome; generator should flag, not invent silently","","","","","in-run gameplay within this biome","{""kind"":""weather effect"",""biomeId"":""crystal-expanse"",""biomeLore"":""The valley refracts your own running lights back at you in colours they never had. Nothing here is hostile until you forget it's all one organism.""}"
"biome-hazard:Crystal Expanse:growingCrystalWalls","growingCrystalWalls","biome-hazards","3","additive","","","VFX (single frame or short frame sheet)","","256x256 per frame","","growingCrystalWalls","","","","","Prismheart","unauthored — art direction not yet written for this biome; generator should flag, not invent silently","","","","","in-run gameplay within this biome","{""kind"":""environmental hazard (static art + trigger VFX)"",""biomeId"":""crystal-expanse"",""biomeLore"":""The valley refracts your own running lights back at you in colours they never had. Nothing here is hostile until you forget it's all one organism.""}"
"biome-hazard:Crystal Expanse:reflectiveShards","reflectiveShards","biome-hazards","3","additive","","","VFX (single frame or short frame sheet)","","256x256 per frame","","reflectiveShards","","","","","Prismheart","unauthored — art direction not yet written for this biome; generator should flag, not invent silently","","","","","in-run gameplay within this biome","{""kind"":""environmental hazard (static art + trigger VFX)"",""biomeId"":""crystal-expanse"",""biomeLore"":""The valley refracts your own running lights back at you in colours they never had. Nothing here is hostile until you forget it's all one organism.""}"
"biome-hazard:Crystal Expanse:energyEruptions","energyEruptions","biome-hazards","3","additive","","","VFX (single frame or short frame sheet)","","256x256 per frame","","energyEruptions","","","","","Prismheart","unauthored — art direction not yet written for this biome; generator should flag, not invent silently","","","","","in-run gameplay within this biome","{""kind"":""environmental hazard (static art + trigger VFX)"",""biomeId"":""crystal-expanse"",""biomeLore"":""The valley refracts your own running lights back at you in colours they never had. Nothing here is hostile until you forget it's all one organism.""}"
"biome-hazard:Crystal Expanse:resonanceFields","resonanceFields","biome-hazards","3","additive","","","VFX (single frame or short frame sheet)","","256x256 per frame","","resonanceFields","","","","","Prismheart","unauthored — art direction not yet written for this biome; generator should flag, not invent silently","","","","","in-run gameplay within this biome","{""kind"":""environmental hazard (static art + trigger VFX)"",""biomeId"":""crystal-expanse"",""biomeLore"":""The valley refracts your own running lights back at you in colours they never had. Nothing here is hostile until you forget it's all one organism.""}"
"biome-hazard:Crystal Expanse:crystalExplosions","crystalExplosions","biome-hazards","3","additive","","","VFX (single frame or short frame sheet)","","256x256 per frame","","crystalExplosions","","","","","Prismheart","unauthored — art direction not yet written for this biome; generator should flag, not invent silently","","","","","in-run gameplay within this biome","{""kind"":""environmental hazard (static art + trigger VFX)"",""biomeId"":""crystal-expanse"",""biomeLore"":""The valley refracts your own running lights back at you in colours they never had. Nothing here is hostile until you forget it's all one organism.""}"
"biome-hazard:Crystal Expanse:collapsingFormations","collapsingFormations","biome-hazards","3","additive","","","VFX (single frame or short frame sheet)","","256x256 per frame","","collapsingFormations","","","","","Prismheart","unauthored — art direction not yet written for this biome; generator should flag, not invent silently","","","","","in-run gameplay within this biome","{""kind"":""environmental hazard (static art + trigger VFX)"",""biomeId"":""crystal-expanse"",""biomeLore"":""The valley refracts your own running lights back at you in colours they never had. Nothing here is hostile until you forget it's all one organism.""}"
"biome-hazard:Crystal Expanse:prismaticLasers","prismaticLasers","biome-hazards","3","additive","","","VFX (single frame or short frame sheet)","","256x256 per frame","","prismaticLasers","","","","","Prismheart","unauthored — art direction not yet written for this biome; generator should flag, not invent silently","","","","","in-run gameplay within this biome","{""kind"":""environmental hazard (static art + trigger VFX)"",""biomeId"":""crystal-expanse"",""biomeLore"":""The valley refracts your own running lights back at you in colours they never had. Nothing here is hostile until you forget it's all one organism.""}"
"biome-hazard:Crystal Expanse:livingTerrain","livingTerrain","biome-hazards","3","additive","","","VFX (single frame or short frame sheet)","","256x256 per frame","","livingTerrain","","","","","Prismheart","unauthored — art direction not yet written for this biome; generator should flag, not invent silently","","","","","in-run gameplay within this biome","{""kind"":""environmental hazard (static art + trigger VFX)"",""biomeId"":""crystal-expanse"",""biomeLore"":""The valley refracts your own running lights back at you in colours they never had. Nothing here is hostile until you forget it's all one organism.""}"
"biome-poi:Crystal Expanse:resonanceWells","resonanceWells","biome-poi","3","keyed","green","no green anywhere in this sprite's palette (green-keyed; see directive.colourLaw for substitutions)","sprite","","256x256, trimmed","","resonanceWells","","","","","Prismheart","unauthored — art direction not yet written for this biome; generator should flag, not invent silently","","","","","in-run gameplay within this biome","{""kind"":""discovery/landmark"",""biomeId"":""crystal-expanse"",""biomeLore"":""The valley refracts your own running lights back at you in colours they never had. Nothing here is hostile until you forget it's all one organism.""}"
"biome-poi:Crystal Expanse:livingMonoliths","livingMonoliths","biome-poi","3","keyed","green","no green anywhere in this sprite's palette (green-keyed; see directive.colourLaw for substitutions)","sprite","","256x256, trimmed","","livingMonoliths","","","","","Prismheart","unauthored — art direction not yet written for this biome; generator should flag, not invent silently","","","","","in-run gameplay within this biome","{""kind"":""discovery/landmark"",""biomeId"":""crystal-expanse"",""biomeLore"":""The valley refracts your own running lights back at you in colours they never had. Nothing here is hostile until you forget it's all one organism.""}"
"biome-poi:Crystal Expanse:ancientCrystalArchives","ancientCrystalArchives","biome-poi","3","keyed","green","no green anywhere in this sprite's palette (green-keyed; see directive.colourLaw for substitutions)","sprite","","256x256, trimmed","","ancientCrystalArchives","","","","","Prismheart","unauthored — art direction not yet written for this biome; generator should flag, not invent silently","","","","","in-run gameplay within this biome","{""kind"":""discovery/landmark"",""biomeId"":""crystal-expanse"",""biomeLore"":""The valley refracts your own running lights back at you in colours they never had. Nothing here is hostile until you forget it's all one organism.""}"
"biome-poi:Crystal Expanse:energyBridges","energyBridges","biome-poi","3","keyed","green","no green anywhere in this sprite's palette (green-keyed; see directive.colourLaw for substitutions)","sprite","","256x256, trimmed","","energyBridges","","","","","Prismheart","unauthored — art direction not yet written for this biome; generator should flag, not invent silently","","","","","in-run gameplay within this biome","{""kind"":""discovery/landmark"",""biomeId"":""crystal-expanse"",""biomeLore"":""The valley refracts your own running lights back at you in colours they never had. Nothing here is hostile until you forget it's all one organism.""}"
"biome-poi:Crystal Expanse:crystalBloomSites","crystalBloomSites","biome-poi","3","keyed","green","no green anywhere in this sprite's palette (green-keyed; see directive.colourLaw for substitutions)","sprite","","256x256, trimmed","","crystalBloomSites","","","","","Prismheart","unauthored — art direction not yet written for this biome; generator should flag, not invent silently","","","","","in-run gameplay within this biome","{""kind"":""discovery/landmark"",""biomeId"":""crystal-expanse"",""biomeLore"":""The valley refracts your own running lights back at you in colours they never had. Nothing here is hostile until you forget it's all one organism.""}"
"biome-poi:Crystal Expanse:hiddenCaverns","hiddenCaverns","biome-poi","3","keyed","green","no green anywhere in this sprite's palette (green-keyed; see directive.colourLaw for substitutions)","sprite","","256x256, trimmed","","hiddenCaverns","","","","","Prismheart","unauthored — art direction not yet written for this biome; generator should flag, not invent silently","","","","","in-run gameplay within this biome","{""kind"":""discovery/landmark"",""biomeId"":""crystal-expanse"",""biomeLore"":""The valley refracts your own running lights back at you in colours they never had. Nothing here is hostile until you forget it's all one organism.""}"
"biome-poi:Crystal Expanse:planetaryHeartChambers","planetaryHeartChambers","biome-poi","3","keyed","green","no green anywhere in this sprite's palette (green-keyed; see directive.colourLaw for substitutions)","sprite","","256x256, trimmed","","planetaryHeartChambers","","","","","Prismheart","unauthored — art direction not yet written for this biome; generator should flag, not invent silently","","","","","in-run gameplay within this biome","{""kind"":""discovery/landmark"",""biomeId"":""crystal-expanse"",""biomeLore"":""The valley refracts your own running lights back at you in colours they never had. Nothing here is hostile until you forget it's all one organism.""}"
"biome-poi:Crystal Expanse:prismaticSanctuaries","prismaticSanctuaries","biome-poi","3","keyed","green","no green anywhere in this sprite's palette (green-keyed; see directive.colourLaw for substitutions)","sprite","","256x256, trimmed","","prismaticSanctuaries","","","","","Prismheart","unauthored — art direction not yet written for this biome; generator should flag, not invent silently","","","","","in-run gameplay within this biome","{""kind"":""discovery/landmark"",""biomeId"":""crystal-expanse"",""biomeLore"":""The valley refracts your own running lights back at you in colours they never had. Nothing here is hostile until you forget it's all one organism.""}"
"biome-weather:Derelict Expanse:debrisStorms","debrisStorms","biome-weather","3","additive","","","VFX (single frame or short frame sheet)","","256x256 per frame","","debrisStorms","","","","","Gravewake","unauthored — art direction not yet written for this biome; generator should flag, not invent silently","","","","","in-run gameplay within this biome","{""kind"":""weather effect"",""biomeId"":""derelict-expanse"",""biomeLore"":""Millions of ships, thousands of years of losing. Some still transmit. Some are still sealed. Nothing here was ever salvaged, and nobody who studies the Expanse can agree on why.""}"
"biome-weather:Derelict Expanse:electromagneticClouds","electromagneticClouds","biome-weather","3","additive","","","VFX (single frame or short frame sheet)","","256x256 per frame","","electromagneticClouds","","","","","Gravewake","unauthored — art direction not yet written for this biome; generator should flag, not invent silently","","","","","in-run gameplay within this biome","{""kind"":""weather effect"",""biomeId"":""derelict-expanse"",""biomeLore"":""Millions of ships, thousands of years of losing. Some still transmit. Some are still sealed. Nothing here was ever salvaged, and nobody who studies the Expanse can agree on why.""}"
"biome-weather:Derelict Expanse:microMeteorFields","microMeteorFields","biome-weather","3","additive","","","VFX (single frame or short frame sheet)","","256x256 per frame","","microMeteorFields","","","","","Gravewake","unauthored — art direction not yet written for this biome; generator should flag, not invent silently","","","","","in-run gameplay within this biome","{""kind"":""weather effect"",""biomeId"":""derelict-expanse"",""biomeLore"":""Millions of ships, thousands of years of losing. Some still transmit. Some are still sealed. Nothing here was ever salvaged, and nobody who studies the Expanse can agree on why.""}"
"biome-weather:Derelict Expanse:staticDisturbance","staticDisturbance","biome-weather","3","additive","","","VFX (single frame or short frame sheet)","","256x256 per frame","","staticDisturbance","","","","","Gravewake","unauthored — art direction not yet written for this biome; generator should flag, not invent silently","","","","","in-run gameplay within this biome","{""kind"":""weather effect"",""biomeId"":""derelict-expanse"",""biomeLore"":""Millions of ships, thousands of years of losing. Some still transmit. Some are still sealed. Nothing here was ever salvaged, and nobody who studies the Expanse can agree on why.""}"
"biome-weather:Derelict Expanse:sensorInterference","sensorInterference","biome-weather","3","additive","","","VFX (single frame or short frame sheet)","","256x256 per frame","","sensorInterference","","","","","Gravewake","unauthored — art direction not yet written for this biome; generator should flag, not invent silently","","","","","in-run gameplay within this biome","{""kind"":""weather effect"",""biomeId"":""derelict-expanse"",""biomeLore"":""Millions of ships, thousands of years of losing. Some still transmit. Some are still sealed. Nothing here was ever salvaged, and nobody who studies the Expanse can agree on why.""}"
"biome-weather:Derelict Expanse:powerFluctuations","powerFluctuations","biome-weather","3","additive","","","VFX (single frame or short frame sheet)","","256x256 per frame","","powerFluctuations","","","","","Gravewake","unauthored — art direction not yet written for this biome; generator should flag, not invent silently","","","","","in-run gameplay within this biome","{""kind"":""weather effect"",""biomeId"":""derelict-expanse"",""biomeLore"":""Millions of ships, thousands of years of losing. Some still transmit. Some are still sealed. Nothing here was ever salvaged, and nobody who studies the Expanse can agree on why.""}"
"biome-weather:Derelict Expanse:ionDust","ionDust","biome-weather","3","additive","","","VFX (single frame or short frame sheet)","","256x256 per frame","","ionDust","","","","","Gravewake","unauthored — art direction not yet written for this biome; generator should flag, not invent silently","","","","","in-run gameplay within this biome","{""kind"":""weather effect"",""biomeId"":""derelict-expanse"",""biomeLore"":""Millions of ships, thousands of years of losing. Some still transmit. Some are still sealed. Nothing here was ever salvaged, and nobody who studies the Expanse can agree on why.""}"
"biome-hazard:Derelict Expanse:hullExplosions","hullExplosions","biome-hazards","3","additive","","","VFX (single frame or short frame sheet)","","256x256 per frame","","hullExplosions","","","","","Gravewake","unauthored — art direction not yet written for this biome; generator should flag, not invent silently","","","","","in-run gameplay within this biome","{""kind"":""environmental hazard (static art + trigger VFX)"",""biomeId"":""derelict-expanse"",""biomeLore"":""Millions of ships, thousands of years of losing. Some still transmit. Some are still sealed. Nothing here was ever salvaged, and nobody who studies the Expanse can agree on why.""}"
"biome-hazard:Derelict Expanse:reactorLeaks","reactorLeaks","biome-hazards","3","additive","","","VFX (single frame or short frame sheet)","","256x256 per frame","","reactorLeaks","","","","","Gravewake","unauthored — art direction not yet written for this biome; generator should flag, not invent silently","","","","","in-run gameplay within this biome","{""kind"":""environmental hazard (static art + trigger VFX)"",""biomeId"":""derelict-expanse"",""biomeLore"":""Millions of ships, thousands of years of losing. Some still transmit. Some are still sealed. Nothing here was ever salvaged, and nobody who studies the Expanse can agree on why.""}"
"biome-hazard:Derelict Expanse:electricalDischarge","electricalDischarge","biome-hazards","3","additive","","","VFX (single frame or short frame sheet)","","256x256 per frame","","electricalDischarge","","","","","Gravewake","unauthored — art direction not yet written for this biome; generator should flag, not invent silently","","","","","in-run gameplay within this biome","{""kind"":""environmental hazard (static art + trigger VFX)"",""biomeId"":""derelict-expanse"",""biomeLore"":""Millions of ships, thousands of years of losing. Some still transmit. Some are still sealed. Nothing here was ever salvaged, and nobody who studies the Expanse can agree on why.""}"
"biome-hazard:Derelict Expanse:floatingDebris","floatingDebris","biome-hazards","3","additive","","","VFX (single frame or short frame sheet)","","256x256 per frame","","floatingDebris","","","","","Gravewake","unauthored — art direction not yet written for this biome; generator should flag, not invent silently","","","","","in-run gameplay within this biome","{""kind"":""environmental hazard (static art + trigger VFX)"",""biomeId"":""derelict-expanse"",""biomeLore"":""Millions of ships, thousands of years of losing. Some still transmit. Some are still sealed. Nothing here was ever salvaged, and nobody who studies the Expanse can agree on why.""}"
"biome-hazard:Derelict Expanse:brokenGravityFields","brokenGravityFields","biome-hazards","3","additive","","","VFX (single frame or short frame sheet)","","256x256 per frame","","brokenGravityFields","","","","","Gravewake","unauthored — art direction not yet written for this biome; generator should flag, not invent silently","","","","","in-run gameplay within this biome","{""kind"":""environmental hazard (static art + trigger VFX)"",""biomeId"":""derelict-expanse"",""biomeLore"":""Millions of ships, thousands of years of losing. Some still transmit. Some are still sealed. Nothing here was ever salvaged, and nobody who studies the Expanse can agree on why.""}"
"biome-hazard:Derelict Expanse:radiationPockets","radiationPockets","biome-hazards","3","additive","","","VFX (single frame or short frame sheet)","","256x256 per frame","","radiationPockets","","","","","Gravewake","unauthored — art direction not yet written for this biome; generator should flag, not invent silently","","","","","in-run gameplay within this biome","{""kind"":""environmental hazard (static art + trigger VFX)"",""biomeId"":""derelict-expanse"",""biomeLore"":""Millions of ships, thousands of years of losing. Some still transmit. Some are still sealed. Nothing here was ever salvaged, and nobody who studies the Expanse can agree on why.""}"
"biome-hazard:Derelict Expanse:fuelFires","fuelFires","biome-hazards","3","additive","","","VFX (single frame or short frame sheet)","","256x256 per frame","","fuelFires","","","","","Gravewake","unauthored — art direction not yet written for this biome; generator should flag, not invent silently","","","","","in-run gameplay within this biome","{""kind"":""environmental hazard (static art + trigger VFX)"",""biomeId"":""derelict-expanse"",""biomeLore"":""Millions of ships, thousands of years of losing. Some still transmit. Some are still sealed. Nothing here was ever salvaged, and nobody who studies the Expanse can agree on why.""}"
"biome-hazard:Derelict Expanse:unstableWreckage","unstableWreckage","biome-hazards","3","additive","","","VFX (single frame or short frame sheet)","","256x256 per frame","","unstableWreckage","","","","","Gravewake","unauthored — art direction not yet written for this biome; generator should flag, not invent silently","","","","","in-run gameplay within this biome","{""kind"":""environmental hazard (static art + trigger VFX)"",""biomeId"":""derelict-expanse"",""biomeLore"":""Millions of ships, thousands of years of losing. Some still transmit. Some are still sealed. Nothing here was ever salvaged, and nobody who studies the Expanse can agree on why.""}"
"biome-poi:Derelict Expanse:ghostCarriers","ghostCarriers","biome-poi","3","keyed","green","no green anywhere in this sprite's palette (green-keyed; see directive.colourLaw for substitutions)","sprite","","256x256, trimmed","","ghostCarriers","","","","","Gravewake","unauthored — art direction not yet written for this biome; generator should flag, not invent silently","","","","","in-run gameplay within this biome","{""kind"":""discovery/landmark"",""biomeId"":""derelict-expanse"",""biomeLore"":""Millions of ships, thousands of years of losing. Some still transmit. Some are still sealed. Nothing here was ever salvaged, and nobody who studies the Expanse can agree on why.""}"
"biome-poi:Derelict Expanse:abandonedBridges","abandonedBridges","biome-poi","3","keyed","green","no green anywhere in this sprite's palette (green-keyed; see directive.colourLaw for substitutions)","sprite","","256x256, trimmed","","abandonedBridges","","","","","Gravewake","unauthored — art direction not yet written for this biome; generator should flag, not invent silently","","","","","in-run gameplay within this biome","{""kind"":""discovery/landmark"",""biomeId"":""derelict-expanse"",""biomeLore"":""Millions of ships, thousands of years of losing. Some still transmit. Some are still sealed. Nothing here was ever salvaged, and nobody who studies the Expanse can agree on why.""}"
"biome-poi:Derelict Expanse:cryoEscapePods","cryoEscapePods","biome-poi","3","keyed","green","no green anywhere in this sprite's palette (green-keyed; see directive.colourLaw for substitutions)","sprite","","256x256, trimmed","","cryoEscapePods","","","","","Gravewake","unauthored — art direction not yet written for this biome; generator should flag, not invent silently","","","","","in-run gameplay within this biome","{""kind"":""discovery/landmark"",""biomeId"":""derelict-expanse"",""biomeLore"":""Millions of ships, thousands of years of losing. Some still transmit. Some are still sealed. Nothing here was ever salvaged, and nobody who studies the Expanse can agree on why.""}"
"biome-poi:Derelict Expanse:fleetCommandShips","fleetCommandShips","biome-poi","3","keyed","green","no green anywhere in this sprite's palette (green-keyed; see directive.colourLaw for substitutions)","sprite","","256x256, trimmed","","fleetCommandShips","","","","","Gravewake","unauthored — art direction not yet written for this biome; generator should flag, not invent silently","","","","","in-run gameplay within this biome","{""kind"":""discovery/landmark"",""biomeId"":""derelict-expanse"",""biomeLore"":""Millions of ships, thousands of years of losing. Some still transmit. Some are still sealed. Nothing here was ever salvaged, and nobody who studies the Expanse can agree on why.""}"
"biome-poi:Derelict Expanse:prototypeHangars","prototypeHangars","biome-poi","3","keyed","green","no green anywhere in this sprite's palette (green-keyed; see directive.colourLaw for substitutions)","sprite","","256x256, trimmed","","prototypeHangars","","","","","Gravewake","unauthored — art direction not yet written for this biome; generator should flag, not invent silently","","","","","in-run gameplay within this biome","{""kind"":""discovery/landmark"",""biomeId"":""derelict-expanse"",""biomeLore"":""Millions of ships, thousands of years of losing. Some still transmit. Some are still sealed. Nothing here was ever salvaged, and nobody who studies the Expanse can agree on why.""}"
"biome-poi:Derelict Expanse:researchVessels","researchVessels","biome-poi","3","keyed","green","no green anywhere in this sprite's palette (green-keyed; see directive.colourLaw for substitutions)","sprite","","256x256, trimmed","","researchVessels","","","","","Gravewake","unauthored — art direction not yet written for this biome; generator should flag, not invent silently","","","","","in-run gameplay within this biome","{""kind"":""discovery/landmark"",""biomeId"":""derelict-expanse"",""biomeLore"":""Millions of ships, thousands of years of losing. Some still transmit. Some are still sealed. Nothing here was ever salvaged, and nobody who studies the Expanse can agree on why.""}"
"biome-poi:Derelict Expanse:cargoVaults","cargoVaults","biome-poi","3","keyed","green","no green anywhere in this sprite's palette (green-keyed; see directive.colourLaw for substitutions)","sprite","","256x256, trimmed","","cargoVaults","","","","","Gravewake","unauthored — art direction not yet written for this biome; generator should flag, not invent silently","","","","","in-run gameplay within this biome","{""kind"":""discovery/landmark"",""biomeId"":""derelict-expanse"",""biomeLore"":""Millions of ships, thousands of years of losing. Some still transmit. Some are still sealed. Nothing here was ever salvaged, and nobody who studies the Expanse can agree on why.""}"
"biome-poi:Derelict Expanse:emergencyBeacons","emergencyBeacons","biome-poi","3","keyed","green","no green anywhere in this sprite's palette (green-keyed; see directive.colourLaw for substitutions)","sprite","","256x256, trimmed","","emergencyBeacons","","","","","Gravewake","unauthored — art direction not yet written for this biome; generator should flag, not invent silently","","","","","in-run gameplay within this biome","{""kind"":""discovery/landmark"",""biomeId"":""derelict-expanse"",""biomeLore"":""Millions of ships, thousands of years of losing. Some still transmit. Some are still sealed. Nothing here was ever salvaged, and nobody who studies the Expanse can agree on why.""}"
"biome-weather:Human Frontier:solarWinds","solarWinds","biome-weather","3","additive","","","VFX (single frame or short frame sheet)","","256x256 per frame","","solarWinds","","","","","Meridian Rest","unauthored — art direction not yet written for this biome; generator should flag, not invent silently","","","","","in-run gameplay within this biome","{""kind"":""weather effect"",""biomeId"":""meridian-rest-frontier"",""biomeLore"":""Half the station lights still work, and every one of them is on. The frontier rebuilds in public, so the dark can see it hasn't won.""}"
"biome-weather:Human Frontier:debrisFields","debrisFields","biome-weather","3","additive","","","VFX (single frame or short frame sheet)","","256x256 per frame","","debrisFields","","","","","Meridian Rest","unauthored — art direction not yet written for this biome; generator should flag, not invent silently","","","","","in-run gameplay within this biome","{""kind"":""weather effect"",""biomeId"":""meridian-rest-frontier"",""biomeLore"":""Half the station lights still work, and every one of them is on. The frontier rebuilds in public, so the dark can see it hasn't won.""}"
"biome-weather:Human Frontier:ionStorms","ionStorms","biome-weather","3","additive","","","VFX (single frame or short frame sheet)","","256x256 per frame","","ionStorms","","","","","Meridian Rest","unauthored — art direction not yet written for this biome; generator should flag, not invent silently","","","","","in-run gameplay within this biome","{""kind"":""weather effect"",""biomeId"":""meridian-rest-frontier"",""biomeLore"":""Half the station lights still work, and every one of them is on. The frontier rebuilds in public, so the dark can see it hasn't won.""}"
"biome-weather:Human Frontier:microMeteorShowers","microMeteorShowers","biome-weather","3","additive","","","VFX (single frame or short frame sheet)","","256x256 per frame","","microMeteorShowers","","","","","Meridian Rest","unauthored — art direction not yet written for this biome; generator should flag, not invent silently","","","","","in-run gameplay within this biome","{""kind"":""weather effect"",""biomeId"":""meridian-rest-frontier"",""biomeLore"":""Half the station lights still work, and every one of them is on. The frontier rebuilds in public, so the dark can see it hasn't won.""}"
"biome-weather:Human Frontier:radiationClouds","radiationClouds","biome-weather","3","additive","","","VFX (single frame or short frame sheet)","","256x256 per frame","","radiationClouds","","","","","Meridian Rest","unauthored — art direction not yet written for this biome; generator should flag, not invent silently","","","","","in-run gameplay within this biome","{""kind"":""weather effect"",""biomeId"":""meridian-rest-frontier"",""biomeLore"":""Half the station lights still work, and every one of them is on. The frontier rebuilds in public, so the dark can see it hasn't won.""}"
"biome-weather:Human Frontier:engineExhaustFields","engineExhaustFields","biome-weather","3","additive","","","VFX (single frame or short frame sheet)","","256x256 per frame","","engineExhaustFields","","","","","Meridian Rest","unauthored — art direction not yet written for this biome; generator should flag, not invent silently","","","","","in-run gameplay within this biome","{""kind"":""weather effect"",""biomeId"":""meridian-rest-frontier"",""biomeLore"":""Half the station lights still work, and every one of them is on. The frontier rebuilds in public, so the dark can see it hasn't won.""}"
"biome-weather:Human Frontier:electricalStorms","electricalStorms","biome-weather","3","additive","","","VFX (single frame or short frame sheet)","","256x256 per frame","","electricalStorms","","","","","Meridian Rest","unauthored — art direction not yet written for this biome; generator should flag, not invent silently","","","","","in-run gameplay within this biome","{""kind"":""weather effect"",""biomeId"":""meridian-rest-frontier"",""biomeLore"":""Half the station lights still work, and every one of them is on. The frontier rebuilds in public, so the dark can see it hasn't won.""}"
"biome-hazard:Human Frontier:damagedStations","damagedStations","biome-hazards","3","additive","","","VFX (single frame or short frame sheet)","","256x256 per frame","","damagedStations","","","","","Meridian Rest","unauthored — art direction not yet written for this biome; generator should flag, not invent silently","","","","","in-run gameplay within this biome","{""kind"":""environmental hazard (static art + trigger VFX)"",""biomeId"":""meridian-rest-frontier"",""biomeLore"":""Half the station lights still work, and every one of them is on. The frontier rebuilds in public, so the dark can see it hasn't won.""}"
"biome-hazard:Human Frontier:explosiveFuelTanks","explosiveFuelTanks","biome-hazards","3","additive","","","VFX (single frame or short frame sheet)","","256x256 per frame","","explosiveFuelTanks","","","","","Meridian Rest","unauthored — art direction not yet written for this biome; generator should flag, not invent silently","","","","","in-run gameplay within this biome","{""kind"":""environmental hazard (static art + trigger VFX)"",""biomeId"":""meridian-rest-frontier"",""biomeLore"":""Half the station lights still work, and every one of them is on. The frontier rebuilds in public, so the dark can see it hasn't won.""}"
"biome-hazard:Human Frontier:minefields","minefields","biome-hazards","3","additive","","","VFX (single frame or short frame sheet)","","256x256 per frame","","minefields","","","","","Meridian Rest","unauthored — art direction not yet written for this biome; generator should flag, not invent silently","","","","","in-run gameplay within this biome","{""kind"":""environmental hazard (static art + trigger VFX)"",""biomeId"":""meridian-rest-frontier"",""biomeLore"":""Half the station lights still work, and every one of them is on. The frontier rebuilds in public, so the dark can see it hasn't won.""}"
"biome-hazard:Human Frontier:debrisBelts","debrisBelts","biome-hazards","3","additive","","","VFX (single frame or short frame sheet)","","256x256 per frame","","debrisBelts","","","","","Meridian Rest","unauthored — art direction not yet written for this biome; generator should flag, not invent silently","","","","","in-run gameplay within this biome","{""kind"":""environmental hazard (static art + trigger VFX)"",""biomeId"":""meridian-rest-frontier"",""biomeLore"":""Half the station lights still work, and every one of them is on. The frontier rebuilds in public, so the dark can see it hasn't won.""}"
"biome-hazard:Human Frontier:electricalArcs","electricalArcs","biome-hazards","3","additive","","","VFX (single frame or short frame sheet)","","256x256 per frame","","electricalArcs","","","","","Meridian Rest","unauthored — art direction not yet written for this biome; generator should flag, not invent silently","","","","","in-run gameplay within this biome","{""kind"":""environmental hazard (static art + trigger VFX)"",""biomeId"":""meridian-rest-frontier"",""biomeLore"":""Half the station lights still work, and every one of them is on. The frontier rebuilds in public, so the dark can see it hasn't won.""}"
"biome-hazard:Human Frontier:reactorLeaks","reactorLeaks","biome-hazards","3","additive","","","VFX (single frame or short frame sheet)","","256x256 per frame","","reactorLeaks","","","","","Meridian Rest","unauthored — art direction not yet written for this biome; generator should flag, not invent silently","","","","","in-run gameplay within this biome","{""kind"":""environmental hazard (static art + trigger VFX)"",""biomeId"":""meridian-rest-frontier"",""biomeLore"":""Half the station lights still work, and every one of them is on. The frontier rebuilds in public, so the dark can see it hasn't won.""}"
"biome-hazard:Human Frontier:navigationHazards","navigationHazards","biome-hazards","3","additive","","","VFX (single frame or short frame sheet)","","256x256 per frame","","navigationHazards","","","","","Meridian Rest","unauthored — art direction not yet written for this biome; generator should flag, not invent silently","","","","","in-run gameplay within this biome","{""kind"":""environmental hazard (static art + trigger VFX)"",""biomeId"":""meridian-rest-frontier"",""biomeLore"":""Half the station lights still work, and every one of them is on. The frontier rebuilds in public, so the dark can see it hasn't won.""}"
"biome-poi:Human Frontier:distressSignals","distressSignals","biome-poi","3","keyed","green","no green anywhere in this sprite's palette (green-keyed; see directive.colourLaw for substitutions)","sprite","","256x256, trimmed","","distressSignals","","","","","Meridian Rest","unauthored — art direction not yet written for this biome; generator should flag, not invent silently","","","","","in-run gameplay within this biome","{""kind"":""discovery/landmark"",""biomeId"":""meridian-rest-frontier"",""biomeLore"":""Half the station lights still work, and every one of them is on. The frontier rebuilds in public, so the dark can see it hasn't won.""}"
"biome-poi:Human Frontier:abandonedStations","abandonedStations","biome-poi","3","keyed","green","no green anywhere in this sprite's palette (green-keyed; see directive.colourLaw for substitutions)","sprite","","256x256, trimmed","","abandonedStations","","","","","Meridian Rest","unauthored — art direction not yet written for this biome; generator should flag, not invent silently","","","","","in-run gameplay within this biome","{""kind"":""discovery/landmark"",""biomeId"":""meridian-rest-frontier"",""biomeLore"":""Half the station lights still work, and every one of them is on. The frontier rebuilds in public, so the dark can see it hasn't won.""}"
"biome-poi:Human Frontier:miningOperations","miningOperations","biome-poi","3","keyed","green","no green anywhere in this sprite's palette (green-keyed; see directive.colourLaw for substitutions)","sprite","","256x256, trimmed","","miningOperations","","","","","Meridian Rest","unauthored — art direction not yet written for this biome; generator should flag, not invent silently","","","","","in-run gameplay within this biome","{""kind"":""discovery/landmark"",""biomeId"":""meridian-rest-frontier"",""biomeLore"":""Half the station lights still work, and every one of them is on. The frontier rebuilds in public, so the dark can see it hasn't won.""}"
"biome-poi:Human Frontier:civilianSettlements","civilianSettlements","biome-poi","3","keyed","green","no green anywhere in this sprite's palette (green-keyed; see directive.colourLaw for substitutions)","sprite","","256x256, trimmed","","civilianSettlements","","","","","Meridian Rest","unauthored — art direction not yet written for this biome; generator should flag, not invent silently","","","","","in-run gameplay within this biome","{""kind"":""discovery/landmark"",""biomeId"":""meridian-rest-frontier"",""biomeLore"":""Half the station lights still work, and every one of them is on. The frontier rebuilds in public, so the dark can see it hasn't won.""}"
"biome-poi:Human Frontier:prototypeWorkshops","prototypeWorkshops","biome-poi","3","keyed","green","no green anywhere in this sprite's palette (green-keyed; see directive.colourLaw for substitutions)","sprite","","256x256, trimmed","","prototypeWorkshops","","","","","Meridian Rest","unauthored — art direction not yet written for this biome; generator should flag, not invent silently","","","","","in-run gameplay within this biome","{""kind"":""discovery/landmark"",""biomeId"":""meridian-rest-frontier"",""biomeLore"":""Half the station lights still work, and every one of them is on. The frontier rebuilds in public, so the dark can see it hasn't won.""}"
"biome-poi:Human Frontier:blackMarketOutposts","blackMarketOutposts","biome-poi","3","keyed","green","no green anywhere in this sprite's palette (green-keyed; see directive.colourLaw for substitutions)","sprite","","256x256, trimmed","","blackMarketOutposts","","","","","Meridian Rest","unauthored — art direction not yet written for this biome; generator should flag, not invent silently","","","","","in-run gameplay within this biome","{""kind"":""discovery/landmark"",""biomeId"":""meridian-rest-frontier"",""biomeLore"":""Half the station lights still work, and every one of them is on. The frontier rebuilds in public, so the dark can see it hasn't won.""}"
"biome-poi:Human Frontier:navigationBeacons","navigationBeacons","biome-poi","3","keyed","green","no green anywhere in this sprite's palette (green-keyed; see directive.colourLaw for substitutions)","sprite","","256x256, trimmed","","navigationBeacons","","","","","Meridian Rest","unauthored — art direction not yet written for this biome; generator should flag, not invent silently","","","","","in-run gameplay within this biome","{""kind"":""discovery/landmark"",""biomeId"":""meridian-rest-frontier"",""biomeLore"":""Half the station lights still work, and every one of them is on. The frontier rebuilds in public, so the dark can see it hasn't won.""}"
"biome-poi:Human Frontier:historicWrecks","historicWrecks","biome-poi","3","keyed","green","no green anywhere in this sprite's palette (green-keyed; see directive.colourLaw for substitutions)","sprite","","256x256, trimmed","","historicWrecks","","","","","Meridian Rest","unauthored — art direction not yet written for this biome; generator should flag, not invent silently","","","","","in-run gameplay within this biome","{""kind"":""discovery/landmark"",""biomeId"":""meridian-rest-frontier"",""biomeLore"":""Half the station lights still work, and every one of them is on. The frontier rebuilds in public, so the dark can see it hasn't won.""}"
"biome-weather:Frozen Reach:cryoStorms","cryoStorms","biome-weather","3","additive","","","VFX (single frame or short frame sheet)","","256x256 per frame","","cryoStorms","","","","","Winterline","authored","","","","","in-run gameplay within this biome","{""kind"":""weather effect"",""biomeId"":""frozen-reach"",""biomeLore"":""The colonies here saw the Collapse coming and chose suspension over escape. Kilometres under the ice, the lights are still on, the instruments still recording. They are all still waiting."",""biomeVisualIdentity"":{""lighting"":""flat cold white"",""fog"":""dense, low-lying"",""skybox"":""pale overcast"",""planetaryColours"":""white, grey-blue"",""architecture"":""expedition-white weathered stations"",""vegetation"":""none"",""weather"":""gentle snowfall"",""environmentalVfx"":""sparse frost particles""}}"
"biome-weather:Frozen Reach:auroraActivity","auroraActivity","biome-weather","3","additive","","","VFX (single frame or short frame sheet)","","256x256 per frame","","auroraActivity","","","","","Winterline","authored","","","","","in-run gameplay within this biome","{""kind"":""weather effect"",""biomeId"":""frozen-reach"",""biomeLore"":""The colonies here saw the Collapse coming and chose suspension over escape. Kilometres under the ice, the lights are still on, the instruments still recording. They are all still waiting."",""biomeVisualIdentity"":{""lighting"":""flat cold white"",""fog"":""dense, low-lying"",""skybox"":""pale overcast"",""planetaryColours"":""white, grey-blue"",""architecture"":""expedition-white weathered stations"",""vegetation"":""none"",""weather"":""gentle snowfall"",""environmentalVfx"":""sparse frost particles""}}"
"biome-weather:Frozen Reach:iceFog","iceFog","biome-weather","3","additive","","","VFX (single frame or short frame sheet)","","256x256 per frame","","iceFog","","","","","Winterline","authored","","","","","in-run gameplay within this biome","{""kind"":""weather effect"",""biomeId"":""frozen-reach"",""biomeLore"":""The colonies here saw the Collapse coming and chose suspension over escape. Kilometres under the ice, the lights are still on, the instruments still recording. They are all still waiting."",""biomeVisualIdentity"":{""lighting"":""flat cold white"",""fog"":""dense, low-lying"",""skybox"":""pale overcast"",""planetaryColours"":""white, grey-blue"",""architecture"":""expedition-white weathered stations"",""vegetation"":""none"",""weather"":""gentle snowfall"",""environmentalVfx"":""sparse frost particles""}}"
"biome-weather:Frozen Reach:frozenDust","frozenDust","biome-weather","3","additive","","","VFX (single frame or short frame sheet)","","256x256 per frame","","frozenDust","","","","","Winterline","authored","","","","","in-run gameplay within this biome","{""kind"":""weather effect"",""biomeId"":""frozen-reach"",""biomeLore"":""The colonies here saw the Collapse coming and chose suspension over escape. Kilometres under the ice, the lights are still on, the instruments still recording. They are all still waiting."",""biomeVisualIdentity"":{""lighting"":""flat cold white"",""fog"":""dense, low-lying"",""skybox"":""pale overcast"",""planetaryColours"":""white, grey-blue"",""architecture"":""expedition-white weathered stations"",""vegetation"":""none"",""weather"":""gentle snowfall"",""environmentalVfx"":""sparse frost particles""}}"
"biome-weather:Frozen Reach:electrostaticSnow","electrostaticSnow","biome-weather","3","additive","","","VFX (single frame or short frame sheet)","","256x256 per frame","","electrostaticSnow","","","","","Winterline","authored","","","","","in-run gameplay within this biome","{""kind"":""weather effect"",""biomeId"":""frozen-reach"",""biomeLore"":""The colonies here saw the Collapse coming and chose suspension over escape. Kilometres under the ice, the lights are still on, the instruments still recording. They are all still waiting."",""biomeVisualIdentity"":{""lighting"":""flat cold white"",""fog"":""dense, low-lying"",""skybox"":""pale overcast"",""planetaryColours"":""white, grey-blue"",""architecture"":""expedition-white weathered stations"",""vegetation"":""none"",""weather"":""gentle snowfall"",""environmentalVfx"":""sparse frost particles""}}"
"biome-weather:Frozen Reach:crystalHail","crystalHail","biome-weather","3","additive","","","VFX (single frame or short frame sheet)","","256x256 per frame","","crystalHail","","","","","Winterline","authored","","","","","in-run gameplay within this biome","{""kind"":""weather effect"",""biomeId"":""frozen-reach"",""biomeLore"":""The colonies here saw the Collapse coming and chose suspension over escape. Kilometres under the ice, the lights are still on, the instruments still recording. They are all still waiting."",""biomeVisualIdentity"":{""lighting"":""flat cold white"",""fog"":""dense, low-lying"",""skybox"":""pale overcast"",""planetaryColours"":""white, grey-blue"",""architecture"":""expedition-white weathered stations"",""vegetation"":""none"",""weather"":""gentle snowfall"",""environmentalVfx"":""sparse frost particles""}}"
"biome-weather:Frozen Reach:thermalCollapse","thermalCollapse","biome-weather","3","additive","","","VFX (single frame or short frame sheet)","","256x256 per frame","","thermalCollapse","","","","","Winterline","authored","","","","","in-run gameplay within this biome","{""kind"":""weather effect"",""biomeId"":""frozen-reach"",""biomeLore"":""The colonies here saw the Collapse coming and chose suspension over escape. Kilometres under the ice, the lights are still on, the instruments still recording. They are all still waiting."",""biomeVisualIdentity"":{""lighting"":""flat cold white"",""fog"":""dense, low-lying"",""skybox"":""pale overcast"",""planetaryColours"":""white, grey-blue"",""architecture"":""expedition-white weathered stations"",""vegetation"":""none"",""weather"":""gentle snowfall"",""environmentalVfx"":""sparse frost particles""}}"
"biome-hazard:Frozen Reach:iceCracks","iceCracks","biome-hazards","3","additive","","","VFX (single frame or short frame sheet)","","256x256 per frame","","iceCracks","","","","","Winterline","authored","","","","","in-run gameplay within this biome","{""kind"":""environmental hazard (static art + trigger VFX)"",""biomeId"":""frozen-reach"",""biomeLore"":""The colonies here saw the Collapse coming and chose suspension over escape. Kilometres under the ice, the lights are still on, the instruments still recording. They are all still waiting."",""biomeVisualIdentity"":{""lighting"":""flat cold white"",""fog"":""dense, low-lying"",""skybox"":""pale overcast"",""planetaryColours"":""white, grey-blue"",""architecture"":""expedition-white weathered stations"",""vegetation"":""none"",""weather"":""gentle snowfall"",""environmentalVfx"":""sparse frost particles""}}"
"biome-hazard:Frozen Reach:cryogenicFields","cryogenicFields","biome-hazards","3","additive","","","VFX (single frame or short frame sheet)","","256x256 per frame","","cryogenicFields","","","","","Winterline","authored","","","","","in-run gameplay within this biome","{""kind"":""environmental hazard (static art + trigger VFX)"",""biomeId"":""frozen-reach"",""biomeLore"":""The colonies here saw the Collapse coming and chose suspension over escape. Kilometres under the ice, the lights are still on, the instruments still recording. They are all still waiting."",""biomeVisualIdentity"":{""lighting"":""flat cold white"",""fog"":""dense, low-lying"",""skybox"":""pale overcast"",""planetaryColours"":""white, grey-blue"",""architecture"":""expedition-white weathered stations"",""vegetation"":""none"",""weather"":""gentle snowfall"",""environmentalVfx"":""sparse frost particles""}}"
"biome-hazard:Frozen Reach:frozenGasClouds","frozenGasClouds","biome-hazards","3","additive","","","VFX (single frame or short frame sheet)","","256x256 per frame","","frozenGasClouds","","","","","Winterline","authored","","","","","in-run gameplay within this biome","{""kind"":""environmental hazard (static art + trigger VFX)"",""biomeId"":""frozen-reach"",""biomeLore"":""The colonies here saw the Collapse coming and chose suspension over escape. Kilometres under the ice, the lights are still on, the instruments still recording. They are all still waiting."",""biomeVisualIdentity"":{""lighting"":""flat cold white"",""fog"":""dense, low-lying"",""skybox"":""pale overcast"",""planetaryColours"":""white, grey-blue"",""architecture"":""expedition-white weathered stations"",""vegetation"":""none"",""weather"":""gentle snowfall"",""environmentalVfx"":""sparse frost particles""}}"
"biome-hazard:Frozen Reach:slipperySurfaces","slipperySurfaces","biome-hazards","3","additive","","","VFX (single frame or short frame sheet)","","256x256 per frame","","slipperySurfaces","","","","","Winterline","authored","","","","","in-run gameplay within this biome","{""kind"":""environmental hazard (static art + trigger VFX)"",""biomeId"":""frozen-reach"",""biomeLore"":""The colonies here saw the Collapse coming and chose suspension over escape. Kilometres under the ice, the lights are still on, the instruments still recording. They are all still waiting."",""biomeVisualIdentity"":{""lighting"":""flat cold white"",""fog"":""dense, low-lying"",""skybox"":""pale overcast"",""planetaryColours"":""white, grey-blue"",""architecture"":""expedition-white weathered stations"",""vegetation"":""none"",""weather"":""gentle snowfall"",""environmentalVfx"":""sparse frost particles""}}"
"biome-hazard:Frozen Reach:thermalShock","thermalShock","biome-hazards","3","additive","","","VFX (single frame or short frame sheet)","","256x256 per frame","","thermalShock","","","","","Winterline","authored","","","","","in-run gameplay within this biome","{""kind"":""environmental hazard (static art + trigger VFX)"",""biomeId"":""frozen-reach"",""biomeLore"":""The colonies here saw the Collapse coming and chose suspension over escape. Kilometres under the ice, the lights are still on, the instruments still recording. They are all still waiting."",""biomeVisualIdentity"":{""lighting"":""flat cold white"",""fog"":""dense, low-lying"",""skybox"":""pale overcast"",""planetaryColours"":""white, grey-blue"",""architecture"":""expedition-white weathered stations"",""vegetation"":""none"",""weather"":""gentle snowfall"",""environmentalVfx"":""sparse frost particles""}}"
"biome-hazard:Frozen Reach:cryoExplosions","cryoExplosions","biome-hazards","3","additive","","","VFX (single frame or short frame sheet)","","256x256 per frame","","cryoExplosions","","","","","Winterline","authored","","","","","in-run gameplay within this biome","{""kind"":""environmental hazard (static art + trigger VFX)"",""biomeId"":""frozen-reach"",""biomeLore"":""The colonies here saw the Collapse coming and chose suspension over escape. Kilometres under the ice, the lights are still on, the instruments still recording. They are all still waiting."",""biomeVisualIdentity"":{""lighting"":""flat cold white"",""fog"":""dense, low-lying"",""skybox"":""pale overcast"",""planetaryColours"":""white, grey-blue"",""architecture"":""expedition-white weathered stations"",""vegetation"":""none"",""weather"":""gentle snowfall"",""environmentalVfx"":""sparse frost particles""}}"
"biome-hazard:Frozen Reach:fallingIce","fallingIce","biome-hazards","3","additive","","","VFX (single frame or short frame sheet)","","256x256 per frame","","fallingIce","","","","","Winterline","authored","","","","","in-run gameplay within this biome","{""kind"":""environmental hazard (static art + trigger VFX)"",""biomeId"":""frozen-reach"",""biomeLore"":""The colonies here saw the Collapse coming and chose suspension over escape. Kilometres under the ice, the lights are still on, the instruments still recording. They are all still waiting."",""biomeVisualIdentity"":{""lighting"":""flat cold white"",""fog"":""dense, low-lying"",""skybox"":""pale overcast"",""planetaryColours"":""white, grey-blue"",""architecture"":""expedition-white weathered stations"",""vegetation"":""none"",""weather"":""gentle snowfall"",""environmentalVfx"":""sparse frost particles""}}"
"biome-hazard:Frozen Reach:frozenDebris","frozenDebris","biome-hazards","3","additive","","","VFX (single frame or short frame sheet)","","256x256 per frame","","frozenDebris","","","","","Winterline","authored","","","","","in-run gameplay within this biome","{""kind"":""environmental hazard (static art + trigger VFX)"",""biomeId"":""frozen-reach"",""biomeLore"":""The colonies here saw the Collapse coming and chose suspension over escape. Kilometres under the ice, the lights are still on, the instruments still recording. They are all still waiting."",""biomeVisualIdentity"":{""lighting"":""flat cold white"",""fog"":""dense, low-lying"",""skybox"":""pale overcast"",""planetaryColours"":""white, grey-blue"",""architecture"":""expedition-white weathered stations"",""vegetation"":""none"",""weather"":""gentle snowfall"",""environmentalVfx"":""sparse frost particles""}}"
"biome-poi:Frozen Reach:cryoVaults","cryoVaults","biome-poi","3","keyed","green","no green anywhere in this sprite's palette (green-keyed; see directive.colourLaw for substitutions)","sprite","","256x256, trimmed","","cryoVaults","","","","","Winterline","authored","","","","","in-run gameplay within this biome","{""kind"":""discovery/landmark"",""biomeId"":""frozen-reach"",""biomeLore"":""The colonies here saw the Collapse coming and chose suspension over escape. Kilometres under the ice, the lights are still on, the instruments still recording. They are all still waiting."",""biomeVisualIdentity"":{""lighting"":""flat cold white"",""fog"":""dense, low-lying"",""skybox"":""pale overcast"",""planetaryColours"":""white, grey-blue"",""architecture"":""expedition-white weathered stations"",""vegetation"":""none"",""weather"":""gentle snowfall"",""environmentalVfx"":""sparse frost particles""}}"
"biome-poi:Frozen Reach:frozenFleets","frozenFleets","biome-poi","3","keyed","green","no green anywhere in this sprite's palette (green-keyed; see directive.colourLaw for substitutions)","sprite","","256x256, trimmed","","frozenFleets","","","","","Winterline","authored","","","","","in-run gameplay within this biome","{""kind"":""discovery/landmark"",""biomeId"":""frozen-reach"",""biomeLore"":""The colonies here saw the Collapse coming and chose suspension over escape. Kilometres under the ice, the lights are still on, the instruments still recording. They are all still waiting."",""biomeVisualIdentity"":{""lighting"":""flat cold white"",""fog"":""dense, low-lying"",""skybox"":""pale overcast"",""planetaryColours"":""white, grey-blue"",""architecture"":""expedition-white weathered stations"",""vegetation"":""none"",""weather"":""gentle snowfall"",""environmentalVfx"":""sparse frost particles""}}"
"biome-poi:Frozen Reach:ancientLaboratories","ancientLaboratories","biome-poi","3","keyed","green","no green anywhere in this sprite's palette (green-keyed; see directive.colourLaw for substitutions)","sprite","","256x256, trimmed","","ancientLaboratories","","","","","Winterline","authored","","","","","in-run gameplay within this biome","{""kind"":""discovery/landmark"",""biomeId"":""frozen-reach"",""biomeLore"":""The colonies here saw the Collapse coming and chose suspension over escape. Kilometres under the ice, the lights are still on, the instruments still recording. They are all still waiting."",""biomeVisualIdentity"":{""lighting"":""flat cold white"",""fog"":""dense, low-lying"",""skybox"":""pale overcast"",""planetaryColours"":""white, grey-blue"",""architecture"":""expedition-white weathered stations"",""vegetation"":""none"",""weather"":""gentle snowfall"",""environmentalVfx"":""sparse frost particles""}}"
"biome-poi:Frozen Reach:iceTemples","iceTemples","biome-poi","3","keyed","green","no green anywhere in this sprite's palette (green-keyed; see directive.colourLaw for substitutions)","sprite","","256x256, trimmed","","iceTemples","","","","","Winterline","authored","","","","","in-run gameplay within this biome","{""kind"":""discovery/landmark"",""biomeId"":""frozen-reach"",""biomeLore"":""The colonies here saw the Collapse coming and chose suspension over escape. Kilometres under the ice, the lights are still on, the instruments still recording. They are all still waiting."",""biomeVisualIdentity"":{""lighting"":""flat cold white"",""fog"":""dense, low-lying"",""skybox"":""pale overcast"",""planetaryColours"":""white, grey-blue"",""architecture"":""expedition-white weathered stations"",""vegetation"":""none"",""weather"":""gentle snowfall"",""environmentalVfx"":""sparse frost particles""}}"
"biome-poi:Frozen Reach:subsurfaceCities","subsurfaceCities","biome-poi","3","keyed","green","no green anywhere in this sprite's palette (green-keyed; see directive.colourLaw for substitutions)","sprite","","256x256, trimmed","","subsurfaceCities","","","","","Winterline","authored","","","","","in-run gameplay within this biome","{""kind"":""discovery/landmark"",""biomeId"":""frozen-reach"",""biomeLore"":""The colonies here saw the Collapse coming and chose suspension over escape. Kilometres under the ice, the lights are still on, the instruments still recording. They are all still waiting."",""biomeVisualIdentity"":{""lighting"":""flat cold white"",""fog"":""dense, low-lying"",""skybox"":""pale overcast"",""planetaryColours"":""white, grey-blue"",""architecture"":""expedition-white weathered stations"",""vegetation"":""none"",""weather"":""gentle snowfall"",""environmentalVfx"":""sparse frost particles""}}"
"biome-poi:Frozen Reach:auroraObservatories","auroraObservatories","biome-poi","3","keyed","green","no green anywhere in this sprite's palette (green-keyed; see directive.colourLaw for substitutions)","sprite","","256x256, trimmed","","auroraObservatories","","","","","Winterline","authored","","","","","in-run gameplay within this biome","{""kind"":""discovery/landmark"",""biomeId"":""frozen-reach"",""biomeLore"":""The colonies here saw the Collapse coming and chose suspension over escape. Kilometres under the ice, the lights are still on, the instruments still recording. They are all still waiting."",""biomeVisualIdentity"":{""lighting"":""flat cold white"",""fog"":""dense, low-lying"",""skybox"":""pale overcast"",""planetaryColours"":""white, grey-blue"",""architecture"":""expedition-white weathered stations"",""vegetation"":""none"",""weather"":""gentle snowfall"",""environmentalVfx"":""sparse frost particles""}}"
"biome-poi:Frozen Reach:preservationChambers","preservationChambers","biome-poi","3","keyed","green","no green anywhere in this sprite's palette (green-keyed; see directive.colourLaw for substitutions)","sprite","","256x256, trimmed","","preservationChambers","","","","","Winterline","authored","","","","","in-run gameplay within this biome","{""kind"":""discovery/landmark"",""biomeId"":""frozen-reach"",""biomeLore"":""The colonies here saw the Collapse coming and chose suspension over escape. Kilometres under the ice, the lights are still on, the instruments still recording. They are all still waiting."",""biomeVisualIdentity"":{""lighting"":""flat cold white"",""fog"":""dense, low-lying"",""skybox"":""pale overcast"",""planetaryColours"":""white, grey-blue"",""architecture"":""expedition-white weathered stations"",""vegetation"":""none"",""weather"":""gentle snowfall"",""environmentalVfx"":""sparse frost particles""}}"
"biome-poi:Frozen Reach:deepIceArchives","deepIceArchives","biome-poi","3","keyed","green","no green anywhere in this sprite's palette (green-keyed; see directive.colourLaw for substitutions)","sprite","","256x256, trimmed","","deepIceArchives","","","","","Winterline","authored","","","","","in-run gameplay within this biome","{""kind"":""discovery/landmark"",""biomeId"":""frozen-reach"",""biomeLore"":""The colonies here saw the Collapse coming and chose suspension over escape. Kilometres under the ice, the lights are still on, the instruments still recording. They are all still waiting."",""biomeVisualIdentity"":{""lighting"":""flat cold white"",""fog"":""dense, low-lying"",""skybox"":""pale overcast"",""planetaryColours"":""white, grey-blue"",""architecture"":""expedition-white weathered stations"",""vegetation"":""none"",""weather"":""gentle snowfall"",""environmentalVfx"":""sparse frost particles""}}"
"biome-weather:Living Ecospheres:sporeStorms","sporeStorms","biome-weather","3","additive","","","VFX (single frame or short frame sheet)","","256x256 per frame","","sporeStorms","","","","","Verdance","unauthored — art direction not yet written for this biome; generator should flag, not invent silently","","","","","in-run gameplay within this biome","{""kind"":""weather effect"",""biomeId"":""living-ecospheres"",""biomeLore"":""The planet noticed you before you made orbit. The forests are its nerves, the rivers its blood, the wildlife its immune system. You are not exploring it. It is examining you.""}"
"biome-weather:Living Ecospheres:pollenClouds","pollenClouds","biome-weather","3","additive","","","VFX (single frame or short frame sheet)","","256x256 per frame","","pollenClouds","","","","","Verdance","unauthored — art direction not yet written for this biome; generator should flag, not invent silently","","","","","in-run gameplay within this biome","{""kind"":""weather effect"",""biomeId"":""living-ecospheres"",""biomeLore"":""The planet noticed you before you made orbit. The forests are its nerves, the rivers its blood, the wildlife its immune system. You are not exploring it. It is examining you.""}"
"biome-weather:Living Ecospheres:bioluminescentRain","bioluminescentRain","biome-weather","3","additive","","","VFX (single frame or short frame sheet)","","256x256 per frame","","bioluminescentRain","","","","","Verdance","unauthored — art direction not yet written for this biome; generator should flag, not invent silently","","","","","in-run gameplay within this biome","{""kind"":""weather effect"",""biomeId"":""living-ecospheres"",""biomeLore"":""The planet noticed you before you made orbit. The forests are its nerves, the rivers its blood, the wildlife its immune system. You are not exploring it. It is examining you.""}"
"biome-weather:Living Ecospheres:livingFog","livingFog","biome-weather","3","additive","","","VFX (single frame or short frame sheet)","","256x256 per frame","","livingFog","","","","","Verdance","unauthored — art direction not yet written for this biome; generator should flag, not invent silently","","","","","in-run gameplay within this biome","{""kind"":""weather effect"",""biomeId"":""living-ecospheres"",""biomeLore"":""The planet noticed you before you made orbit. The forests are its nerves, the rivers its blood, the wildlife its immune system. You are not exploring it. It is examining you.""}"
"biome-weather:Living Ecospheres:photosyntheticBloom","photosyntheticBloom","biome-weather","3","additive","","","VFX (single frame or short frame sheet)","","256x256 per frame","","photosyntheticBloom","","","","","Verdance","unauthored — art direction not yet written for this biome; generator should flag, not invent silently","","","","","in-run gameplay within this biome","{""kind"":""weather effect"",""biomeId"":""living-ecospheres"",""biomeLore"":""The planet noticed you before you made orbit. The forests are its nerves, the rivers its blood, the wildlife its immune system. You are not exploring it. It is examining you.""}"
"biome-weather:Living Ecospheres:seedWinds","seedWinds","biome-weather","3","additive","","","VFX (single frame or short frame sheet)","","256x256 per frame","","seedWinds","","","","","Verdance","unauthored — art direction not yet written for this biome; generator should flag, not invent silently","","","","","in-run gameplay within this biome","{""kind"":""weather effect"",""biomeId"":""living-ecospheres"",""biomeLore"":""The planet noticed you before you made orbit. The forests are its nerves, the rivers its blood, the wildlife its immune system. You are not exploring it. It is examining you.""}"
"biome-weather:Living Ecospheres:organicLightning","organicLightning","biome-weather","3","additive","","","VFX (single frame or short frame sheet)","","256x256 per frame","","organicLightning","","","","","Verdance","unauthored — art direction not yet written for this biome; generator should flag, not invent silently","","","","","in-run gameplay within this biome","{""kind"":""weather effect"",""biomeId"":""living-ecospheres"",""biomeLore"":""The planet noticed you before you made orbit. The forests are its nerves, the rivers its blood, the wildlife its immune system. You are not exploring it. It is examining you.""}"
"biome-hazard:Living Ecospheres:carnivorousFlora","carnivorousFlora","biome-hazards","3","additive","","","VFX (single frame or short frame sheet)","","256x256 per frame","","carnivorousFlora","","","","","Verdance","unauthored — art direction not yet written for this biome; generator should flag, not invent silently","","","","","in-run gameplay within this biome","{""kind"":""environmental hazard (static art + trigger VFX)"",""biomeId"":""living-ecospheres"",""biomeLore"":""The planet noticed you before you made orbit. The forests are its nerves, the rivers its blood, the wildlife its immune system. You are not exploring it. It is examining you.""}"
"biome-hazard:Living Ecospheres:toxicSpores","toxicSpores","biome-hazards","3","additive","","","VFX (single frame or short frame sheet)","","256x256 per frame","","toxicSpores","","","","","Verdance","unauthored — art direction not yet written for this biome; generator should flag, not invent silently","","","","","in-run gameplay within this biome","{""kind"":""environmental hazard (static art + trigger VFX)"",""biomeId"":""living-ecospheres"",""biomeLore"":""The planet noticed you before you made orbit. The forests are its nerves, the rivers its blood, the wildlife its immune system. You are not exploring it. It is examining you.""}"
"biome-hazard:Living Ecospheres:livingVines","livingVines","biome-hazards","3","additive","","","VFX (single frame or short frame sheet)","","256x256 per frame","","livingVines","","","","","Verdance","unauthored — art direction not yet written for this biome; generator should flag, not invent silently","","","","","in-run gameplay within this biome","{""kind"":""environmental hazard (static art + trigger VFX)"",""biomeId"":""living-ecospheres"",""biomeLore"":""The planet noticed you before you made orbit. The forests are its nerves, the rivers its blood, the wildlife its immune system. You are not exploring it. It is examining you.""}"
"biome-hazard:Living Ecospheres:rootTraps","rootTraps","biome-hazards","3","additive","","","VFX (single frame or short frame sheet)","","256x256 per frame","","rootTraps","","","","","Verdance","unauthored — art direction not yet written for this biome; generator should flag, not invent silently","","","","","in-run gameplay within this biome","{""kind"":""environmental hazard (static art + trigger VFX)"",""biomeId"":""living-ecospheres"",""biomeLore"":""The planet noticed you before you made orbit. The forests are its nerves, the rivers its blood, the wildlife its immune system. You are not exploring it. It is examining you.""}"
"biome-hazard:Living Ecospheres:acidSap","acidSap","biome-hazards","3","additive","","","VFX (single frame or short frame sheet)","","256x256 per frame","","acidSap","","","","","Verdance","unauthored — art direction not yet written for this biome; generator should flag, not invent silently","","","","","in-run gameplay within this biome","{""kind"":""environmental hazard (static art + trigger VFX)"",""biomeId"":""living-ecospheres"",""biomeLore"":""The planet noticed you before you made orbit. The forests are its nerves, the rivers its blood, the wildlife its immune system. You are not exploring it. It is examining you.""}"
"biome-hazard:Living Ecospheres:sporeBursts","sporeBursts","biome-hazards","3","additive","","","VFX (single frame or short frame sheet)","","256x256 per frame","","sporeBursts","","","","","Verdance","unauthored — art direction not yet written for this biome; generator should flag, not invent silently","","","","","in-run gameplay within this biome","{""kind"":""environmental hazard (static art + trigger VFX)"",""biomeId"":""living-ecospheres"",""biomeLore"":""The planet noticed you before you made orbit. The forests are its nerves, the rivers its blood, the wildlife its immune system. You are not exploring it. It is examining you.""}"
"biome-hazard:Living Ecospheres:collapsingGrowth","collapsingGrowth","biome-hazards","3","additive","","","VFX (single frame or short frame sheet)","","256x256 per frame","","collapsingGrowth","","","","","Verdance","unauthored — art direction not yet written for this biome; generator should flag, not invent silently","","","","","in-run gameplay within this biome","{""kind"":""environmental hazard (static art + trigger VFX)"",""biomeId"":""living-ecospheres"",""biomeLore"":""The planet noticed you before you made orbit. The forests are its nerves, the rivers its blood, the wildlife its immune system. You are not exploring it. It is examining you.""}"
"biome-hazard:Living Ecospheres:organicAmbushes","organicAmbushes","biome-hazards","3","additive","","","VFX (single frame or short frame sheet)","","256x256 per frame","","organicAmbushes","","","","","Verdance","unauthored — art direction not yet written for this biome; generator should flag, not invent silently","","","","","in-run gameplay within this biome","{""kind"":""environmental hazard (static art + trigger VFX)"",""biomeId"":""living-ecospheres"",""biomeLore"":""The planet noticed you before you made orbit. The forests are its nerves, the rivers its blood, the wildlife its immune system. You are not exploring it. It is examining you.""}"
"biome-poi:Living Ecospheres:planetaryHeart","planetaryHeart","biome-poi","3","keyed","green","no green anywhere in this sprite's palette (green-keyed; see directive.colourLaw for substitutions)","sprite","","256x256, trimmed","","planetaryHeart","","","","","Verdance","unauthored — art direction not yet written for this biome; generator should flag, not invent silently","","","","","in-run gameplay within this biome","{""kind"":""discovery/landmark"",""biomeId"":""living-ecospheres"",""biomeLore"":""The planet noticed you before you made orbit. The forests are its nerves, the rivers its blood, the wildlife its immune system. You are not exploring it. It is examining you.""}"
"biome-poi:Living Ecospheres:evolutionPools","evolutionPools","biome-poi","3","keyed","green","no green anywhere in this sprite's palette (green-keyed; see directive.colourLaw for substitutions)","sprite","","256x256, trimmed","","evolutionPools","","","","","Verdance","unauthored — art direction not yet written for this biome; generator should flag, not invent silently","","","","","in-run gameplay within this biome","{""kind"":""discovery/landmark"",""biomeId"":""living-ecospheres"",""biomeLore"":""The planet noticed you before you made orbit. The forests are its nerves, the rivers its blood, the wildlife its immune system. You are not exploring it. It is examining you.""}"
"biome-poi:Living Ecospheres:ancientBioLabs","ancientBioLabs","biome-poi","3","keyed","green","no green anywhere in this sprite's palette (green-keyed; see directive.colourLaw for substitutions)","sprite","","256x256, trimmed","","ancientBioLabs","","","","","Verdance","unauthored — art direction not yet written for this biome; generator should flag, not invent silently","","","","","in-run gameplay within this biome","{""kind"":""discovery/landmark"",""biomeId"":""living-ecospheres"",""biomeLore"":""The planet noticed you before you made orbit. The forests are its nerves, the rivers its blood, the wildlife its immune system. You are not exploring it. It is examining you.""}"
"biome-poi:Living Ecospheres:livingTemples","livingTemples","biome-poi","3","keyed","green","no green anywhere in this sprite's palette (green-keyed; see directive.colourLaw for substitutions)","sprite","","256x256, trimmed","","livingTemples","","","","","Verdance","unauthored — art direction not yet written for this biome; generator should flag, not invent silently","","","","","in-run gameplay within this biome","{""kind"":""discovery/landmark"",""biomeId"":""living-ecospheres"",""biomeLore"":""The planet noticed you before you made orbit. The forests are its nerves, the rivers its blood, the wildlife its immune system. You are not exploring it. It is examining you.""}"
"biome-poi:Living Ecospheres:seedVaults","seedVaults","biome-poi","3","keyed","green","no green anywhere in this sprite's palette (green-keyed; see directive.colourLaw for substitutions)","sprite","","256x256, trimmed","","seedVaults","","","","","Verdance","unauthored — art direction not yet written for this biome; generator should flag, not invent silently","","","","","in-run gameplay within this biome","{""kind"":""discovery/landmark"",""biomeId"":""living-ecospheres"",""biomeLore"":""The planet noticed you before you made orbit. The forests are its nerves, the rivers its blood, the wildlife its immune system. You are not exploring it. It is examining you.""}"
"biome-poi:Living Ecospheres:symbiosisChambers","symbiosisChambers","biome-poi","3","keyed","green","no green anywhere in this sprite's palette (green-keyed; see directive.colourLaw for substitutions)","sprite","","256x256, trimmed","","symbiosisChambers","","","","","Verdance","unauthored — art direction not yet written for this biome; generator should flag, not invent silently","","","","","in-run gameplay within this biome","{""kind"":""discovery/landmark"",""biomeId"":""living-ecospheres"",""biomeLore"":""The planet noticed you before you made orbit. The forests are its nerves, the rivers its blood, the wildlife its immune system. You are not exploring it. It is examining you.""}"
"biome-poi:Living Ecospheres:organicArchives","organicArchives","biome-poi","3","keyed","green","no green anywhere in this sprite's palette (green-keyed; see directive.colourLaw for substitutions)","sprite","","256x256, trimmed","","organicArchives","","","","","Verdance","unauthored — art direction not yet written for this biome; generator should flag, not invent silently","","","","","in-run gameplay within this biome","{""kind"":""discovery/landmark"",""biomeId"":""living-ecospheres"",""biomeLore"":""The planet noticed you before you made orbit. The forests are its nerves, the rivers its blood, the wildlife its immune system. You are not exploring it. It is examining you.""}"
"biome-poi:Living Ecospheres:giganticRootSystems","giganticRootSystems","biome-poi","3","keyed","green","no green anywhere in this sprite's palette (green-keyed; see directive.colourLaw for substitutions)","sprite","","256x256, trimmed","","giganticRootSystems","","","","","Verdance","unauthored — art direction not yet written for this biome; generator should flag, not invent silently","","","","","in-run gameplay within this biome","{""kind"":""discovery/landmark"",""biomeId"":""living-ecospheres"",""biomeLore"":""The planet noticed you before you made orbit. The forests are its nerves, the rivers its blood, the wildlife its immune system. You are not exploring it. It is examining you.""}"
"biome-weather:Machine Expanse:electricalStorms","electricalStorms","biome-weather","3","additive","","","VFX (single frame or short frame sheet)","","256x256 per frame","","electricalStorms","","","","","Forge Primus","unauthored — art direction not yet written for this biome; generator should flag, not invent silently","","","","","in-run gameplay within this biome","{""kind"":""weather effect"",""biomeId"":""machine-expanse"",""biomeLore"":""The factory noticed you eleven minutes ago. It has not stopped working. It has never stopped working. You are simply not yet a scheduled task.""}"
"biome-weather:Machine Expanse:plasmaRain","plasmaRain","biome-weather","3","additive","","","VFX (single frame or short frame sheet)","","256x256 per frame","","plasmaRain","","","","","Forge Primus","unauthored — art direction not yet written for this biome; generator should flag, not invent silently","","","","","in-run gameplay within this biome","{""kind"":""weather effect"",""biomeId"":""machine-expanse"",""biomeLore"":""The factory noticed you eleven minutes ago. It has not stopped working. It has never stopped working. You are simply not yet a scheduled task.""}"
"biome-weather:Machine Expanse:steamClouds","steamClouds","biome-weather","3","additive","","","VFX (single frame or short frame sheet)","","256x256 per frame","","steamClouds","","","","","Forge Primus","unauthored — art direction not yet written for this biome; generator should flag, not invent silently","","","","","in-run gameplay within this biome","{""kind"":""weather effect"",""biomeId"":""machine-expanse"",""biomeLore"":""The factory noticed you eleven minutes ago. It has not stopped working. It has never stopped working. You are simply not yet a scheduled task.""}"
"biome-weather:Machine Expanse:empWaves","empWaves","biome-weather","3","additive","","","VFX (single frame or short frame sheet)","","256x256 per frame","","empWaves","","","","","Forge Primus","unauthored — art direction not yet written for this biome; generator should flag, not invent silently","","","","","in-run gameplay within this biome","{""kind"":""weather effect"",""biomeId"":""machine-expanse"",""biomeLore"":""The factory noticed you eleven minutes ago. It has not stopped working. It has never stopped working. You are simply not yet a scheduled task.""}"
"biome-weather:Machine Expanse:magneticWinds","magneticWinds","biome-weather","3","additive","","","VFX (single frame or short frame sheet)","","256x256 per frame","","magneticWinds","","","","","Forge Primus","unauthored — art direction not yet written for this biome; generator should flag, not invent silently","","","","","in-run gameplay within this biome","{""kind"":""weather effect"",""biomeId"":""machine-expanse"",""biomeLore"":""The factory noticed you eleven minutes ago. It has not stopped working. It has never stopped working. You are simply not yet a scheduled task.""}"
"biome-weather:Machine Expanse:coolingVents","coolingVents","biome-weather","3","additive","","","VFX (single frame or short frame sheet)","","256x256 per frame","","coolingVents","","","","","Forge Primus","unauthored — art direction not yet written for this biome; generator should flag, not invent silently","","","","","in-run gameplay within this biome","{""kind"":""weather effect"",""biomeId"":""machine-expanse"",""biomeLore"":""The factory noticed you eleven minutes ago. It has not stopped working. It has never stopped working. You are simply not yet a scheduled task.""}"
"biome-weather:Machine Expanse:ionDischarge","ionDischarge","biome-weather","3","additive","","","VFX (single frame or short frame sheet)","","256x256 per frame","","ionDischarge","","","","","Forge Primus","unauthored — art direction not yet written for this biome; generator should flag, not invent silently","","","","","in-run gameplay within this biome","{""kind"":""weather effect"",""biomeId"":""machine-expanse"",""biomeLore"":""The factory noticed you eleven minutes ago. It has not stopped working. It has never stopped working. You are simply not yet a scheduled task.""}"
"biome-hazard:Machine Expanse:movingMachinery","movingMachinery","biome-hazards","3","additive","","","VFX (single frame or short frame sheet)","","256x256 per frame","","movingMachinery","","","","","Forge Primus","unauthored — art direction not yet written for this biome; generator should flag, not invent silently","","","","","in-run gameplay within this biome","{""kind"":""environmental hazard (static art + trigger VFX)"",""biomeId"":""machine-expanse"",""biomeLore"":""The factory noticed you eleven minutes ago. It has not stopped working. It has never stopped working. You are simply not yet a scheduled task.""}"
"biome-hazard:Machine Expanse:laserGrids","laserGrids","biome-hazards","3","additive","","","VFX (single frame or short frame sheet)","","256x256 per frame","","laserGrids","","","","","Forge Primus","unauthored — art direction not yet written for this biome; generator should flag, not invent silently","","","","","in-run gameplay within this biome","{""kind"":""environmental hazard (static art + trigger VFX)"",""biomeId"":""machine-expanse"",""biomeLore"":""The factory noticed you eleven minutes ago. It has not stopped working. It has never stopped working. You are simply not yet a scheduled task.""}"
"biome-hazard:Machine Expanse:crushingPresses","crushingPresses","biome-hazards","3","additive","","","VFX (single frame or short frame sheet)","","256x256 per frame","","crushingPresses","","","","","Forge Primus","unauthored — art direction not yet written for this biome; generator should flag, not invent silently","","","","","in-run gameplay within this biome","{""kind"":""environmental hazard (static art + trigger VFX)"",""biomeId"":""machine-expanse"",""biomeLore"":""The factory noticed you eleven minutes ago. It has not stopped working. It has never stopped working. You are simply not yet a scheduled task.""}"
"biome-hazard:Machine Expanse:moltenMetal","moltenMetal","biome-hazards","3","additive","","","VFX (single frame or short frame sheet)","","256x256 per frame","","moltenMetal","","","","","Forge Primus","unauthored — art direction not yet written for this biome; generator should flag, not invent silently","","","","","in-run gameplay within this biome","{""kind"":""environmental hazard (static art + trigger VFX)"",""biomeId"":""machine-expanse"",""biomeLore"":""The factory noticed you eleven minutes ago. It has not stopped working. It has never stopped working. You are simply not yet a scheduled task.""}"
"biome-hazard:Machine Expanse:electrifiedFloors","electrifiedFloors","biome-hazards","3","additive","","","VFX (single frame or short frame sheet)","","256x256 per frame","","electrifiedFloors","","","","","Forge Primus","unauthored — art direction not yet written for this biome; generator should flag, not invent silently","","","","","in-run gameplay within this biome","{""kind"":""environmental hazard (static art + trigger VFX)"",""biomeId"":""machine-expanse"",""biomeLore"":""The factory noticed you eleven minutes ago. It has not stopped working. It has never stopped working. You are simply not yet a scheduled task.""}"
"biome-hazard:Machine Expanse:assemblyArms","assemblyArms","biome-hazards","3","additive","","","VFX (single frame or short frame sheet)","","256x256 per frame","","assemblyArms","","","","","Forge Primus","unauthored — art direction not yet written for this biome; generator should flag, not invent silently","","","","","in-run gameplay within this biome","{""kind"":""environmental hazard (static art + trigger VFX)"",""biomeId"":""machine-expanse"",""biomeLore"":""The factory noticed you eleven minutes ago. It has not stopped working. It has never stopped working. You are simply not yet a scheduled task.""}"
"biome-hazard:Machine Expanse:powerSurges","powerSurges","biome-hazards","3","additive","","","VFX (single frame or short frame sheet)","","256x256 per frame","","powerSurges","","","","","Forge Primus","unauthored — art direction not yet written for this biome; generator should flag, not invent silently","","","","","in-run gameplay within this biome","{""kind"":""environmental hazard (static art + trigger VFX)"",""biomeId"":""machine-expanse"",""biomeLore"":""The factory noticed you eleven minutes ago. It has not stopped working. It has never stopped working. You are simply not yet a scheduled task.""}"
"biome-hazard:Machine Expanse:securityTurrets","securityTurrets","biome-hazards","3","additive","","","VFX (single frame or short frame sheet)","","256x256 per frame","","securityTurrets","","","","","Forge Primus","unauthored — art direction not yet written for this biome; generator should flag, not invent silently","","","","","in-run gameplay within this biome","{""kind"":""environmental hazard (static art + trigger VFX)"",""biomeId"":""machine-expanse"",""biomeLore"":""The factory noticed you eleven minutes ago. It has not stopped working. It has never stopped working. You are simply not yet a scheduled task.""}"
"biome-poi:Machine Expanse:prototypeLaboratories","prototypeLaboratories","biome-poi","3","keyed","green","no green anywhere in this sprite's palette (green-keyed; see directive.colourLaw for substitutions)","sprite","","256x256, trimmed","","prototypeLaboratories","","","","","Forge Primus","unauthored — art direction not yet written for this biome; generator should flag, not invent silently","","","","","in-run gameplay within this biome","{""kind"":""discovery/landmark"",""biomeId"":""machine-expanse"",""biomeLore"":""The factory noticed you eleven minutes ago. It has not stopped working. It has never stopped working. You are simply not yet a scheduled task.""}"
"biome-poi:Machine Expanse:aiArchives","aiArchives","biome-poi","3","keyed","green","no green anywhere in this sprite's palette (green-keyed; see directive.colourLaw for substitutions)","sprite","","256x256, trimmed","","aiArchives","","","","","Forge Primus","unauthored — art direction not yet written for this biome; generator should flag, not invent silently","","","","","in-run gameplay within this biome","{""kind"":""discovery/landmark"",""biomeId"":""machine-expanse"",""biomeLore"":""The factory noticed you eleven minutes ago. It has not stopped working. It has never stopped working. You are simply not yet a scheduled task.""}"
"biome-poi:Machine Expanse:machineTemples","machineTemples","biome-poi","3","keyed","green","no green anywhere in this sprite's palette (green-keyed; see directive.colourLaw for substitutions)","sprite","","256x256, trimmed","","machineTemples","","","","","Forge Primus","unauthored — art direction not yet written for this biome; generator should flag, not invent silently","","","","","in-run gameplay within this biome","{""kind"":""discovery/landmark"",""biomeId"":""machine-expanse"",""biomeLore"":""The factory noticed you eleven minutes ago. It has not stopped working. It has never stopped working. You are simply not yet a scheduled task.""}"
"biome-poi:Machine Expanse:manufacturingVaults","manufacturingVaults","biome-poi","3","keyed","green","no green anywhere in this sprite's palette (green-keyed; see directive.colourLaw for substitutions)","sprite","","256x256, trimmed","","manufacturingVaults","","","","","Forge Primus","unauthored — art direction not yet written for this biome; generator should flag, not invent silently","","","","","in-run gameplay within this biome","{""kind"":""discovery/landmark"",""biomeId"":""machine-expanse"",""biomeLore"":""The factory noticed you eleven minutes ago. It has not stopped working. It has never stopped working. You are simply not yet a scheduled task.""}"
"biome-poi:Machine Expanse:orbitalShipyards","orbitalShipyards","biome-poi","3","keyed","green","no green anywhere in this sprite's palette (green-keyed; see directive.colourLaw for substitutions)","sprite","","256x256, trimmed","","orbitalShipyards","","","","","Forge Primus","unauthored — art direction not yet written for this biome; generator should flag, not invent silently","","","","","in-run gameplay within this biome","{""kind"":""discovery/landmark"",""biomeId"":""machine-expanse"",""biomeLore"":""The factory noticed you eleven minutes ago. It has not stopped working. It has never stopped working. You are simply not yet a scheduled task.""}"
"biome-poi:Machine Expanse:controlSpires","controlSpires","biome-poi","3","keyed","green","no green anywhere in this sprite's palette (green-keyed; see directive.colourLaw for substitutions)","sprite","","256x256, trimmed","","controlSpires","","","","","Forge Primus","unauthored — art direction not yet written for this biome; generator should flag, not invent silently","","","","","in-run gameplay within this biome","{""kind"":""discovery/landmark"",""biomeId"":""machine-expanse"",""biomeLore"":""The factory noticed you eleven minutes ago. It has not stopped working. It has never stopped working. You are simply not yet a scheduled task.""}"
"biome-poi:Machine Expanse:energyWells","energyWells","biome-poi","3","keyed","green","no green anywhere in this sprite's palette (green-keyed; see directive.colourLaw for substitutions)","sprite","","256x256, trimmed","","energyWells","","","","","Forge Primus","unauthored — art direction not yet written for this biome; generator should flag, not invent silently","","","","","in-run gameplay within this biome","{""kind"":""discovery/landmark"",""biomeId"":""machine-expanse"",""biomeLore"":""The factory noticed you eleven minutes ago. It has not stopped working. It has never stopped working. You are simply not yet a scheduled task.""}"
"biome-poi:Machine Expanse:lostResearchFacilities","lostResearchFacilities","biome-poi","3","keyed","green","no green anywhere in this sprite's palette (green-keyed; see directive.colourLaw for substitutions)","sprite","","256x256, trimmed","","lostResearchFacilities","","","","","Forge Primus","unauthored — art direction not yet written for this biome; generator should flag, not invent silently","","","","","in-run gameplay within this biome","{""kind"":""discovery/landmark"",""biomeId"":""machine-expanse"",""biomeLore"":""The factory noticed you eleven minutes ago. It has not stopped working. It has never stopped working. You are simply not yet a scheduled task.""}"
"biome-weather:Singularity Zone:gravityStorms","gravityStorms","biome-weather","3","additive","","","VFX (single frame or short frame sheet)","","256x256 per frame","","gravityStorms","","","","","Axiom","unauthored — art direction not yet written for this biome; generator should flag, not invent silently","","","","","in-run gameplay within this biome","{""kind"":""weather effect"",""biomeId"":""singularity-zone"",""biomeLore"":""Past the precursors' last light, physics stops being a description and becomes a negotiation. The Zone is not breaking the laws of reality. It is drafting new ones, continuously, and you are standing inside the draft.""}"
"biome-weather:Singularity Zone:quantumRain","quantumRain","biome-weather","3","additive","","","VFX (single frame or short frame sheet)","","256x256 per frame","","quantumRain","","","","","Axiom","unauthored — art direction not yet written for this biome; generator should flag, not invent silently","","","","","in-run gameplay within this biome","{""kind"":""weather effect"",""biomeId"":""singularity-zone"",""biomeLore"":""Past the precursors' last light, physics stops being a description and becomes a negotiation. The Zone is not breaking the laws of reality. It is drafting new ones, continuously, and you are standing inside the draft.""}"
"biome-weather:Singularity Zone:realityCascades","realityCascades","biome-weather","3","additive","","","VFX (single frame or short frame sheet)","","256x256 per frame","","realityCascades","","","","","Axiom","unauthored — art direction not yet written for this biome; generator should flag, not invent silently","","","","","in-run gameplay within this biome","{""kind"":""weather effect"",""biomeId"":""singularity-zone"",""biomeLore"":""Past the precursors' last light, physics stops being a description and becomes a negotiation. The Zone is not breaking the laws of reality. It is drafting new ones, continuously, and you are standing inside the draft.""}"
"biome-weather:Singularity Zone:timeEchoes","timeEchoes","biome-weather","3","additive","","","VFX (single frame or short frame sheet)","","256x256 per frame","","timeEchoes","","","","","Axiom","unauthored — art direction not yet written for this biome; generator should flag, not invent silently","","","","","in-run gameplay within this biome","{""kind"":""weather effect"",""biomeId"":""singularity-zone"",""biomeLore"":""Past the precursors' last light, physics stops being a description and becomes a negotiation. The Zone is not breaking the laws of reality. It is drafting new ones, continuously, and you are standing inside the draft.""}"
"biome-weather:Singularity Zone:lightInversions","lightInversions","biome-weather","3","additive","","","VFX (single frame or short frame sheet)","","256x256 per frame","","lightInversions","","","","","Axiom","unauthored — art direction not yet written for this biome; generator should flag, not invent silently","","","","","in-run gameplay within this biome","{""kind"":""weather effect"",""biomeId"":""singularity-zone"",""biomeLore"":""Past the precursors' last light, physics stops being a description and becomes a negotiation. The Zone is not breaking the laws of reality. It is drafting new ones, continuously, and you are standing inside the draft.""}"
"biome-weather:Singularity Zone:particleCollapse","particleCollapse","biome-weather","3","additive","","","VFX (single frame or short frame sheet)","","256x256 per frame","","particleCollapse","","","","","Axiom","unauthored — art direction not yet written for this biome; generator should flag, not invent silently","","","","","in-run gameplay within this biome","{""kind"":""weather effect"",""biomeId"":""singularity-zone"",""biomeLore"":""Past the precursors' last light, physics stops being a description and becomes a negotiation. The Zone is not breaking the laws of reality. It is drafting new ones, continuously, and you are standing inside the draft.""}"
"biome-weather:Singularity Zone:probabilityWaves","probabilityWaves","biome-weather","3","additive","","","VFX (single frame or short frame sheet)","","256x256 per frame","","probabilityWaves","","","","","Axiom","unauthored — art direction not yet written for this biome; generator should flag, not invent silently","","","","","in-run gameplay within this biome","{""kind"":""weather effect"",""biomeId"":""singularity-zone"",""biomeLore"":""Past the precursors' last light, physics stops being a description and becomes a negotiation. The Zone is not breaking the laws of reality. It is drafting new ones, continuously, and you are standing inside the draft.""}"
"biome-hazard:Singularity Zone:microSingularities","microSingularities","biome-hazards","3","additive","","","VFX (single frame or short frame sheet)","","256x256 per frame","","microSingularities","","","","","Axiom","unauthored — art direction not yet written for this biome; generator should flag, not invent silently","","","","","in-run gameplay within this biome","{""kind"":""environmental hazard (static art + trigger VFX)"",""biomeId"":""singularity-zone"",""biomeLore"":""Past the precursors' last light, physics stops being a description and becomes a negotiation. The Zone is not breaking the laws of reality. It is drafting new ones, continuously, and you are standing inside the draft.""}"
"biome-hazard:Singularity Zone:gravityCollapse","gravityCollapse","biome-hazards","3","additive","","","VFX (single frame or short frame sheet)","","256x256 per frame","","gravityCollapse","","","","","Axiom","unauthored — art direction not yet written for this biome; generator should flag, not invent silently","","","","","in-run gameplay within this biome","{""kind"":""environmental hazard (static art + trigger VFX)"",""biomeId"":""singularity-zone"",""biomeLore"":""Past the precursors' last light, physics stops being a description and becomes a negotiation. The Zone is not breaking the laws of reality. It is drafting new ones, continuously, and you are standing inside the draft.""}"
"biome-hazard:Singularity Zone:timeDilationFields","timeDilationFields","biome-hazards","3","additive","","","VFX (single frame or short frame sheet)","","256x256 per frame","","timeDilationFields","","","","","Axiom","unauthored — art direction not yet written for this biome; generator should flag, not invent silently","","","","","in-run gameplay within this biome","{""kind"":""environmental hazard (static art + trigger VFX)"",""biomeId"":""singularity-zone"",""biomeLore"":""Past the precursors' last light, physics stops being a description and becomes a negotiation. The Zone is not breaking the laws of reality. It is drafting new ones, continuously, and you are standing inside the draft.""}"
"biome-hazard:Singularity Zone:probabilityZones","probabilityZones","biome-hazards","3","additive","","","VFX (single frame or short frame sheet)","","256x256 per frame","","probabilityZones","","","","","Axiom","unauthored — art direction not yet written for this biome; generator should flag, not invent silently","","","","","in-run gameplay within this biome","{""kind"":""environmental hazard (static art + trigger VFX)"",""biomeId"":""singularity-zone"",""biomeLore"":""Past the precursors' last light, physics stops being a description and becomes a negotiation. The Zone is not breaking the laws of reality. It is drafting new ones, continuously, and you are standing inside the draft.""}"
"biome-hazard:Singularity Zone:realityFractures","realityFractures","biome-hazards","3","additive","","","VFX (single frame or short frame sheet)","","256x256 per frame","","realityFractures","","","","","Axiom","unauthored — art direction not yet written for this biome; generator should flag, not invent silently","","","","","in-run gameplay within this biome","{""kind"":""environmental hazard (static art + trigger VFX)"",""biomeId"":""singularity-zone"",""biomeLore"":""Past the precursors' last light, physics stops being a description and becomes a negotiation. The Zone is not breaking the laws of reality. It is drafting new ones, continuously, and you are standing inside the draft.""}"
"biome-hazard:Singularity Zone:quantumLightning","quantumLightning","biome-hazards","3","additive","","","VFX (single frame or short frame sheet)","","256x256 per frame","","quantumLightning","","","","","Axiom","unauthored — art direction not yet written for this biome; generator should flag, not invent silently","","","","","in-run gameplay within this biome","{""kind"":""environmental hazard (static art + trigger VFX)"",""biomeId"":""singularity-zone"",""biomeLore"":""Past the precursors' last light, physics stops being a description and becomes a negotiation. The Zone is not breaking the laws of reality. It is drafting new ones, continuously, and you are standing inside the draft.""}"
"biome-hazard:Singularity Zone:phaseInstability","phaseInstability","biome-hazards","3","additive","","","VFX (single frame or short frame sheet)","","256x256 per frame","","phaseInstability","","","","","Axiom","unauthored — art direction not yet written for this biome; generator should flag, not invent silently","","","","","in-run gameplay within this biome","{""kind"":""environmental hazard (static art + trigger VFX)"",""biomeId"":""singularity-zone"",""biomeLore"":""Past the precursors' last light, physics stops being a description and becomes a negotiation. The Zone is not breaking the laws of reality. It is drafting new ones, continuously, and you are standing inside the draft.""}"
"biome-hazard:Singularity Zone:eventHorizonSurges","eventHorizonSurges","biome-hazards","3","additive","","","VFX (single frame or short frame sheet)","","256x256 per frame","","eventHorizonSurges","","","","","Axiom","unauthored — art direction not yet written for this biome; generator should flag, not invent silently","","","","","in-run gameplay within this biome","{""kind"":""environmental hazard (static art + trigger VFX)"",""biomeId"":""singularity-zone"",""biomeLore"":""Past the precursors' last light, physics stops being a description and becomes a negotiation. The Zone is not breaking the laws of reality. It is drafting new ones, continuously, and you are standing inside the draft.""}"
"biome-poi:Singularity Zone:realityWells","realityWells","biome-poi","3","keyed","green","no green anywhere in this sprite's palette (green-keyed; see directive.colourLaw for substitutions)","sprite","","256x256, trimmed","","realityWells","","","","","Axiom","unauthored — art direction not yet written for this biome; generator should flag, not invent silently","","","","","in-run gameplay within this biome","{""kind"":""discovery/landmark"",""biomeId"":""singularity-zone"",""biomeLore"":""Past the precursors' last light, physics stops being a description and becomes a negotiation. The Zone is not breaking the laws of reality. It is drafting new ones, continuously, and you are standing inside the draft.""}"
"biome-poi:Singularity Zone:infiniteLibraries","infiniteLibraries","biome-poi","3","keyed","green","no green anywhere in this sprite's palette (green-keyed; see directive.colourLaw for substitutions)","sprite","","256x256, trimmed","","infiniteLibraries","","","","","Axiom","unauthored — art direction not yet written for this biome; generator should flag, not invent silently","","","","","in-run gameplay within this biome","{""kind"":""discovery/landmark"",""biomeId"":""singularity-zone"",""biomeLore"":""Past the precursors' last light, physics stops being a description and becomes a negotiation. The Zone is not breaking the laws of reality. It is drafting new ones, continuously, and you are standing inside the draft.""}"
"biome-poi:Singularity Zone:collapsedObservatories","collapsedObservatories","biome-poi","3","keyed","green","no green anywhere in this sprite's palette (green-keyed; see directive.colourLaw for substitutions)","sprite","","256x256, trimmed","","collapsedObservatories","","","","","Axiom","unauthored — art direction not yet written for this biome; generator should flag, not invent silently","","","","","in-run gameplay within this biome","{""kind"":""discovery/landmark"",""biomeId"":""singularity-zone"",""biomeLore"":""Past the precursors' last light, physics stops being a description and becomes a negotiation. The Zone is not breaking the laws of reality. It is drafting new ones, continuously, and you are standing inside the draft.""}"
"biome-poi:Singularity Zone:quantumArchives","quantumArchives","biome-poi","3","keyed","green","no green anywhere in this sprite's palette (green-keyed; see directive.colourLaw for substitutions)","sprite","","256x256, trimmed","","quantumArchives","","","","","Axiom","unauthored — art direction not yet written for this biome; generator should flag, not invent silently","","","","","in-run gameplay within this biome","{""kind"":""discovery/landmark"",""biomeId"":""singularity-zone"",""biomeLore"":""Past the precursors' last light, physics stops being a description and becomes a negotiation. The Zone is not breaking the laws of reality. It is drafting new ones, continuously, and you are standing inside the draft.""}"
"biome-poi:Singularity Zone:singularityTemples","singularityTemples","biome-poi","3","keyed","green","no green anywhere in this sprite's palette (green-keyed; see directive.colourLaw for substitutions)","sprite","","256x256, trimmed","","singularityTemples","","","","","Axiom","unauthored — art direction not yet written for this biome; generator should flag, not invent silently","","","","","in-run gameplay within this biome","{""kind"":""discovery/landmark"",""biomeId"":""singularity-zone"",""biomeLore"":""Past the precursors' last light, physics stops being a description and becomes a negotiation. The Zone is not breaking the laws of reality. It is drafting new ones, continuously, and you are standing inside the draft.""}"
"biome-poi:Singularity Zone:mathematicalEngines","mathematicalEngines","biome-poi","3","keyed","green","no green anywhere in this sprite's palette (green-keyed; see directive.colourLaw for substitutions)","sprite","","256x256, trimmed","","mathematicalEngines","","","","","Axiom","unauthored — art direction not yet written for this biome; generator should flag, not invent silently","","","","","in-run gameplay within this biome","{""kind"":""discovery/landmark"",""biomeId"":""singularity-zone"",""biomeLore"":""Past the precursors' last light, physics stops being a description and becomes a negotiation. The Zone is not breaking the laws of reality. It is drafting new ones, continuously, and you are standing inside the draft.""}"
"biome-poi:Singularity Zone:timeVaults","timeVaults","biome-poi","3","keyed","green","no green anywhere in this sprite's palette (green-keyed; see directive.colourLaw for substitutions)","sprite","","256x256, trimmed","","timeVaults","","","","","Axiom","unauthored — art direction not yet written for this biome; generator should flag, not invent silently","","","","","in-run gameplay within this biome","{""kind"":""discovery/landmark"",""biomeId"":""singularity-zone"",""biomeLore"":""Past the precursors' last light, physics stops being a description and becomes a negotiation. The Zone is not breaking the laws of reality. It is drafting new ones, continuously, and you are standing inside the draft.""}"
"biome-poi:Singularity Zone:impossibleMonuments","impossibleMonuments","biome-poi","3","keyed","green","no green anywhere in this sprite's palette (green-keyed; see directive.colourLaw for substitutions)","sprite","","256x256, trimmed","","impossibleMonuments","","","","","Axiom","unauthored — art direction not yet written for this biome; generator should flag, not invent silently","","","","","in-run gameplay within this biome","{""kind"":""discovery/landmark"",""biomeId"":""singularity-zone"",""biomeLore"":""Past the precursors' last light, physics stops being a description and becomes a negotiation. The Zone is not breaking the laws of reality. It is drafting new ones, continuously, and you are standing inside the draft.""}"
"biome-weather:Solar Wastes:solarFlares","solarFlares","biome-weather","3","additive","","","VFX (single frame or short frame sheet)","","256x256 per frame","","solarFlares","","","","","Cinderfall","unauthored — art direction not yet written for this biome; generator should flag, not invent silently","","","","","in-run gameplay within this biome","{""kind"":""weather effect"",""biomeId"":""solar-wastes"",""biomeLore"":""The star has perhaps ten thousand years left, which is nothing. Everyone who could leave, left. Everyone still here is fighting over what the leavers couldn't carry.""}"
"biome-weather:Solar Wastes:coronalMassEjections","coronalMassEjections","biome-weather","3","additive","","","VFX (single frame or short frame sheet)","","256x256 per frame","","coronalMassEjections","","","","","Cinderfall","unauthored — art direction not yet written for this biome; generator should flag, not invent silently","","","","","in-run gameplay within this biome","{""kind"":""weather effect"",""biomeId"":""solar-wastes"",""biomeLore"":""The star has perhaps ten thousand years left, which is nothing. Everyone who could leave, left. Everyone still here is fighting over what the leavers couldn't carry.""}"
"biome-weather:Solar Wastes:plasmaRain","plasmaRain","biome-weather","3","additive","","","VFX (single frame or short frame sheet)","","256x256 per frame","","plasmaRain","","","","","Cinderfall","unauthored — art direction not yet written for this biome; generator should flag, not invent silently","","","","","in-run gameplay within this biome","{""kind"":""weather effect"",""biomeId"":""solar-wastes"",""biomeLore"":""The star has perhaps ten thousand years left, which is nothing. Everyone who could leave, left. Everyone still here is fighting over what the leavers couldn't carry.""}"
"biome-weather:Solar Wastes:radiationStorms","radiationStorms","biome-weather","3","additive","","","VFX (single frame or short frame sheet)","","256x256 per frame","","radiationStorms","","","","","Cinderfall","unauthored — art direction not yet written for this biome; generator should flag, not invent silently","","","","","in-run gameplay within this biome","{""kind"":""weather effect"",""biomeId"":""solar-wastes"",""biomeLore"":""The star has perhaps ten thousand years left, which is nothing. Everyone who could leave, left. Everyone still here is fighting over what the leavers couldn't carry.""}"
"biome-weather:Solar Wastes:heatWaves","heatWaves","biome-weather","3","additive","","","VFX (single frame or short frame sheet)","","256x256 per frame","","heatWaves","","","","","Cinderfall","unauthored — art direction not yet written for this biome; generator should flag, not invent silently","","","","","in-run gameplay within this biome","{""kind"":""weather effect"",""biomeId"":""solar-wastes"",""biomeLore"":""The star has perhaps ten thousand years left, which is nothing. Everyone who could leave, left. Everyone still here is fighting over what the leavers couldn't carry.""}"
"biome-weather:Solar Wastes:magneticStorms","magneticStorms","biome-weather","3","additive","","","VFX (single frame or short frame sheet)","","256x256 per frame","","magneticStorms","","","","","Cinderfall","unauthored — art direction not yet written for this biome; generator should flag, not invent silently","","","","","in-run gameplay within this biome","{""kind"":""weather effect"",""biomeId"":""solar-wastes"",""biomeLore"":""The star has perhaps ten thousand years left, which is nothing. Everyone who could leave, left. Everyone still here is fighting over what the leavers couldn't carry.""}"
"biome-weather:Solar Wastes:fireTornadoes","fireTornadoes","biome-weather","3","additive","","","VFX (single frame or short frame sheet)","","256x256 per frame","","fireTornadoes","","","","","Cinderfall","unauthored — art direction not yet written for this biome; generator should flag, not invent silently","","","","","in-run gameplay within this biome","{""kind"":""weather effect"",""biomeId"":""solar-wastes"",""biomeLore"":""The star has perhaps ten thousand years left, which is nothing. Everyone who could leave, left. Everyone still here is fighting over what the leavers couldn't carry.""}"
"biome-hazard:Solar Wastes:radiationFields","radiationFields","biome-hazards","3","additive","","","VFX (single frame or short frame sheet)","","256x256 per frame","","radiationFields","","","","","Cinderfall","unauthored — art direction not yet written for this biome; generator should flag, not invent silently","","","","","in-run gameplay within this biome","{""kind"":""environmental hazard (static art + trigger VFX)"",""biomeId"":""solar-wastes"",""biomeLore"":""The star has perhaps ten thousand years left, which is nothing. Everyone who could leave, left. Everyone still here is fighting over what the leavers couldn't carry.""}"
"biome-hazard:Solar Wastes:solarBeams","solarBeams","biome-hazards","3","additive","","","VFX (single frame or short frame sheet)","","256x256 per frame","","solarBeams","","","","","Cinderfall","unauthored — art direction not yet written for this biome; generator should flag, not invent silently","","","","","in-run gameplay within this biome","{""kind"":""environmental hazard (static art + trigger VFX)"",""biomeId"":""solar-wastes"",""biomeLore"":""The star has perhaps ten thousand years left, which is nothing. Everyone who could leave, left. Everyone still here is fighting over what the leavers couldn't carry.""}"
"biome-hazard:Solar Wastes:plasmaGeysers","plasmaGeysers","biome-hazards","3","additive","","","VFX (single frame or short frame sheet)","","256x256 per frame","","plasmaGeysers","","","","","Cinderfall","unauthored — art direction not yet written for this biome; generator should flag, not invent silently","","","","","in-run gameplay within this biome","{""kind"":""environmental hazard (static art + trigger VFX)"",""biomeId"":""solar-wastes"",""biomeLore"":""The star has perhaps ten thousand years left, which is nothing. Everyone who could leave, left. Everyone still here is fighting over what the leavers couldn't carry.""}"
"biome-hazard:Solar Wastes:moltenDebris","moltenDebris","biome-hazards","3","additive","","","VFX (single frame or short frame sheet)","","256x256 per frame","","moltenDebris","","","","","Cinderfall","unauthored — art direction not yet written for this biome; generator should flag, not invent silently","","","","","in-run gameplay within this biome","{""kind"":""environmental hazard (static art + trigger VFX)"",""biomeId"":""solar-wastes"",""biomeLore"":""The star has perhaps ten thousand years left, which is nothing. Everyone who could leave, left. Everyone still here is fighting over what the leavers couldn't carry.""}"
"biome-hazard:Solar Wastes:heatZones","heatZones","biome-hazards","3","additive","","","VFX (single frame or short frame sheet)","","256x256 per frame","","heatZones","","","","","Cinderfall","unauthored — art direction not yet written for this biome; generator should flag, not invent silently","","","","","in-run gameplay within this biome","{""kind"":""environmental hazard (static art + trigger VFX)"",""biomeId"":""solar-wastes"",""biomeLore"":""The star has perhaps ten thousand years left, which is nothing. Everyone who could leave, left. Everyone still here is fighting over what the leavers couldn't carry.""}"
"biome-hazard:Solar Wastes:magneticCollapse","magneticCollapse","biome-hazards","3","additive","","","VFX (single frame or short frame sheet)","","256x256 per frame","","magneticCollapse","","","","","Cinderfall","unauthored — art direction not yet written for this biome; generator should flag, not invent silently","","","","","in-run gameplay within this biome","{""kind"":""environmental hazard (static art + trigger VFX)"",""biomeId"":""solar-wastes"",""biomeLore"":""The star has perhaps ten thousand years left, which is nothing. Everyone who could leave, left. Everyone still here is fighting over what the leavers couldn't carry.""}"
"biome-hazard:Solar Wastes:explosiveGasClouds","explosiveGasClouds","biome-hazards","3","additive","","","VFX (single frame or short frame sheet)","","256x256 per frame","","explosiveGasClouds","","","","","Cinderfall","unauthored — art direction not yet written for this biome; generator should flag, not invent silently","","","","","in-run gameplay within this biome","{""kind"":""environmental hazard (static art + trigger VFX)"",""biomeId"":""solar-wastes"",""biomeLore"":""The star has perhaps ten thousand years left, which is nothing. Everyone who could leave, left. Everyone still here is fighting over what the leavers couldn't carry.""}"
"biome-hazard:Solar Wastes:solarShockwaves","solarShockwaves","biome-hazards","3","additive","","","VFX (single frame or short frame sheet)","","256x256 per frame","","solarShockwaves","","","","","Cinderfall","unauthored — art direction not yet written for this biome; generator should flag, not invent silently","","","","","in-run gameplay within this biome","{""kind"":""environmental hazard (static art + trigger VFX)"",""biomeId"":""solar-wastes"",""biomeLore"":""The star has perhaps ten thousand years left, which is nothing. Everyone who could leave, left. Everyone still here is fighting over what the leavers couldn't carry.""}"
"biome-poi:Solar Wastes:solarHarvesters","solarHarvesters","biome-poi","3","keyed","green","no green anywhere in this sprite's palette (green-keyed; see directive.colourLaw for substitutions)","sprite","","256x256, trimmed","","solarHarvesters","","","","","Cinderfall","unauthored — art direction not yet written for this biome; generator should flag, not invent silently","","","","","in-run gameplay within this biome","{""kind"":""discovery/landmark"",""biomeId"":""solar-wastes"",""biomeLore"":""The star has perhaps ten thousand years left, which is nothing. Everyone who could leave, left. Everyone still here is fighting over what the leavers couldn't carry.""}"
"biome-poi:Solar Wastes:ancientForges","ancientForges","biome-poi","3","keyed","green","no green anywhere in this sprite's palette (green-keyed; see directive.colourLaw for substitutions)","sprite","","256x256, trimmed","","ancientForges","","","","","Cinderfall","unauthored — art direction not yet written for this biome; generator should flag, not invent silently","","","","","in-run gameplay within this biome","{""kind"":""discovery/landmark"",""biomeId"":""solar-wastes"",""biomeLore"":""The star has perhaps ten thousand years left, which is nothing. Everyone who could leave, left. Everyone still here is fighting over what the leavers couldn't carry.""}"
"biome-poi:Solar Wastes:heatVaults","heatVaults","biome-poi","3","keyed","green","no green anywhere in this sprite's palette (green-keyed; see directive.colourLaw for substitutions)","sprite","","256x256, trimmed","","heatVaults","","","","","Cinderfall","unauthored — art direction not yet written for this biome; generator should flag, not invent silently","","","","","in-run gameplay within this biome","{""kind"":""discovery/landmark"",""biomeId"":""solar-wastes"",""biomeLore"":""The star has perhaps ten thousand years left, which is nothing. Everyone who could leave, left. Everyone still here is fighting over what the leavers couldn't carry.""}"
"biome-poi:Solar Wastes:plasmaWells","plasmaWells","biome-poi","3","keyed","green","no green anywhere in this sprite's palette (green-keyed; see directive.colourLaw for substitutions)","sprite","","256x256, trimmed","","plasmaWells","","","","","Cinderfall","unauthored — art direction not yet written for this biome; generator should flag, not invent silently","","","","","in-run gameplay within this biome","{""kind"":""discovery/landmark"",""biomeId"":""solar-wastes"",""biomeLore"":""The star has perhaps ten thousand years left, which is nothing. Everyone who could leave, left. Everyone still here is fighting over what the leavers couldn't carry.""}"
"biome-poi:Solar Wastes:fusionReactors","fusionReactors","biome-poi","3","keyed","green","no green anywhere in this sprite's palette (green-keyed; see directive.colourLaw for substitutions)","sprite","","256x256, trimmed","","fusionReactors","","","","","Cinderfall","unauthored — art direction not yet written for this biome; generator should flag, not invent silently","","","","","in-run gameplay within this biome","{""kind"":""discovery/landmark"",""biomeId"":""solar-wastes"",""biomeLore"":""The star has perhaps ten thousand years left, which is nothing. Everyone who could leave, left. Everyone still here is fighting over what the leavers couldn't carry.""}"
"biome-poi:Solar Wastes:orbitalMirrors","orbitalMirrors","biome-poi","3","keyed","green","no green anywhere in this sprite's palette (green-keyed; see directive.colourLaw for substitutions)","sprite","","256x256, trimmed","","orbitalMirrors","","","","","Cinderfall","unauthored — art direction not yet written for this biome; generator should flag, not invent silently","","","","","in-run gameplay within this biome","{""kind"":""discovery/landmark"",""biomeId"":""solar-wastes"",""biomeLore"":""The star has perhaps ten thousand years left, which is nothing. Everyone who could leave, left. Everyone still here is fighting over what the leavers couldn't carry.""}"
"biome-poi:Solar Wastes:researchPlatforms","researchPlatforms","biome-poi","3","keyed","green","no green anywhere in this sprite's palette (green-keyed; see directive.colourLaw for substitutions)","sprite","","256x256, trimmed","","researchPlatforms","","","","","Cinderfall","unauthored — art direction not yet written for this biome; generator should flag, not invent silently","","","","","in-run gameplay within this biome","{""kind"":""discovery/landmark"",""biomeId"":""solar-wastes"",""biomeLore"":""The star has perhaps ten thousand years left, which is nothing. Everyone who could leave, left. Everyone still here is fighting over what the leavers couldn't carry.""}"
"biome-poi:Solar Wastes:collapsedMiningColonies","collapsedMiningColonies","biome-poi","3","keyed","green","no green anywhere in this sprite's palette (green-keyed; see directive.colourLaw for substitutions)","sprite","","256x256, trimmed","","collapsedMiningColonies","","","","","Cinderfall","unauthored — art direction not yet written for this biome; generator should flag, not invent silently","","","","","in-run gameplay within this biome","{""kind"":""discovery/landmark"",""biomeId"":""solar-wastes"",""biomeLore"":""The star has perhaps ten thousand years left, which is nothing. Everyone who could leave, left. Everyone still here is fighting over what the leavers couldn't carry.""}"
"biome-weather:Void Expanse:voidStorms","voidStorms","biome-weather","3","additive","","","VFX (single frame or short frame sheet)","","256x256 per frame","","voidStorms","","","","","Hollow Crown","unauthored — art direction not yet written for this biome; generator should flag, not invent silently","","","","","in-run gameplay within this biome","{""kind"":""weather effect"",""biomeId"":""void-expanse"",""biomeLore"":""The stars here did not go out. They went elsewhere. What is left keeps their shapes the way a footprint keeps a foot.""}"
"biome-weather:Void Expanse:realityPulses","realityPulses","biome-weather","3","additive","","","VFX (single frame or short frame sheet)","","256x256 per frame","","realityPulses","","","","","Hollow Crown","unauthored — art direction not yet written for this biome; generator should flag, not invent silently","","","","","in-run gameplay within this biome","{""kind"":""weather effect"",""biomeId"":""void-expanse"",""biomeLore"":""The stars here did not go out. They went elsewhere. What is left keeps their shapes the way a footprint keeps a foot.""}"
"biome-weather:Void Expanse:gravitationalWaves","gravitationalWaves","biome-weather","3","additive","","","VFX (single frame or short frame sheet)","","256x256 per frame","","gravitationalWaves","","","","","Hollow Crown","unauthored — art direction not yet written for this biome; generator should flag, not invent silently","","","","","in-run gameplay within this biome","{""kind"":""weather effect"",""biomeId"":""void-expanse"",""biomeLore"":""The stars here did not go out. They went elsewhere. What is left keeps their shapes the way a footprint keeps a foot.""}"
"biome-weather:Void Expanse:darkMatterClouds","darkMatterClouds","biome-weather","3","additive","","","VFX (single frame or short frame sheet)","","256x256 per frame","","darkMatterClouds","","","","","Hollow Crown","unauthored — art direction not yet written for this biome; generator should flag, not invent silently","","","","","in-run gameplay within this biome","{""kind"":""weather effect"",""biomeId"":""void-expanse"",""biomeLore"":""The stars here did not go out. They went elsewhere. What is left keeps their shapes the way a footprint keeps a foot.""}"
"biome-weather:Void Expanse:temporalEchoes","temporalEchoes","biome-weather","3","additive","","","VFX (single frame or short frame sheet)","","256x256 per frame","","temporalEchoes","","","","","Hollow Crown","unauthored — art direction not yet written for this biome; generator should flag, not invent silently","","","","","in-run gameplay within this biome","{""kind"":""weather effect"",""biomeId"":""void-expanse"",""biomeLore"":""The stars here did not go out. They went elsewhere. What is left keeps their shapes the way a footprint keeps a foot.""}"
"biome-weather:Void Expanse:spatialDistortion","spatialDistortion","biome-weather","3","additive","","","VFX (single frame or short frame sheet)","","256x256 per frame","","spatialDistortion","","","","","Hollow Crown","unauthored — art direction not yet written for this biome; generator should flag, not invent silently","","","","","in-run gameplay within this biome","{""kind"":""weather effect"",""biomeId"":""void-expanse"",""biomeLore"":""The stars here did not go out. They went elsewhere. What is left keeps their shapes the way a footprint keeps a foot.""}"
"biome-weather:Void Expanse:quantumRain","quantumRain","biome-weather","3","additive","","","VFX (single frame or short frame sheet)","","256x256 per frame","","quantumRain","","","","","Hollow Crown","unauthored — art direction not yet written for this biome; generator should flag, not invent silently","","","","","in-run gameplay within this biome","{""kind"":""weather effect"",""biomeId"":""void-expanse"",""biomeLore"":""The stars here did not go out. They went elsewhere. What is left keeps their shapes the way a footprint keeps a foot.""}"
"biome-hazard:Void Expanse:gravityWells","gravityWells","biome-hazards","3","additive","","","VFX (single frame or short frame sheet)","","256x256 per frame","","gravityWells","","","","","Hollow Crown","unauthored — art direction not yet written for this biome; generator should flag, not invent silently","","","","","in-run gameplay within this biome","{""kind"":""environmental hazard (static art + trigger VFX)"",""biomeId"":""void-expanse"",""biomeLore"":""The stars here did not go out. They went elsewhere. What is left keeps their shapes the way a footprint keeps a foot.""}"
"biome-hazard:Void Expanse:realityTears","realityTears","biome-hazards","3","additive","","","VFX (single frame or short frame sheet)","","256x256 per frame","","realityTears","","","","","Hollow Crown","unauthored — art direction not yet written for this biome; generator should flag, not invent silently","","","","","in-run gameplay within this biome","{""kind"":""environmental hazard (static art + trigger VFX)"",""biomeId"":""void-expanse"",""biomeLore"":""The stars here did not go out. They went elsewhere. What is left keeps their shapes the way a footprint keeps a foot.""}"
"biome-hazard:Void Expanse:temporalFields","temporalFields","biome-hazards","3","additive","","","VFX (single frame or short frame sheet)","","256x256 per frame","","temporalFields","","","","","Hollow Crown","unauthored — art direction not yet written for this biome; generator should flag, not invent silently","","","","","in-run gameplay within this biome","{""kind"":""environmental hazard (static art + trigger VFX)"",""biomeId"":""void-expanse"",""biomeLore"":""The stars here did not go out. They went elsewhere. What is left keeps their shapes the way a footprint keeps a foot.""}"
"biome-hazard:Void Expanse:voidZones","voidZones","biome-hazards","3","additive","","","VFX (single frame or short frame sheet)","","256x256 per frame","","voidZones","","","","","Hollow Crown","unauthored — art direction not yet written for this biome; generator should flag, not invent silently","","","","","in-run gameplay within this biome","{""kind"":""environmental hazard (static art + trigger VFX)"",""biomeId"":""void-expanse"",""biomeLore"":""The stars here did not go out. They went elsewhere. What is left keeps their shapes the way a footprint keeps a foot.""}"
"biome-hazard:Void Expanse:darkEnergyBursts","darkEnergyBursts","biome-hazards","3","additive","","","VFX (single frame or short frame sheet)","","256x256 per frame","","darkEnergyBursts","","","","","Hollow Crown","unauthored — art direction not yet written for this biome; generator should flag, not invent silently","","","","","in-run gameplay within this biome","{""kind"":""environmental hazard (static art + trigger VFX)"",""biomeId"":""void-expanse"",""biomeLore"":""The stars here did not go out. They went elsewhere. What is left keeps their shapes the way a footprint keeps a foot.""}"
"biome-hazard:Void Expanse:movingSingularities","movingSingularities","biome-hazards","3","additive","","","VFX (single frame or short frame sheet)","","256x256 per frame","","movingSingularities","","","","","Hollow Crown","unauthored — art direction not yet written for this biome; generator should flag, not invent silently","","","","","in-run gameplay within this biome","{""kind"":""environmental hazard (static art + trigger VFX)"",""biomeId"":""void-expanse"",""biomeLore"":""The stars here did not go out. They went elsewhere. What is left keeps their shapes the way a footprint keeps a foot.""}"
"biome-hazard:Void Expanse:collapsingSpace","collapsingSpace","biome-hazards","3","additive","","","VFX (single frame or short frame sheet)","","256x256 per frame","","collapsingSpace","","","","","Hollow Crown","unauthored — art direction not yet written for this biome; generator should flag, not invent silently","","","","","in-run gameplay within this biome","{""kind"":""environmental hazard (static art + trigger VFX)"",""biomeId"":""void-expanse"",""biomeLore"":""The stars here did not go out. They went elsewhere. What is left keeps their shapes the way a footprint keeps a foot.""}"
"biome-hazard:Void Expanse:phaseHazards","phaseHazards","biome-hazards","3","additive","","","VFX (single frame or short frame sheet)","","256x256 per frame","","phaseHazards","","","","","Hollow Crown","unauthored — art direction not yet written for this biome; generator should flag, not invent silently","","","","","in-run gameplay within this biome","{""kind"":""environmental hazard (static art + trigger VFX)"",""biomeId"":""void-expanse"",""biomeLore"":""The stars here did not go out. They went elsewhere. What is left keeps their shapes the way a footprint keeps a foot.""}"
"biome-poi:Void Expanse:realityAnchors","realityAnchors","biome-poi","3","keyed","green","no green anywhere in this sprite's palette (green-keyed; see directive.colourLaw for substitutions)","sprite","","256x256, trimmed","","realityAnchors","","","","","Hollow Crown","unauthored — art direction not yet written for this biome; generator should flag, not invent silently","","","","","in-run gameplay within this biome","{""kind"":""discovery/landmark"",""biomeId"":""void-expanse"",""biomeLore"":""The stars here did not go out. They went elsewhere. What is left keeps their shapes the way a footprint keeps a foot.""}"
"biome-poi:Void Expanse:collapsedGateways","collapsedGateways","biome-poi","3","keyed","green","no green anywhere in this sprite's palette (green-keyed; see directive.colourLaw for substitutions)","sprite","","256x256, trimmed","","collapsedGateways","","","","","Hollow Crown","unauthored — art direction not yet written for this biome; generator should flag, not invent silently","","","","","in-run gameplay within this biome","{""kind"":""discovery/landmark"",""biomeId"":""void-expanse"",""biomeLore"":""The stars here did not go out. They went elsewhere. What is left keeps their shapes the way a footprint keeps a foot.""}"
"biome-poi:Void Expanse:voidArchives","voidArchives","biome-poi","3","keyed","green","no green anywhere in this sprite's palette (green-keyed; see directive.colourLaw for substitutions)","sprite","","256x256, trimmed","","voidArchives","","","","","Hollow Crown","unauthored — art direction not yet written for this biome; generator should flag, not invent silently","","","","","in-run gameplay within this biome","{""kind"":""discovery/landmark"",""biomeId"":""void-expanse"",""biomeLore"":""The stars here did not go out. They went elsewhere. What is left keeps their shapes the way a footprint keeps a foot.""}"
"biome-poi:Void Expanse:ancientMonoliths","ancientMonoliths","biome-poi","3","keyed","green","no green anywhere in this sprite's palette (green-keyed; see directive.colourLaw for substitutions)","sprite","","256x256, trimmed","","ancientMonoliths","","","","","Hollow Crown","unauthored — art direction not yet written for this biome; generator should flag, not invent silently","","","","","in-run gameplay within this biome","{""kind"":""discovery/landmark"",""biomeId"":""void-expanse"",""biomeLore"":""The stars here did not go out. They went elsewhere. What is left keeps their shapes the way a footprint keeps a foot.""}"
"biome-poi:Void Expanse:singularityChambers","singularityChambers","biome-poi","3","keyed","green","no green anywhere in this sprite's palette (green-keyed; see directive.colourLaw for substitutions)","sprite","","256x256, trimmed","","singularityChambers","","","","","Hollow Crown","unauthored — art direction not yet written for this biome; generator should flag, not invent silently","","","","","in-run gameplay within this biome","{""kind"":""discovery/landmark"",""biomeId"":""void-expanse"",""biomeLore"":""The stars here did not go out. They went elsewhere. What is left keeps their shapes the way a footprint keeps a foot.""}"
"biome-poi:Void Expanse:dimensionalBridges","dimensionalBridges","biome-poi","3","keyed","green","no green anywhere in this sprite's palette (green-keyed; see directive.colourLaw for substitutions)","sprite","","256x256, trimmed","","dimensionalBridges","","","","","Hollow Crown","unauthored — art direction not yet written for this biome; generator should flag, not invent silently","","","","","in-run gameplay within this biome","{""kind"":""discovery/landmark"",""biomeId"":""void-expanse"",""biomeLore"":""The stars here did not go out. They went elsewhere. What is left keeps their shapes the way a footprint keeps a foot.""}"
"biome-poi:Void Expanse:lostFleets","lostFleets","biome-poi","3","keyed","green","no green anywhere in this sprite's palette (green-keyed; see directive.colourLaw for substitutions)","sprite","","256x256, trimmed","","lostFleets","","","","","Hollow Crown","unauthored — art direction not yet written for this biome; generator should flag, not invent silently","","","","","in-run gameplay within this biome","{""kind"":""discovery/landmark"",""biomeId"":""void-expanse"",""biomeLore"":""The stars here did not go out. They went elsewhere. What is left keeps their shapes the way a footprint keeps a foot.""}"
"biome-poi:Void Expanse:quantumBeacons","quantumBeacons","biome-poi","3","keyed","green","no green anywhere in this sprite's palette (green-keyed; see directive.colourLaw for substitutions)","sprite","","256x256, trimmed","","quantumBeacons","","","","","Hollow Crown","unauthored — art direction not yet written for this biome; generator should flag, not invent silently","","","","","in-run gameplay within this biome","{""kind"":""discovery/landmark"",""biomeId"":""void-expanse"",""biomeLore"":""The stars here did not go out. They went elsewhere. What is left keeps their shapes the way a footprint keeps a foot.""}"
"biome-event:distressSignal","distressSignal","biome-events","3","additive","","","VFX (single frame or short frame sheet)","","256x256 per frame","","shared biome event ""distressSignal""","","","","","","","","","","","in-run events, all biomes",""
"biome-event:ancientVault","ancientVault","biome-events","3","additive","","","VFX (single frame or short frame sheet)","","256x256 per frame","","shared biome event ""ancientVault""","","","","","","","","","","","in-run events, all biomes",""
"biome-event:lostExpedition","lostExpedition","biome-events","3","additive","","","VFX (single frame or short frame sheet)","","256x256 per frame","","shared biome event ""lostExpedition""","","","","","","","","","","","in-run events, all biomes",""
"biome-event:machineActivation","machineActivation","biome-events","3","additive","","","VFX (single frame or short frame sheet)","","256x256 per frame","","shared biome event ""machineActivation""","","","","","","","","","","","in-run events, all biomes",""
"biome-event:crystalBloom","crystalBloom","biome-events","3","additive","","","VFX (single frame or short frame sheet)","","256x256 per frame","","shared biome event ""crystalBloom""","","","","","","","","","","","in-run events, all biomes",""
"biome-event:solarFlare","solarFlare","biome-events","3","additive","","","VFX (single frame or short frame sheet)","","256x256 per frame","","shared biome event ""solarFlare""","","","","","","","","","","","in-run events, all biomes",""
"biome-event:voidBreach","voidBreach","biome-events","3","additive","","","VFX (single frame or short frame sheet)","","256x256 per frame","","shared biome event ""voidBreach""","","","","","","","","","","","in-run events, all biomes",""
"biome-event:wanderingMerchant","wanderingMerchant","biome-events","3","additive","","","VFX (single frame or short frame sheet)","","256x256 per frame","","shared biome event ""wanderingMerchant""","","","","","","","","","","","in-run events, all biomes",""
"biome-event:prototypeWreckage","prototypeWreckage","biome-events","3","additive","","","VFX (single frame or short frame sheet)","","256x256 per frame","","shared biome event ""prototypeWreckage""","","","","","","","","","","","in-run events, all biomes",""
"biome-event:factionConflict","factionConflict","biome-events","3","additive","","","VFX (single frame or short frame sheet)","","256x256 per frame","","shared biome event ""factionConflict""","","","","","","","","","","","in-run events, all biomes",""
"galaxy-cluster:lucent-cluster","The Lucent Cluster","galaxy","3","fullbleed","","","background art","","1920x1080","","galaxy cluster ""The Lucent Cluster""","","","","","","","","","","","GalaxyCommand map background","{""theme"":""The Dominion frontier — where the campaign begins.""}"
"galaxy-cluster:shattered-expanse-cluster","The Shattered Expanse","galaxy","3","fullbleed","","","background art","","1920x1080","","galaxy cluster ""The Shattered Expanse""","","","","","","","","","","","GalaxyCommand map background","{""theme"":""A fractured war-galaxy revealed once the crisis widens the breach.""}"
"galaxy-region:crystalDominion","Crystal Dominion","galaxy","3","fullbleed","","","background art","","1920x1080","","star-map region ""Crystal Dominion""","Silicate empires that grew instead of building — the Dominion doesn't construct its fleets, it cultivates them.","","","","","","","","","","GalaxyCommand star map",""
"galaxy-region:humanFrontier","Human Frontier","galaxy","3","fullbleed","","","background art","","1920x1080","","star-map region ""Human Frontier""","The fragile remains of humanity after the Collapse — rebuilding in public, so the dark can see it hasn't won.","","","","","","","","","","GalaxyCommand star map",""
"galaxy-region:machineExpanse","Machine Expanse","galaxy","3","fullbleed","","","background art","","1920x1080","","star-map region ""Machine Expanse""","Entire planets converted into autonomous factories that kept manufacturing after everyone who could read the invoices died.","","","","","","","","","","GalaxyCommand star map",""
"galaxy-region:voidExpanse","Void Expanse","galaxy","3","fullbleed","","","background art","","1920x1080","","star-map region ""Void Expanse""","Not empty space — emptied space. The region where physics stopped being a law and became a suggestion.","","","","","","","","","","GalaxyCommand star map",""
"galaxy-region:ancientCore","Ancient Core","galaxy","3","fullbleed","","","background art","","1920x1080","","star-map region ""Ancient Core""","The civilisation that built the Afterlight Network did not fall here. It finished here — and whatever it finished, the Custodians still guard.","","","","","","","","","","GalaxyCommand star map",""
"galaxy-region:solarWastes","Solar Wastes","galaxy","3","fullbleed","","","background art","","1920x1080","","star-map region ""Solar Wastes""","Dying suns and the salvage wars beneath them. The stars gave these systems everything, and now they are taking it back.","","","","","","","","","","GalaxyCommand star map",""
"galaxy-region:frozenReach","Frozen Reach","galaxy","3","fullbleed","","","background art","","1920x1080","","star-map region ""Frozen Reach""","Where light barely reaches, entire systems chose suspension over escape. The quietest region of space is not empty — it is waiting.","","","","","","","","","","GalaxyCommand star map",""
"galaxy-region:brokenSystems","Broken Systems","galaxy","3","fullbleed","","","background art","","1920x1080","","star-map region ""Broken Systems""","Millions of vessels from thousands of years of conflict, drifting where they fell. Nothing here was ever salvaged. Nobody agrees on why.","","","","","","","","","","GalaxyCommand star map",""
"galaxy-region:darkNebula","Dark Nebula","galaxy","3","fullbleed","","","background art","","1920x1080","","star-map region ""Dark Nebula""","The nebula does not block the starlight. Something inside it drinks the starlight — and whatever grew in the dark grew very, very large.","","","","","","","","","","GalaxyCommand star map",""
"galaxy-region:singularityZone","Singularity Zone","galaxy","3","fullbleed","","","background art","","1920x1080","","star-map region ""Singularity Zone""","Where black holes, collapsed stars and quantum anomalies merged into one impossible region. Physics is a negotiation here, and it is still being negotiated.","","","","","","","","","","GalaxyCommand star map",""
"galaxy-region:shatteredExpanse","Shattered Expanse","galaxy","3","fullbleed","","","background art","","1920x1080","","star-map region ""Shattered Expanse""","A galaxy fractured by a war nobody living remembers starting. The pieces never stopped drifting apart.","","","","","","","","","","GalaxyCommand star map",""
"galaxy-system:sys-lucent-gate","Lucent Gate","galaxy","3","keyed","green","no green anywhere in this sprite's palette (green-keyed; see directive.colourLaw for substitutions)","sprite","","256x256, trimmed","","star-system node ""Lucent Gate""","","","","","Crystal Fields","","","","","","GalaxyCommand star map","{""threatLevel"":2}"
"galaxy-system:sys-hollow-drift","Hollow Drift","galaxy","3","keyed","green","no green anywhere in this sprite's palette (green-keyed; see directive.colourLaw for substitutions)","sprite","","256x256, trimmed","","star-system node ""Hollow Drift""","","","","","Crystal Fields","","","","","","GalaxyCommand star map","{""threatLevel"":3}"
"galaxy-system:sys-ember-reach","Ember Reach","galaxy","3","keyed","green","no green anywhere in this sprite's palette (green-keyed; see directive.colourLaw for substitutions)","sprite","","256x256, trimmed","","star-system node ""Ember Reach""","","","","","Crystal Fields","","","","","","GalaxyCommand star map","{""threatLevel"":4}"
"galaxy-system:sys-meridian-rest","Meridian Rest","galaxy","3","keyed","green","no green anywhere in this sprite's palette (green-keyed; see directive.colourLaw for substitutions)","sprite","","256x256, trimmed","","star-system node ""Meridian Rest""","","","","","Meridian Rest","","","","","","GalaxyCommand star map","{""threatLevel"":1}"
"galaxy-system:sys-prismheart","Prismheart","galaxy","3","keyed","green","no green anywhere in this sprite's palette (green-keyed; see directive.colourLaw for substitutions)","sprite","","256x256, trimmed","","star-system node ""Prismheart""","","","","","Prismheart","","","","","","GalaxyCommand star map","{""threatLevel"":3}"
"galaxy-system:sys-forge-primus","Forge Primus","galaxy","3","keyed","green","no green anywhere in this sprite's palette (green-keyed; see directive.colourLaw for substitutions)","sprite","","256x256, trimmed","","star-system node ""Forge Primus""","","","","","Forge Primus","","","","","","GalaxyCommand star map","{""threatLevel"":4}"
"galaxy-system:sys-hollow-crown","Hollow Crown","galaxy","3","keyed","green","no green anywhere in this sprite's palette (green-keyed; see directive.colourLaw for substitutions)","sprite","","256x256, trimmed","","star-system node ""Hollow Crown""","","","","","Hollow Crown","","","","","","GalaxyCommand star map","{""threatLevel"":5}"
"galaxy-system:sys-first-light","First Light","galaxy","3","keyed","green","no green anywhere in this sprite's palette (green-keyed; see directive.colourLaw for substitutions)","sprite","","256x256, trimmed","","star-system node ""First Light""","","","","","First Light","","","","","","GalaxyCommand star map","{""threatLevel"":6}"
"galaxy-system:sys-cinderfall","Cinderfall","galaxy","3","keyed","green","no green anywhere in this sprite's palette (green-keyed; see directive.colourLaw for substitutions)","sprite","","256x256, trimmed","","star-system node ""Cinderfall""","","","","","Cinderfall","","","","","","GalaxyCommand star map","{""threatLevel"":4}"
"galaxy-system:sys-winterline","Winterline","galaxy","3","keyed","green","no green anywhere in this sprite's palette (green-keyed; see directive.colourLaw for substitutions)","sprite","","256x256, trimmed","","star-system node ""Winterline""","","","","","Winterline","","","","","","GalaxyCommand star map","{""threatLevel"":3}"
"galaxy-system:sys-gravewake","Gravewake","galaxy","3","keyed","green","no green anywhere in this sprite's palette (green-keyed; see directive.colourLaw for substitutions)","sprite","","256x256, trimmed","","star-system node ""Gravewake""","","","","","Gravewake","","","","","","GalaxyCommand star map","{""threatLevel"":2}"
"galaxy-system:sys-verdance","Verdance","galaxy","3","keyed","green","no green anywhere in this sprite's palette (green-keyed; see directive.colourLaw for substitutions)","sprite","","256x256, trimmed","","star-system node ""Verdance""","","","","","Verdance","","","","","","GalaxyCommand star map","{""threatLevel"":4}"
"galaxy-system:sys-axiom","Axiom","galaxy","3","keyed","green","no green anywhere in this sprite's palette (green-keyed; see directive.colourLaw for substitutions)","sprite","","256x256, trimmed","","star-system node ""Axiom""","","","","","Axiom","","","","","","GalaxyCommand star map","{""threatLevel"":7}"
"galaxy-system:sys-shatter-approach","Shatter Approach","galaxy","3","keyed","green","no green anywhere in this sprite's palette (green-keyed; see directive.colourLaw for substitutions)","sprite","","256x256, trimmed","","star-system node ""Shatter Approach""","","","","","Winterline","","","","","","GalaxyCommand star map","{""threatLevel"":5}"
"galaxy-system:sys-shatter-core","Shatter Core","galaxy","3","keyed","green","no green anywhere in this sprite's palette (green-keyed; see directive.colourLaw for substitutions)","sprite","","256x256, trimmed","","star-system node ""Shatter Core""","","","","","First Light","","","","","","GalaxyCommand star map","{""threatLevel"":6}"
"mission:crystal-fields-incursion","Crystal Fields Incursion","missions","3","fullbleed","","","background art","","1920x1080","","mission briefing ""Crystal Fields Incursion""","A Void signature has been tracked into the Crystal Fields. Clear the sector, recover what you can, and be ready for whatever is guarding it.","","","","Crystal Fields","authored","","","","","MissionSelect screen","{""missionCategory"":""voidIncursion"",""difficultyTier"":1,""biomeId"":""crystal-fields-alpha"",""biomeLore"":""Silicate growths climb toward starlight that hasn't reached this system in a thousand years."",""biomeVisualIdentity"":{""lighting"":""cool refracted violet"",""fog"":""light, glassy haze"",""skybox"":""shard-lit nebula"",""planetaryColours"":""violet, pale blue, white"",""architecture"":""grown lattice spires"",""vegetation"":""none — crystalline growth stands in"",""weather"":""ion cloud drift"",""environmentalVfx"":""shard glints on movement""}}"
"mission:winterline-rescue","Winterline Rescue","missions","3","fullbleed","","","background art","","1920x1080","","mission briefing ""Winterline Rescue""","Three survey crews went dark past the Winterline. The Reach does not kill quickly — there is still time, if you fly now.","","","","Winterline","authored","","","","","MissionSelect screen","{""missionCategory"":""rescue"",""difficultyTier"":3,""biomeId"":""frozen-reach"",""biomeLore"":""The colonies here saw the Collapse coming and chose suspension over escape. Kilometres under the ice, the lights are still on, the instruments still recording. They are all still waiting."",""biomeVisualIdentity"":{""lighting"":""flat cold white"",""fog"":""dense, low-lying"",""skybox"":""pale overcast"",""planetaryColours"":""white, grey-blue"",""architecture"":""expedition-white weathered stations"",""vegetation"":""none"",""weather"":""gentle snowfall"",""environmentalVfx"":""sparse frost particles""}}"
"mission:first-light-excavation","First Light Excavation","missions","3","fullbleed","","","background art","","1920x1080","","mission briefing ""First Light Excavation""","The Archive has cleared a dig window at First Light. Scan the vault sites, recover what the precursors left, and do not assume the Core is unguarded.","","","","First Light","unauthored — art direction not yet written for this biome; generator should flag, not invent silently","","","","","MissionSelect screen","{""missionCategory"":""ancientVault"",""difficultyTier"":6,""biomeId"":""ancient-core"",""biomeLore"":""They built a civilisation the size of a sky, wrote down everything they learned, and left the lights on. The library is still open. The librarians never stood down.""}"
"mission:forge-primus-uprising","Forge Primus Uprising","missions","3","fullbleed","","","background art","","1920x1080","","mission briefing ""Forge Primus Uprising""","The Foundry's own production line has turned on its overseers. Break the assembly line before it arms itself.","","","","Forge Primus","unauthored — art direction not yet written for this biome; generator should flag, not invent silently","","","","","MissionSelect screen","{""missionCategory"":""machineAssault"",""difficultyTier"":5,""biomeId"":""machine-expanse"",""biomeLore"":""The factory noticed you eleven minutes ago. It has not stopped working. It has never stopped working. You are simply not yet a scheduled task.""}"
"modifier-icon:lowGravity","lowGravity","mission-modifiers","3","keyed","green","no green anywhere in this sprite's palette (green-keyed; see directive.colourLaw for substitutions)","icon","centered, transparent background","128x128","","mission modifier ""lowGravity""","","","","","","","","","","","MissionSelect + in-run","{""assetPart"":""icon""}"
"modifier-vfx:lowGravity","lowGravity","mission-modifiers","3","additive","","","VFX (single frame or short frame sheet)","","256x256 per frame","","mission modifier ""lowGravity""","","","","","","","","","","","MissionSelect + in-run","{""assetPart"":""in-run environmental overlay VFX""}"
"modifier-icon:radiation","radiation","mission-modifiers","3","keyed","green","no green anywhere in this sprite's palette (green-keyed; see directive.colourLaw for substitutions)","icon","centered, transparent background","128x128","","mission modifier ""radiation""","","","","","","","","","","","MissionSelect + in-run","{""assetPart"":""icon""}"
"modifier-vfx:radiation","radiation","mission-modifiers","3","additive","","","VFX (single frame or short frame sheet)","","256x256 per frame","","mission modifier ""radiation""","","","","","","","","","","","MissionSelect + in-run","{""assetPart"":""in-run environmental overlay VFX""}"
"modifier-icon:eliteActivity","eliteActivity","mission-modifiers","3","keyed","green","no green anywhere in this sprite's palette (green-keyed; see directive.colourLaw for substitutions)","icon","centered, transparent background","128x128","","mission modifier ""eliteActivity""","","","","","","","","","","","MissionSelect + in-run","{""assetPart"":""icon""}"
"modifier-vfx:eliteActivity","eliteActivity","mission-modifiers","3","additive","","","VFX (single frame or short frame sheet)","","256x256 per frame","","mission modifier ""eliteActivity""","","","","","","","","","","","MissionSelect + in-run","{""assetPart"":""in-run environmental overlay VFX""}"
"modifier-icon:doubleRewards","doubleRewards","mission-modifiers","3","keyed","green","no green anywhere in this sprite's palette (green-keyed; see directive.colourLaw for substitutions)","icon","centered, transparent background","128x128","","mission modifier ""doubleRewards""","","","","","","","","","","","MissionSelect + in-run","{""assetPart"":""icon""}"
"modifier-vfx:doubleRewards","doubleRewards","mission-modifiers","3","additive","","","VFX (single frame or short frame sheet)","","256x256 per frame","","mission modifier ""doubleRewards""","","","","","","","","","","","MissionSelect + in-run","{""assetPart"":""in-run environmental overlay VFX""}"
"modifier-icon:shieldInstability","shieldInstability","mission-modifiers","3","keyed","green","no green anywhere in this sprite's palette (green-keyed; see directive.colourLaw for substitutions)","icon","centered, transparent background","128x128","","mission modifier ""shieldInstability""","","","","","","","","","","","MissionSelect + in-run","{""assetPart"":""icon""}"
"modifier-vfx:shieldInstability","shieldInstability","mission-modifiers","3","additive","","","VFX (single frame or short frame sheet)","","256x256 per frame","","mission modifier ""shieldInstability""","","","","","","","","","","","MissionSelect + in-run","{""assetPart"":""in-run environmental overlay VFX""}"
"modifier-icon:weaponOvercharge","weaponOvercharge","mission-modifiers","3","keyed","green","no green anywhere in this sprite's palette (green-keyed; see directive.colourLaw for substitutions)","icon","centered, transparent background","128x128","","mission modifier ""weaponOvercharge""","","","","","","","","","","","MissionSelect + in-run","{""assetPart"":""icon""}"
"modifier-vfx:weaponOvercharge","weaponOvercharge","mission-modifiers","3","additive","","","VFX (single frame or short frame sheet)","","256x256 per frame","","mission modifier ""weaponOvercharge""","","","","","","","","","","","MissionSelect + in-run","{""assetPart"":""in-run environmental overlay VFX""}"
"modifier-icon:crystalBloom","crystalBloom","mission-modifiers","3","keyed","green","no green anywhere in this sprite's palette (green-keyed; see directive.colourLaw for substitutions)","icon","centered, transparent background","128x128","","mission modifier ""crystalBloom""","","","","","","","","","","","MissionSelect + in-run","{""assetPart"":""icon""}"
"modifier-vfx:crystalBloom","crystalBloom","mission-modifiers","3","additive","","","VFX (single frame or short frame sheet)","","256x256 per frame","","mission modifier ""crystalBloom""","","","","","","","","","","","MissionSelect + in-run","{""assetPart"":""in-run environmental overlay VFX""}"
"modifier-icon:darkSector","darkSector","mission-modifiers","3","keyed","green","no green anywhere in this sprite's palette (green-keyed; see directive.colourLaw for substitutions)","icon","centered, transparent background","128x128","","mission modifier ""darkSector""","","","","","","","","","","","MissionSelect + in-run","{""assetPart"":""icon""}"
"modifier-vfx:darkSector","darkSector","mission-modifiers","3","additive","","","VFX (single frame or short frame sheet)","","256x256 per frame","","mission modifier ""darkSector""","","","","","","","","","","","MissionSelect + in-run","{""assetPart"":""in-run environmental overlay VFX""}"
"modifier-icon:voidCorruption","voidCorruption","mission-modifiers","3","keyed","green","no green anywhere in this sprite's palette (green-keyed; see directive.colourLaw for substitutions)","icon","centered, transparent background","128x128","","mission modifier ""voidCorruption""","","","","","","","","","","","MissionSelect + in-run","{""assetPart"":""icon""}"
"modifier-vfx:voidCorruption","voidCorruption","mission-modifiers","3","additive","","","VFX (single frame or short frame sheet)","","256x256 per frame","","mission modifier ""voidCorruption""","","","","","","","","","","","MissionSelect + in-run","{""assetPart"":""in-run environmental overlay VFX""}"
"modifier-icon:experimentalConditions","experimentalConditions","mission-modifiers","3","keyed","green","no green anywhere in this sprite's palette (green-keyed; see directive.colourLaw for substitutions)","icon","centered, transparent background","128x128","","mission modifier ""experimentalConditions""","","","","","","","","","","","MissionSelect + in-run","{""assetPart"":""icon""}"
"modifier-vfx:experimentalConditions","experimentalConditions","mission-modifiers","3","additive","","","VFX (single frame or short frame sheet)","","256x256 per frame","","mission modifier ""experimentalConditions""","","","","","","","","","","","MissionSelect + in-run","{""assetPart"":""in-run environmental overlay VFX""}"
"modifier-icon:meteorStorm","meteorStorm","mission-modifiers","3","keyed","green","no green anywhere in this sprite's palette (green-keyed; see directive.colourLaw for substitutions)","icon","centered, transparent background","128x128","","mission modifier ""meteorStorm""","","","","","","","","","","","MissionSelect + in-run","{""assetPart"":""icon""}"
"modifier-vfx:meteorStorm","meteorStorm","mission-modifiers","3","additive","","","VFX (single frame or short frame sheet)","","256x256 per frame","","mission modifier ""meteorStorm""","","","","","","","","","","","MissionSelect + in-run","{""assetPart"":""in-run environmental overlay VFX""}"
"modifier-icon:solarRadiation","solarRadiation","mission-modifiers","3","keyed","green","no green anywhere in this sprite's palette (green-keyed; see directive.colourLaw for substitutions)","icon","centered, transparent background","128x128","","mission modifier ""solarRadiation""","","","","","","","","","","","MissionSelect + in-run","{""assetPart"":""icon""}"
"modifier-vfx:solarRadiation","solarRadiation","mission-modifiers","3","additive","","","VFX (single frame or short frame sheet)","","256x256 per frame","","mission modifier ""solarRadiation""","","","","","","","","","","","MissionSelect + in-run","{""assetPart"":""in-run environmental overlay VFX""}"
"modifier-icon:blackHoleDistortion","blackHoleDistortion","mission-modifiers","3","keyed","green","no green anywhere in this sprite's palette (green-keyed; see directive.colourLaw for substitutions)","icon","centered, transparent background","128x128","","mission modifier ""blackHoleDistortion""","","","","","","","","","","","MissionSelect + in-run","{""assetPart"":""icon""}"
"modifier-vfx:blackHoleDistortion","blackHoleDistortion","mission-modifiers","3","additive","","","VFX (single frame or short frame sheet)","","256x256 per frame","","mission modifier ""blackHoleDistortion""","","","","","","","","","","","MissionSelect + in-run","{""assetPart"":""in-run environmental overlay VFX""}"
"modifier-icon:electricalNebula","electricalNebula","mission-modifiers","3","keyed","green","no green anywhere in this sprite's palette (green-keyed; see directive.colourLaw for substitutions)","icon","centered, transparent background","128x128","","mission modifier ""electricalNebula""","","","","","","","","","","","MissionSelect + in-run","{""assetPart"":""icon""}"
"modifier-vfx:electricalNebula","electricalNebula","mission-modifiers","3","additive","","","VFX (single frame or short frame sheet)","","256x256 per frame","","mission modifier ""electricalNebula""","","","","","","","","","","","MissionSelect + in-run","{""assetPart"":""in-run environmental overlay VFX""}"
"modifier-icon:frozenSector","frozenSector","mission-modifiers","3","keyed","green","no green anywhere in this sprite's palette (green-keyed; see directive.colourLaw for substitutions)","icon","centered, transparent background","128x128","","mission modifier ""frozenSector""","","","","","","","","","","","MissionSelect + in-run","{""assetPart"":""icon""}"
"modifier-vfx:frozenSector","frozenSector","mission-modifiers","3","additive","","","VFX (single frame or short frame sheet)","","256x256 per frame","","mission modifier ""frozenSector""","","","","","","","","","","","MissionSelect + in-run","{""assetPart"":""in-run environmental overlay VFX""}"
"modifier-icon:toxicClouds","toxicClouds","mission-modifiers","3","keyed","green","no green anywhere in this sprite's palette (green-keyed; see directive.colourLaw for substitutions)","icon","centered, transparent background","128x128","","mission modifier ""toxicClouds""","","","","","","","","","","","MissionSelect + in-run","{""assetPart"":""icon""}"
"modifier-vfx:toxicClouds","toxicClouds","mission-modifiers","3","additive","","","VFX (single frame or short frame sheet)","","256x256 per frame","","mission modifier ""toxicClouds""","","","","","","","","","","","MissionSelect + in-run","{""assetPart"":""in-run environmental overlay VFX""}"
"modifier-icon:darkMatter","darkMatter","mission-modifiers","3","keyed","green","no green anywhere in this sprite's palette (green-keyed; see directive.colourLaw for substitutions)","icon","centered, transparent background","128x128","","mission modifier ""darkMatter""","","","","","","","","","","","MissionSelect + in-run","{""assetPart"":""icon""}"
"modifier-vfx:darkMatter","darkMatter","mission-modifiers","3","additive","","","VFX (single frame or short frame sheet)","","256x256 per frame","","mission modifier ""darkMatter""","","","","","","","","","","","MissionSelect + in-run","{""assetPart"":""in-run environmental overlay VFX""}"
"modifier-icon:ancientBattlefield","ancientBattlefield","mission-modifiers","3","keyed","green","no green anywhere in this sprite's palette (green-keyed; see directive.colourLaw for substitutions)","icon","centered, transparent background","128x128","","mission modifier ""ancientBattlefield""","","","","","","","","","","","MissionSelect + in-run","{""assetPart"":""icon""}"
"modifier-vfx:ancientBattlefield","ancientBattlefield","mission-modifiers","3","additive","","","VFX (single frame or short frame sheet)","","256x256 per frame","","mission modifier ""ancientBattlefield""","","","","","","","","","","","MissionSelect + in-run","{""assetPart"":""in-run environmental overlay VFX""}"
"modifier-icon:civilianEvacuation","civilianEvacuation","mission-modifiers","3","keyed","green","no green anywhere in this sprite's palette (green-keyed; see directive.colourLaw for substitutions)","icon","centered, transparent background","128x128","","mission modifier ""civilianEvacuation""","","","","","","","","","","","MissionSelect + in-run","{""assetPart"":""icon""}"
"modifier-vfx:civilianEvacuation","civilianEvacuation","mission-modifiers","3","additive","","","VFX (single frame or short frame sheet)","","256x256 per frame","","mission modifier ""civilianEvacuation""","","","","","","","","","","","MissionSelect + in-run","{""assetPart"":""in-run environmental overlay VFX""}"
"screen:Boot","Boot","ui-screens","3","fullbleed","","","screen background/layout art","","1920x1080","","""Boot"" screen","","","","","","","","","","","full-screen UI","{""purpose"":""initial boot""}"
"screen:Splash","Splash","ui-screens","3","fullbleed","","","screen background/layout art","","1920x1080","","""Splash"" screen","","","","","","","","","","","full-screen UI","{""purpose"":""splash/logo""}"
"screen:MainMenu","MainMenu","ui-screens","3","fullbleed","","","screen background/layout art","","1920x1080","","""MainMenu"" screen","","","","","","","","","","","full-screen UI","{""purpose"":""main menu""}"
"screen:GalaxyCommand","GalaxyCommand","ui-screens","3","fullbleed","","","screen background/layout art","","1920x1080","","""GalaxyCommand"" screen","","","","","","","","","","","full-screen UI","{""purpose"":""home-base hub + star map""}"
"screen:MissionSelect","MissionSelect","ui-screens","3","fullbleed","","","screen background/layout art","","1920x1080","","""MissionSelect"" screen","","","","","","","","","","","full-screen UI","{""purpose"":""mission selection""}"
"screen:Loading","Loading","ui-screens","3","fullbleed","","","screen background/layout art","","1920x1080","","""Loading"" screen","","","","","","","","","","","full-screen UI","{""purpose"":""loading transition""}"
"screen:Gameplay","Gameplay","ui-screens","3","fullbleed","","","screen background/layout art","","1920x1080","","""Gameplay"" screen","","","","","","","","","","","full-screen UI","{""purpose"":""in-run HUD frame""}"
"screen:Pause","Pause","ui-screens","3","fullbleed","","","screen background/layout art","","1920x1080","","""Pause"" screen","","","","","","","","","","","full-screen UI","{""purpose"":""pause overlay""}"
"screen:LevelUp","LevelUp","ui-screens","3","fullbleed","","","screen background/layout art","","1920x1080","","""LevelUp"" screen","","","","","","","","","","","full-screen UI","{""purpose"":""level-up choice overlay""}"
"screen:InventoryOverlay","InventoryOverlay","ui-screens","3","fullbleed","","","screen background/layout art","","1920x1080","","""InventoryOverlay"" screen","","","","","","","","","","","full-screen UI","{""purpose"":""inventory overlay""}"
"screen:MissionComplete","MissionComplete","ui-screens","3","fullbleed","","","screen background/layout art","","1920x1080","","""MissionComplete"" screen","","","","","","","","","","","full-screen UI","{""purpose"":""results/victory""}"
"screen:Defeat","Defeat","ui-screens","3","fullbleed","","","screen background/layout art","","1920x1080","","""Defeat"" screen","","","","","","","","","","","full-screen UI","{""purpose"":""defeat/game-over""}"
"screen:Statistics","Statistics","ui-screens","3","fullbleed","","","screen background/layout art","","1920x1080","","""Statistics"" screen","","","","","","","","","","","full-screen UI","{""purpose"":""statistics""}"
"screen:Multiplayer","Multiplayer","ui-screens","3","fullbleed","","","screen background/layout art","","1920x1080","","""Multiplayer"" screen","","","","","","","","","","","full-screen UI","{""purpose"":""reserved, unbuilt""}"
"screen:CommunityHub","CommunityHub","ui-screens","3","fullbleed","","","screen background/layout art","","1920x1080","","""CommunityHub"" screen","","","","","","","","","","","full-screen UI","{""purpose"":""reserved, unbuilt""}"
"screen:BuildPathChoice","BuildPathChoice","ui-screens","3","fullbleed","","","screen background/layout art","","1920x1080","","""BuildPathChoice"" screen","","","","","","","","","","","full-screen UI","{""purpose"":""build-defining path choice overlay""}"
"screen:MidRunMerchant","MidRunMerchant","ui-screens","3","fullbleed","","","screen background/layout art","","1920x1080","","""MidRunMerchant"" screen","","","","","","","","","","","full-screen UI","{""purpose"":""mid-run merchant overlay""}"
"screen:ExtractionDecision","ExtractionDecision","ui-screens","3","fullbleed","","","screen background/layout art","","1920x1080","","""ExtractionDecision"" screen","","","","","","","","","","","full-screen UI","{""purpose"":""extraction risk/reward decision overlay""}"
"screen:BossArtifactChoice","BossArtifactChoice","ui-screens","3","fullbleed","","","screen background/layout art","","1920x1080","","""BossArtifactChoice"" screen","","","","","","","","","","","full-screen UI","{""purpose"":""boss artifact reward choice overlay""}"
"screen:RecruitCommanders","RecruitCommanders","ui-screens","3","fullbleed","","","screen background/layout art","","1920x1080","","""RecruitCommanders"" screen","","","","","","","","","","","full-screen UI","{""purpose"":""commander recruitment""}"
"screen:ViewMuseum","ViewMuseum","ui-screens","3","fullbleed","","","screen background/layout art","","1920x1080","","""ViewMuseum"" screen","","","","","","","","","","","full-screen UI","{""purpose"":""relic museum""}"
"screen:ReadCodex","ReadCodex","ui-screens","3","fullbleed","","","screen background/layout art","","1920x1080","","""ReadCodex"" screen","","","","","","","","","","","full-screen UI","{""purpose"":""codex/lore""}"
"screen:ManageAtlas","ManageAtlas","ui-screens","3","fullbleed","","","screen background/layout art","","1920x1080","","""ManageAtlas"" screen","","","","","","","","","","","full-screen UI","{""purpose"":""Atlas meta-stat screen""}"
"screen:LoadoutChoice","LoadoutChoice","ui-screens","3","fullbleed","","","screen background/layout art","","1920x1080","","""LoadoutChoice"" screen","","","","","","","","","","","full-screen UI","{""purpose"":""pre-run loadout picker""}"
"resource:commonMaterials","commonMaterials","resources","3","keyed","green","no green anywhere in this sprite's palette (green-keyed; see directive.colourLaw for substitutions)","icon","centered, transparent background","128x128","","resource ""commonMaterials""","","","","","","","","","","","inventory/crafting/HUD",""
"resource:rareAlloys","rareAlloys","resources","3","keyed","green","no green anywhere in this sprite's palette (green-keyed; see directive.colourLaw for substitutions)","icon","centered, transparent background","128x128","","resource ""rareAlloys""","","","","","","","","","","","inventory/crafting/HUD",""
"resource:crystalFragments","crystalFragments","resources","3","keyed","green","no green anywhere in this sprite's palette (green-keyed; see directive.colourLaw for substitutions)","icon","centered, transparent background","128x128","","resource ""crystalFragments""","","","","","","","","","","","inventory/crafting/HUD",""
"resource:voidEssence","voidEssence","resources","3","keyed","green","no green anywhere in this sprite's palette (green-keyed; see directive.colourLaw for substitutions)","icon","centered, transparent background","128x128","","resource ""voidEssence""","","","","","","","","","","","inventory/crafting/HUD",""
"resource:ancientComponents","ancientComponents","resources","3","keyed","green","no green anywhere in this sprite's palette (green-keyed; see directive.colourLaw for substitutions)","icon","centered, transparent background","128x128","","resource ""ancientComponents""","","","","","","","","","","","inventory/crafting/HUD",""
"resource:quantumCores","quantumCores","resources","3","keyed","green","no green anywhere in this sprite's palette (green-keyed; see directive.colourLaw for substitutions)","icon","centered, transparent background","128x128","","resource ""quantumCores""","","","","","","","","","","","inventory/crafting/HUD",""
"resource:energyCells","energyCells","resources","3","keyed","green","no green anywhere in this sprite's palette (green-keyed; see directive.colourLaw for substitutions)","icon","centered, transparent background","128x128","","resource ""energyCells""","","","","","","","","","","","inventory/crafting/HUD",""
"resource:researchSamples","researchSamples","resources","3","keyed","green","no green anywhere in this sprite's palette (green-keyed; see directive.colourLaw for substitutions)","icon","centered, transparent background","128x128","","resource ""researchSamples""","","","","","","","","","","","inventory/crafting/HUD",""
"resource:mythicMaterials","mythicMaterials","resources","3","keyed","green","no green anywhere in this sprite's palette (green-keyed; see directive.colourLaw for substitutions)","icon","centered, transparent background","128x128","","resource ""mythicMaterials""","","","","","","","","","","","inventory/crafting/HUD",""
"resource:singularityMatter","singularityMatter","resources","3","keyed","green","no green anywhere in this sprite's palette (green-keyed; see directive.colourLaw for substitutions)","icon","centered, transparent background","128x128","","resource ""singularityMatter""","","","","","","","","","","","inventory/crafting/HUD",""
"resource:darkMatter","darkMatter","resources","3","keyed","green","no green anywhere in this sprite's palette (green-keyed; see directive.colourLaw for substitutions)","icon","centered, transparent background","128x128","","resource ""darkMatter""","","","","","","","","","","","inventory/crafting/HUD",""
"resource:quantumCrystals","quantumCrystals","resources","3","keyed","green","no green anywhere in this sprite's palette (green-keyed; see directive.colourLaw for substitutions)","icon","centered, transparent background","128x128","","resource ""quantumCrystals""","","","","","","","","","","","inventory/crafting/HUD",""
"resource:biomass","biomass","resources","3","keyed","green","no green anywhere in this sprite's palette (green-keyed; see directive.colourLaw for substitutions)","icon","centered, transparent background","128x128","","resource ""biomass""","","","","","","","","","","","inventory/crafting/HUD","{""colourNote"":""amber-yellow, not green (colour law)""}"
"resource:livingMetal","livingMetal","resources","3","keyed","green","no green anywhere in this sprite's palette (green-keyed; see directive.colourLaw for substitutions)","icon","centered, transparent background","128x128","","resource ""livingMetal""","","","","","","","","","","","inventory/crafting/HUD",""
"resource:atlasFragments","atlasFragments","resources","3","keyed","green","no green anywhere in this sprite's palette (green-keyed; see directive.colourLaw for substitutions)","icon","centered, transparent background","128x128","","resource ""atlasFragments""","","","","","","","","","","","inventory/crafting/HUD",""
"currency:credits","credits","currencies","3","keyed","green","no green anywhere in this sprite's palette (green-keyed; see directive.colourLaw for substitutions)","icon","centered, transparent background","128x128","","currency ""credits""","","","","","","","","","","","shops, HUD, results",""
"currency:researchData","researchData","currencies","3","keyed","green","no green anywhere in this sprite's palette (green-keyed; see directive.colourLaw for substitutions)","icon","centered, transparent background","128x128","","currency ""researchData""","","","","","","","","","","","shops, HUD, results",""
"currency:ancientFragments","ancientFragments","currencies","3","keyed","green","no green anywhere in this sprite's palette (green-keyed; see directive.colourLaw for substitutions)","icon","centered, transparent background","128x128","","currency ""ancientFragments""","","","","","","","","","","","shops, HUD, results",""
"currency:crystalEssence","crystalEssence","currencies","3","keyed","green","no green anywhere in this sprite's palette (green-keyed; see directive.colourLaw for substitutions)","icon","centered, transparent background","128x128","","currency ""crystalEssence""","","","","","","","","","","","shops, HUD, results",""
"currency:voidMatter","voidMatter","currencies","3","keyed","green","no green anywhere in this sprite's palette (green-keyed; see directive.colourLaw for substitutions)","icon","centered, transparent background","128x128","","currency ""voidMatter""","","","","","","","","","","","shops, HUD, results",""
"currency:singularityCores","singularityCores","currencies","3","keyed","green","no green anywhere in this sprite's palette (green-keyed; see directive.colourLaw for substitutions)","icon","centered, transparent background","128x128","","currency ""singularityCores""","","","","","","","","","","","shops, HUD, results",""
"title:TITLE_UNSCARRED","TITLE_UNSCARRED","titles","3","keyed","green","no green anywhere in this sprite's palette (green-keyed; see directive.colourLaw for substitutions)","icon","centered, transparent background","128x128","","cosmetic title card ""UNSCARRED""","","","","","","","","","","","profile/results screens",""
"title:TITLE_VETERAN","TITLE_VETERAN","titles","3","keyed","green","no green anywhere in this sprite's palette (green-keyed; see directive.colourLaw for substitutions)","icon","centered, transparent background","128x128","","cosmetic title card ""VETERAN""","","","","","","","","","","","profile/results screens",""
"title:TITLE_ARCHIVIST_OF_BOSSES","TITLE_ARCHIVIST_OF_BOSSES","titles","3","keyed","green","no green anywhere in this sprite's palette (green-keyed; see directive.colourLaw for substitutions)","icon","centered, transparent background","128x128","","cosmetic title card ""ARCHIVIST OF BOSSES""","","","","","","","","","","","profile/results screens",""
"title:TITLE_WINTERLINE_WARDEN","TITLE_WINTERLINE_WARDEN","titles","3","keyed","green","no green anywhere in this sprite's palette (green-keyed; see directive.colourLaw for substitutions)","icon","centered, transparent background","128x128","","cosmetic title card ""WINTERLINE WARDEN""","","","","","","","","","","","profile/results screens",""
"title:TITLE_FOUNDRY_BREAKER","TITLE_FOUNDRY_BREAKER","titles","3","keyed","green","no green anywhere in this sprite's palette (green-keyed; see directive.colourLaw for substitutions)","icon","centered, transparent background","128x128","","cosmetic title card ""FOUNDRY BREAKER""","","","","","","","","","","","profile/results screens",""
"title:TITLE_UNTOUCHED","TITLE_UNTOUCHED","titles","3","keyed","green","no green anywhere in this sprite's palette (green-keyed; see directive.colourLaw for substitutions)","icon","centered, transparent background","128x128","","cosmetic title card ""UNTOUCHED""","","","","","","","","","","","profile/results screens",""
"title:TITLE_DRONE_REAPER","TITLE_DRONE_REAPER","titles","3","keyed","green","no green anywhere in this sprite's palette (green-keyed; see directive.colourLaw for substitutions)","icon","centered, transparent background","128x128","","cosmetic title card ""DRONE REAPER""","","","","","","","","","","","profile/results screens",""
"reputation-title:The Explorer","The Explorer","reputation-titles","3","keyed","green","no green anywhere in this sprite's palette (green-keyed; see directive.colourLaw for substitutions)","icon","centered, transparent background","128x128","","reputation rank badge ""The Explorer""","","","","","","","","","","","profile/story screens",""
"reputation-title:The Builder","The Builder","reputation-titles","3","keyed","green","no green anywhere in this sprite's palette (green-keyed; see directive.colourLaw for substitutions)","icon","centered, transparent background","128x128","","reputation rank badge ""The Builder""","","","","","","","","","","","profile/story screens",""
"reputation-title:The Scientist","The Scientist","reputation-titles","3","keyed","green","no green anywhere in this sprite's palette (green-keyed; see directive.colourLaw for substitutions)","icon","centered, transparent background","128x128","","reputation rank badge ""The Scientist""","","","","","","","","","","","profile/story screens",""
"reputation-title:The Guardian","The Guardian","reputation-titles","3","keyed","green","no green anywhere in this sprite's palette (green-keyed; see directive.colourLaw for substitutions)","icon","centered, transparent background","128x128","","reputation rank badge ""The Guardian""","","","","","","","","","","","profile/story screens",""
"reputation-title:The Diplomat","The Diplomat","reputation-titles","3","keyed","green","no green anywhere in this sprite's palette (green-keyed; see directive.colourLaw for substitutions)","icon","centered, transparent background","128x128","","reputation rank badge ""The Diplomat""","","","","","","","","","","","profile/story screens",""
"reputation-title:The Founder","The Founder","reputation-titles","3","keyed","green","no green anywhere in this sprite's palette (green-keyed; see directive.colourLaw for substitutions)","icon","centered, transparent background","128x128","","reputation rank badge ""The Founder""","","","","","","","","","","","profile/story screens",""
"reputation-title:The Pathfinder","The Pathfinder","reputation-titles","3","keyed","green","no green anywhere in this sprite's palette (green-keyed; see directive.colourLaw for substitutions)","icon","centered, transparent background","128x128","","reputation rank badge ""The Pathfinder""","","","","","","","","","","","profile/story screens",""
"reputation-title:The Restorer","The Restorer","reputation-titles","3","keyed","green","no green anywhere in this sprite's palette (green-keyed; see directive.colourLaw for substitutions)","icon","centered, transparent background","128x128","","reputation rank badge ""The Restorer""","","","","","","","","","","","profile/story screens",""
"achievement:ach-veteran","ach-veteran","achievements","3","keyed","green","no green anywhere in this sprite's palette (green-keyed; see directive.colourLaw for substitutions)","icon","centered, transparent background","128x128","","achievement badge ""ach-veteran""","","","","","","","","","","","Statistics/achievements UI",""
"achievement:ach-boss-hunter","ach-boss-hunter","achievements","3","keyed","green","no green anywhere in this sprite's palette (green-keyed; see directive.colourLaw for substitutions)","icon","centered, transparent background","128x128","","achievement badge ""ach-boss-hunter""","","","","","","","","","","","Statistics/achievements UI",""
"achievement:ach-curator","ach-curator","achievements","3","keyed","green","no green anywhere in this sprite's palette (green-keyed; see directive.colourLaw for substitutions)","icon","centered, transparent background","128x128","","achievement badge ""ach-curator""","","","","","","","","","","","Statistics/achievements UI",""
"achievement:ach-trusted-ally","ach-trusted-ally","achievements","3","keyed","green","no green anywhere in this sprite's palette (green-keyed; see directive.colourLaw for substitutions)","icon","centered, transparent background","128x128","","achievement badge ""ach-trusted-ally""","","","","","","","","","","","Statistics/achievements UI",""
"achievement:ach-researcher","ach-researcher","achievements","3","keyed","green","no green anywhere in this sprite's palette (green-keyed; see directive.colourLaw for substitutions)","icon","centered, transparent background","128x128","","achievement badge ""ach-researcher""","","","","","","","","","","","Statistics/achievements UI",""
"achievement:ach-restorer","ach-restorer","achievements","3","keyed","green","no green anywhere in this sprite's palette (green-keyed; see directive.colourLaw for substitutions)","icon","centered, transparent background","128x128","","achievement badge ""ach-restorer""","","","","","","","","","","","Statistics/achievements UI",""
"achievement:ach-ghost-vault","ach-ghost-vault","achievements","3","keyed","green","no green anywhere in this sprite's palette (green-keyed; see directive.colourLaw for substitutions)","icon","centered, transparent background","128x128","","achievement badge ""ach-ghost-vault""","","","","","","","","","","","Statistics/achievements UI",""
"achievement:ach-first-contact","ach-first-contact","achievements","3","keyed","green","no green anywhere in this sprite's palette (green-keyed; see directive.colourLaw for substitutions)","icon","centered, transparent background","128x128","","achievement badge ""ach-first-contact""","","","","","","","","","","","Statistics/achievements UI",""
"faction-reputation:hostile","hostile","faction-reputation","3","keyed","green","no green anywhere in this sprite's palette (green-keyed; see directive.colourLaw for substitutions)","sprite","","256x256, trimmed","","faction standing tier ""hostile""","","","","","","","","","","","faction reputation UI","{""tierOrder"":""hostile→distrusted→neutral→known→trusted→respected→honoured→legendaryAlly""}"
"faction-reputation:distrusted","distrusted","faction-reputation","3","keyed","green","no green anywhere in this sprite's palette (green-keyed; see directive.colourLaw for substitutions)","sprite","","256x256, trimmed","","faction standing tier ""distrusted""","","","","","","","","","","","faction reputation UI","{""tierOrder"":""hostile→distrusted→neutral→known→trusted→respected→honoured→legendaryAlly""}"
"faction-reputation:neutral","neutral","faction-reputation","3","keyed","green","no green anywhere in this sprite's palette (green-keyed; see directive.colourLaw for substitutions)","sprite","","256x256, trimmed","","faction standing tier ""neutral""","","","","","","","","","","","faction reputation UI","{""tierOrder"":""hostile→distrusted→neutral→known→trusted→respected→honoured→legendaryAlly""}"
"faction-reputation:known","known","faction-reputation","3","keyed","green","no green anywhere in this sprite's palette (green-keyed; see directive.colourLaw for substitutions)","sprite","","256x256, trimmed","","faction standing tier ""known""","","","","","","","","","","","faction reputation UI","{""tierOrder"":""hostile→distrusted→neutral→known→trusted→respected→honoured→legendaryAlly""}"
"faction-reputation:trusted","trusted","faction-reputation","3","keyed","green","no green anywhere in this sprite's palette (green-keyed; see directive.colourLaw for substitutions)","sprite","","256x256, trimmed","","faction standing tier ""trusted""","","","","","","","","","","","faction reputation UI","{""tierOrder"":""hostile→distrusted→neutral→known→trusted→respected→honoured→legendaryAlly""}"
"faction-reputation:respected","respected","faction-reputation","3","keyed","green","no green anywhere in this sprite's palette (green-keyed; see directive.colourLaw for substitutions)","sprite","","256x256, trimmed","","faction standing tier ""respected""","","","","","","","","","","","faction reputation UI","{""tierOrder"":""hostile→distrusted→neutral→known→trusted→respected→honoured→legendaryAlly""}"
"faction-reputation:honoured","honoured","faction-reputation","3","keyed","green","no green anywhere in this sprite's palette (green-keyed; see directive.colourLaw for substitutions)","sprite","","256x256, trimmed","","faction standing tier ""honoured""","","","","","","","","","","","faction reputation UI","{""tierOrder"":""hostile→distrusted→neutral→known→trusted→respected→honoured→legendaryAlly""}"
"faction-reputation:legendaryAlly","legendaryAlly","faction-reputation","3","keyed","green","no green anywhere in this sprite's palette (green-keyed; see directive.colourLaw for substitutions)","sprite","","256x256, trimmed","","faction standing tier ""legendaryAlly""","","","","","","","","","","","faction reputation UI","{""tierOrder"":""hostile→distrusted→neutral→known→trusted→respected→honoured→legendaryAlly""}"
"manufacturer:atlas-dynamics","Atlas Dynamics","manufacturers","3","keyed","green","no green anywhere in this sprite's palette (green-keyed; see directive.colourLaw for substitutions)","icon","centered, transparent background","128x128","","manufacturer emblem ""Atlas Dynamics""","","","","","","","","Slab breeches, visible bolts, ammunition counted in crates.","","","item cards, hangar, codex","{""signature"":""Cluster payloads that always fit one more warhead.""}"
"manufacturer:helios-industries","Helios Industries","manufacturers","3","keyed","green","no green anywhere in this sprite's palette (green-keyed; see directive.colourLaw for substitutions)","icon","centered, transparent background","128x128","","manufacturer emblem ""Helios Industries""","","","","","","","","Sun-gold emitter housings over white ceramic.","","","item cards, hangar, codex","{""signature"":""Prism arrays — one beam in, several arguments out.""}"
"manufacturer:nova-forge","Nova Forge","manufacturers","3","keyed","green","no green anywhere in this sprite's palette (green-keyed; see directive.colourLaw for substitutions)","icon","centered, transparent background","128x128","","manufacturer emblem ""Nova Forge""","","","","","","","","Hive-textured launchers with drone-assembled magazines.","","","item cards, hangar, codex","{""signature"":""Ordnance that finishes assembling itself mid-flight.""}"
"manufacturer:vanguard-systems","Vanguard Systems","manufacturers","3","keyed","green","no green anywhere in this sprite's palette (green-keyed; see directive.colourLaw for substitutions)","icon","centered, transparent background","128x128","","manufacturer emblem ""Vanguard Systems""","","","","","","","","Blade-lined rails, gunmetal blue, one killing light.","","","item cards, hangar, codex","{""signature"":""Executioner timing — criticals that were always going to happen.""}"
"manufacturer:aegis-armaments","Aegis Armaments","manufacturers","3","keyed","green","no green anywhere in this sprite's palette (green-keyed; see directive.colourLaw for substitutions)","icon","centered, transparent background","128x128","","manufacturer emblem ""Aegis Armaments""","","","","","","","","Rounded white housings with green field-lines.","","","item cards, hangar, codex","{""signature"":""Fire patterns that reinforce shields between volleys.""}"
"manufacturer:quantum-horizon","Quantum Horizon","manufacturers","3","keyed","green","no green anywhere in this sprite's palette (green-keyed; see directive.colourLaw for substitutions)","icon","centered, transparent background","128x128","","manufacturer emblem ""Quantum Horizon""","","","","","","","","Iridescent seams that render a frame late.","","","item cards, hangar, codex","{""signature"":""Probability-weighted shots — the likely target is the hit target.""}"
"manufacturer:black-horizon","Black Horizon","manufacturers","3","keyed","green","no green anywhere in this sprite's palette (green-keyed; see directive.colourLaw for substitutions)","icon","centered, transparent background","128x128","","manufacturer emblem ""Black Horizon""","","","","","","","","Matte void panels; hard to photograph, harder to trace.","","","item cards, hangar, codex","{""signature"":""Field denial — spaces that stop being safe to stand in.""}"
"manufacturer:frontier-salvage","Frontier Salvage","manufacturers","3","keyed","green","no green anywhere in this sprite's palette (green-keyed; see directive.colourLaw for substitutions)","icon","centered, transparent background","128x128","","manufacturer emblem ""Frontier Salvage""","","","","","","","","Mismatched panels, honest rust, stencilled serials from three fleets.","","","item cards, hangar, codex","{""signature"":""Scatter patterns tuned by whatever parts arrived that week.""}"
"manufacturer:ancient-foundry","Ancient Foundry","manufacturers","3","keyed","green","no green anywhere in this sprite's palette (green-keyed; see directive.colourLaw for substitutions)","icon","centered, transparent background","128x128","","manufacturer emblem ""Ancient Foundry""","","","","","","","","White stone alloy and gold conduit, excavated not machined.","","","item cards, hangar, codex","{""signature"":""Lances that recognise what they were built to guard against.""}"
"manufacturer:paragon-laboratories","Paragon Laboratories","manufacturers","3","keyed","green","no green anywhere in this sprite's palette (green-keyed; see directive.colourLaw for substitutions)","icon","centered, transparent background","128x128","","manufacturer emblem ""Paragon Laboratories""","","","","","","","","Exposed telemetry, warning stencils, one fresh weld always cooling.","","","item cards, hangar, codex","{""signature"":""Overdriven fire modes that trade heat for possibility.""}"
"manufacturer:halcyon-driveworks","Halcyon Driveworks","manufacturers","3","keyed","green","no green anywhere in this sprite's palette (green-keyed; see directive.colourLaw for substitutions)","icon","centered, transparent background","128x128","","manufacturer emblem ""Halcyon Driveworks""","","","","","","","","Expedition white with exposed coil windings.","","","item cards, hangar, codex","{""signature"":""Charge that carries through pierced targets.""}"
"manufacturer:ironmoor-foundry","Ironmoor Foundry","manufacturers","3","keyed","green","no green anywhere in this sprite's palette (green-keyed; see directive.colourLaw for substitutions)","icon","centered, transparent background","128x128","","manufacturer emblem ""Ironmoor Foundry""","","","","","","","","Foundry grey, proud welds, recoil handled by mass.","","","item cards, hangar, codex","{""signature"":""Novas that reward standing exactly where you should not.""}"
"manufacturer:void-legion-remnant","Void Legion Remnant","manufacturers","3","keyed","green","no green anywhere in this sprite's palette (green-keyed; see directive.colourLaw for substitutions)","icon","centered, transparent background","128x128","","manufacturer emblem ""Void Legion Remnant""","","","","","","","","Seams of not-quite-black that drip upward.","","","item cards, hangar, codex","{""signature"":""Corruption that remembers its targets.""}"
"manufacturer:meridian-yards","Meridian Yards","manufacturers","3","keyed","green","no green anywhere in this sprite's palette (green-keyed; see directive.colourLaw for substitutions)","icon","centered, transparent background","128x128","","manufacturer emblem ""Meridian Yards""","","","","","","","","Survey-white lattices grown around instrument cores.","","","item cards, hangar, codex","{""signature"":""Split shards that inherit their parent's cold.""}"
"manufacturer:aegis-systems","Aegis Systems","manufacturers","3","keyed","green","no green anywhere in this sprite's palette (green-keyed; see directive.colourLaw for substitutions)","icon","centered, transparent background","128x128","","manufacturer emblem ""Aegis Systems""","","","","","","","","Rounded white hulls, green field-lines, medical calm.","","","item cards, hangar, codex","{""signature"":""Aegis umbrella — shields that share.""}"
"manufacturer:vanguard-fleetworks","Vanguard Fleetworks","manufacturers","3","keyed","green","no green anywhere in this sprite's palette (green-keyed; see directive.colourLaw for substitutions)","icon","centered, transparent background","128x128","","manufacturer emblem ""Vanguard Fleetworks""","","","","","","","","Predator lines, gunmetal blue, one blade-edge running light.","","","item cards, hangar, codex","{""signature"":""Vanguard executioner suite — the crit that was always going to happen.""}"
"manufacturer:eclipse-engineering","Eclipse Engineering","manufacturers","3","keyed","green","no green anywhere in this sprite's palette (green-keyed; see directive.colourLaw for substitutions)","icon","centered, transparent background","128x128","","manufacturer emblem ""Eclipse Engineering""","","","","","","","","Matte black with storm-grey baffles; hard to photograph on purpose.","","","item cards, hangar, codex","{""signature"":""Eclipse shear field — space that disagrees with pursuit.""}"
"manufacturer:prototype-division","Prototype Division","manufacturers","3","keyed","green","no green anywhere in this sprite's palette (green-keyed; see directive.colourLaw for substitutions)","icon","centered, transparent background","128x128","","manufacturer emblem ""Prototype Division""","","","","","","","","Mismatched panels, exposed telemetry, warning stencils in three languages.","","","item cards, hangar, codex","{""signature"":""Division override bus — the controls the manual forbids.""}"
"xp-tier:small","small","xp-tiers","3","keyed","green","no green anywhere in this sprite's palette (green-keyed; see directive.colourLaw for substitutions)","icon","centered, transparent background","128x128","","XP gem, tier ""small""","","","","","","","","","","","in-run pickups","{""tierScale"":""small→medium→large→elite→boss→ancient→research; size/intensity rises with tier""}"
"branding:logo-wordmark","AFTERLIGHT logo/wordmark","branding","3","keyed","green","no green anywhere in this sprite's palette (green-keyed; see directive.colourLaw for substitutions)","sprite","","256x256, trimmed","","AFTERLIGHT logo/wordmark","","","","","","","","","","","app identity","{""gameIdentity"":""AFTERLIGHT — a dying galaxy re-lit one expedition at a time; hopeful, not grim""}"
"branding:app-icon-512","PWA app icon 512px","branding","3","fullbleed","","","app icon","","512x512 exact","","PWA app icon 512px","","","","","","","","","","","app identity","{""gameIdentity"":""AFTERLIGHT — a dying galaxy re-lit one expedition at a time; hopeful, not grim""}"
"branding:app-icon-192","PWA app icon 192px","branding","3","fullbleed","","","app icon","","192x192 exact","","PWA app icon 192px","","","","","","","","","","","app identity","{""gameIdentity"":""AFTERLIGHT — a dying galaxy re-lit one expedition at a time; hopeful, not grim""}"
"branding:favicon","Browser favicon","branding","3","fullbleed","","","favicon","","64x64","","Browser favicon","","","","","","","","","","","app identity","{""gameIdentity"":""AFTERLIGHT — a dying galaxy re-lit one expedition at a time; hopeful, not grim""}"
"branding:loading-spinner","Loading spinner/animation","branding","3","additive","","","VFX (single frame or short frame sheet)","","256x256 per frame","","Loading spinner/animation","","","","","","","","","","","app identity","{""gameIdentity"":""AFTERLIGHT — a dying galaxy re-lit one expedition at a time; hopeful, not grim""}"
"branding:cursor","Custom cursor","branding","3","keyed","green","no green anywhere in this sprite's palette (green-keyed; see directive.colourLaw for substitutions)","sprite","","256x256, trimmed","","Custom cursor","","","","","","","","","","","app identity","{""gameIdentity"":""AFTERLIGHT — a dying galaxy re-lit one expedition at a time; hopeful, not grim""}"
"branding:display-typeface","Chunky rounded display typeface (Visual Style Rule 5)","branding","3","keyed","green","no green anywhere in this sprite's palette (green-keyed; see directive.colourLaw for substitutions)","sprite","","256x256, trimmed","","Chunky rounded display typeface (Visual Style Rule 5)","","","","","","","","","","","app identity","{""gameIdentity"":""AFTERLIGHT — a dying galaxy re-lit one expedition at a time; hopeful, not grim""}"
"interactable:activateAncientDevice","activateAncientDevice","interactables","3","keyed","green","no green anywhere in this sprite's palette (green-keyed; see directive.colourLaw for substitutions)","icon","centered, transparent background","128x128","","Ancient device the player activates (dormant + active states)","","","","","","","","","","","in-run gameplay","{""rule"":""must read as interactive at a glance""}"
"interactable:destroyObstacle","destroyObstacle","interactables","3","keyed","green","no green anywhere in this sprite's palette (green-keyed; see directive.colourLaw for substitutions)","icon","centered, transparent background","128x128","","Destructible obstacle","","","","","","","","","","","in-run gameplay","{""rule"":""must read as interactive at a glance""}"
"interactable:openHiddenArea","openHiddenArea","interactables","3","keyed","green","no green anywhere in this sprite's palette (green-keyed; see directive.colourLaw for substitutions)","icon","centered, transparent background","128x128","","Sealed hidden-area entrance","","","","","","","","","","","in-run gameplay","{""rule"":""must read as interactive at a glance""}"
"interactable:triggerEvent","triggerEvent","interactables","3","keyed","green","no green anywhere in this sprite's palette (green-keyed; see directive.colourLaw for substitutions)","icon","centered, transparent background","128x128","","Event trigger console/beacon","","","","","","","","","","","in-run gameplay","{""rule"":""must read as interactive at a glance""}"
"interactable:harvestResource","harvestResource","interactables","3","keyed","green","no green anywhere in this sprite's palette (green-keyed; see directive.colourLaw for substitutions)","icon","centered, transparent background","128x128","","Harvestable resource node","","","","","","","","","","","in-run gameplay","{""rule"":""must read as interactive at a glance""}"
"interactable:disableHazard","disableHazard","interactables","3","keyed","green","no green anywhere in this sprite's palette (green-keyed; see directive.colourLaw for substitutions)","icon","centered, transparent background","128x128","","Hazard control the player disables","","","","","","","","","","","in-run gameplay","{""rule"":""must read as interactive at a glance""}"
"interactable:unlockSecret","unlockSecret","interactables","3","keyed","green","no green anywhere in this sprite's palette (green-keyed; see directive.colourLaw for substitutions)","icon","centered, transparent background","128x128","","Secret lock/vault marker","","","","","","","","","","","in-run gameplay","{""rule"":""must read as interactive at a glance""}"
"condition:solarRadiation","solarRadiation","environmental-conditions","3","keyed","green","no green anywhere in this sprite's palette (green-keyed; see directive.colourLaw for substitutions)","icon","centered, transparent background","128x128","","condition indicator ""solarRadiation""","","","","","","","","","","","HUD/briefing when the biome condition is active",""
"condition:gravityDistortion","gravityDistortion","environmental-conditions","3","keyed","green","no green anywhere in this sprite's palette (green-keyed; see directive.colourLaw for substitutions)","icon","centered, transparent background","128x128","","condition indicator ""gravityDistortion""","","","","","","","","","","","HUD/briefing when the biome condition is active",""
"condition:crystalGrowth","crystalGrowth","environmental-conditions","3","keyed","green","no green anywhere in this sprite's palette (green-keyed; see directive.colourLaw for substitutions)","icon","centered, transparent background","128x128","","condition indicator ""crystalGrowth""","","","","","","","","","","","HUD/briefing when the biome condition is active",""
"condition:nebulaFog","nebulaFog","environmental-conditions","3","keyed","green","no green anywhere in this sprite's palette (green-keyed; see directive.colourLaw for substitutions)","icon","centered, transparent background","128x128","","condition indicator ""nebulaFog""","","","","","","","","","","","HUD/briefing when the biome condition is active",""
"condition:ionStorms","ionStorms","environmental-conditions","3","keyed","green","no green anywhere in this sprite's palette (green-keyed; see directive.colourLaw for substitutions)","icon","centered, transparent background","128x128","","condition indicator ""ionStorms""","","","","","","","","","","","HUD/briefing when the biome condition is active",""
"condition:empFields","empFields","environmental-conditions","3","keyed","green","no green anywhere in this sprite's palette (green-keyed; see directive.colourLaw for substitutions)","icon","centered, transparent background","128x128","","condition indicator ""empFields""","","","","","","","","","","","HUD/briefing when the biome condition is active",""
"condition:asteroidDrift","asteroidDrift","environmental-conditions","3","keyed","green","no green anywhere in this sprite's palette (green-keyed; see directive.colourLaw for substitutions)","icon","centered, transparent background","128x128","","condition indicator ""asteroidDrift""","","","","","","","","","","","HUD/briefing when the biome condition is active",""
"condition:voidCorruption","voidCorruption","environmental-conditions","3","keyed","green","no green anywhere in this sprite's palette (green-keyed; see directive.colourLaw for substitutions)","icon","centered, transparent background","128x128","","condition indicator ""voidCorruption""","","","","","","","","","","","HUD/briefing when the biome condition is active",""
"condition:machineActivity","machineActivity","environmental-conditions","3","keyed","green","no green anywhere in this sprite's palette (green-keyed; see directive.colourLaw for substitutions)","icon","centered, transparent background","128x128","","condition indicator ""machineActivity""","","","","","","","","","","","HUD/briefing when the biome condition is active",""
"condition:ancientEnergy","ancientEnergy","environmental-conditions","3","keyed","green","no green anywhere in this sprite's palette (green-keyed; see directive.colourLaw for substitutions)","icon","centered, transparent background","128x128","","condition indicator ""ancientEnergy""","","","","","","","","","","","HUD/briefing when the biome condition is active",""
"banner:boss-intro","Boss introduction banner/title card","banners","3","fullbleed","","","background art","","1920x1080","","boss introduction title card (name + title reveal)","","","","","","","","","","","boss introduction state","{""example"":""THE HOLLOW SENTINEL — Last Watcher of the Drift""}"
"wayfarer-hull-mk2:ability-vfx","Wayfarer Mk. II — Emergency Thrusters","ship-abilities","3","additive","","","VFX (single frame or short frame sheet)","","256x256 per frame","","ship ability ""Emergency Thrusters"" of the Wayfarer Mk. II","Built for expeditions that were never meant to end in combat.","","","","","","Halcyon Driveworks","Expedition white, doubled nav-lights, panels made to be swapped in the dark.","","","in-run gameplay (KeyR ability)","{""shipClass"":""scout"",""tier"":""common"",""specialisation"":""exploration"",""manufacturerEngineering"":""Endurance drives and field maintainability.""}"
"bastion-hull-mk1:ability-vfx","Bastion Mk. I — Shield Overload","ship-abilities","3","additive","","","VFX (single frame or short frame sheet)","","256x256 per frame","","ship ability ""Shield Overload"" of the Bastion Mk. I","Slow to move, slower to fall.","","","","","","Ironmoor Foundry","Foundry grey, proud weld seams, amber running lights.","","","in-run gameplay (KeyR ability)","{""shipClass"":""guardian"",""tier"":""uncommon"",""specialisation"":""tanking"",""manufacturerEngineering"":""Hull integrity and stationary resilience.""}"
"aurelia-hull-mk1:ability-vfx","Aurelia Mk. I — Survey Burst","ship-abilities","3","additive","","","VFX (single frame or short frame sheet)","","256x256 per frame","","ship ability ""Survey Burst"" of the Aurelia Mk. I","A survey platform with more sensor mass than armour. It has never lost a fight it saw coming, because it always sees them coming.","","","","","","Meridian Yards","Survey white with sensor-vane crowns; instruments before armour.","","","in-run gameplay (KeyR ability)","{""shipClass"":""experimental"",""tier"":""ancient"",""specialisation"":""scientificOperations"",""manufacturerEngineering"":""Sensor mass and analysis suites.""}"
"sable-dart-mk1:ability-vfx","Sable Dart Mk. I — Afterburn Manifold","ship-abilities","3","additive","","","VFX (single frame or short frame sheet)","","256x256 per frame","","ship ability ""Afterburn Manifold"" of the Sable Dart Mk. I","Helios built it to win races. The Collapse repurposed the finish line.","","","","","","Helios Industries","Sun-gold trim over white ceramic, engines like sunrise.","","","in-run gameplay (KeyR ability)","{""shipClass"":""interceptor"",""tier"":""uncommon"",""specialisation"":""speed"",""manufacturerEngineering"":""Thrust-to-mass ratios nobody else certifies.""}"
"falchion-mk2:ability-vfx","Falchion Mk. II — Executioner Suite","ship-abilities","3","additive","","","VFX (single frame or short frame sheet)","","256x256 per frame","","ship ability ""Executioner Suite"" of the Falchion Mk. II","A duelling hull with the safeties filed off and the paperwork lost on purpose.","","","","","","Vanguard Fleetworks","Predator lines, gunmetal blue, one blade-edge running light.","","","in-run gameplay (KeyR ability)","{""shipClass"":""assault"",""tier"":""rare"",""specialisation"":""criticalHits"",""manufacturerEngineering"":""Fire-control integration and target acquisition.""}"
"hivemother-mk1:ability-vfx","Hivemother Mk. I — Brood Bay","ship-abilities","3","additive","","","VFX (single frame or short frame sheet)","","256x256 per frame","","ship ability ""Brood Bay"" of the Hivemother Mk. I","The mining tools learned to defend themselves. Then they learned to be a fleet.","","","","","","Nova Forge","Hive-textured hulls with visible drone berths, always slightly in motion.","","","in-run gameplay (KeyR ability)","{""shipClass"":""carrier"",""tier"":""epic"",""specialisation"":""droneWarfare"",""manufacturerEngineering"":""Drone fabrication and swarm coordination.""}"
"dawnspire:ability-vfx","Dawnspire — Vigil Lance","ship-abilities","3","additive","","","VFX (single frame or short frame sheet)","","256x256 per frame","","ship ability ""Vigil Lance"" of the Dawnspire","The Foundry did not build the Dawnspire. It excavated her, lit her, and has apologised to her ever since.","","","","","","Ancient Foundry","White stone alloy and gold conduit — hulls that look excavated, not built.","","","in-run gameplay (KeyR ability)","{""shipClass"":""ancient"",""tier"":""legendary"",""specialisation"":""energyWeapons"",""manufacturerEngineering"":""Materials nobody can replicate and tolerances nobody can measure.""}"
"ballista-mk3:ability-vfx","Ballista Mk. III — Hardpoint Lattice","ship-abilities","3","additive","","","VFX (single frame or short frame sheet)","","256x256 per frame","","ship ability ""Hardpoint Lattice"" of the Ballista Mk. III","Atlas put missiles where missiles should not fit, then reinforced the places that complained.","","","","","","Atlas Dynamics","Slab geometry, load-bearing everything, bolts you can see from orbit.","","","in-run gameplay (KeyR ability)","{""shipClass"":""destroyer"",""tier"":""uncommon"",""specialisation"":""missiles"",""manufacturerEngineering"":""Ordnance mounts and structural tolerance.""}"
"caduceus-mk1:ability-vfx","Caduceus Mk. I — Umbrella Field","ship-abilities","3","additive","","","VFX (single frame or short frame sheet)","","256x256 per frame","","ship ability ""Umbrella Field"" of the Caduceus Mk. I","Never lost an escorted hull. The record is painted inside the cockpit where only the pilot can read it.","","","","","","Aegis Systems","Rounded white hulls, green field-lines, medical calm.","","","in-run gameplay (KeyR ability)","{""shipClass"":""engineer"",""tier"":""rare"",""specialisation"":""support"",""manufacturerEngineering"":""Shield harmonics and support arrays.""}"
"maelstrom-x1:ability-vfx","Maelstrom X-1 — Shear Field","ship-abilities","3","additive","","","VFX (single frame or short frame sheet)","","256x256 per frame","","ship ability ""Shear Field"" of the Maelstrom X-1","The shear field works. The warning stencils are for everything else.","","","","","","Prototype Division","Mismatched panels, exposed telemetry, warning stencils in three languages.","","","in-run gameplay (KeyR ability)","{""shipClass"":""prototype"",""tier"":""prototype"",""specialisation"":""crowdControl"",""manufacturerEngineering"":""Experimental mechanics and rapid iteration.""}"
"reyes-longlight:active-vfx","Ilsa Reyes — Energy Pulse","commander-actives","3","additive","","","VFX (single frame or short frame sheet)","","256x256 per frame","","active ability ""Energy Pulse"" (fires often — visibly smaller than an ultimate)","","Human Alliance","","","","","","","","","in-run gameplay","{""archetype"":""assault"",""commanderClass"":""assault"",""biography"":""The last gunnery officer of a fleet that no longer exists."",""designBrief"":""Scorched fleet-grey plate, one gold epaulette from a decommissioned uniform, targeting monocle always lit.""}"
"vek-ironhull:active-vfx","Vek Tarn — Emergency Barrier","commander-actives","3","additive","","","VFX (single frame or short frame sheet)","","256x256 per frame","","active ability ""Emergency Barrier"" (fires often — visibly smaller than an ultimate)","","Machine Collective","","","","","","","","","in-run gameplay","{""archetype"":""guardian"",""commanderClass"":""defender"",""biography"":""Rebuilt three times. Remembers all three deaths."",""designBrief"":""Salvage-plated bulk, three weld-seams across the chest — one per death — running lights set to dim amber.""}"
"vael-meridian:active-vfx","Dr. Sen Vael — Resonance Survey","commander-actives","3","additive","","","VFX (single frame or short frame sheet)","","256x256 per frame","","active ability ""Resonance Survey"" (fires often — visibly smaller than an ultimate)","","Human Alliance","","","","","","","","","in-run gameplay","{""archetype"":""crystalSpecialist"",""commanderClass"":""scientist"",""biography"":""Wrote the paper proving the Afterlight Network was artificial. Has spent every year since trying to be wrong about the second half."",""designBrief"":""Field-research whites gone expedition-grey, sample vials in bandolier rows, annotating everything mid-fight.""}"
"okoye-torque:active-vfx","Jelan Okoye — Field Refit","commander-actives","3","additive","","","VFX (single frame or short frame sheet)","","256x256 per frame","","active ability ""Field Refit"" (fires often — visibly smaller than an ultimate)","","Human Alliance","","","","","","","","","in-run gameplay","{""archetype"":""engineer"",""commanderClass"":""engineer"",""biography"":""Kept a generation ship running for forty years with spare parts and spite. The restoration is just a bigger engine room."",""designBrief"":""Grease-marked utility rig, magnetic tool bandolier, one glove always off.""}"
"naru-whisper:active-vfx","Ai Naru — Ghost Vector","commander-actives","3","additive","","","VFX (single frame or short frame sheet)","","256x256 per frame","","active ability ""Ghost Vector"" (fires often — visibly smaller than an ultimate)","","Stellar Nomads","","","","","","","","","in-run gameplay","{""archetype"":""recon"",""commanderClass"":""recon"",""biography"":""Flew pathfinder for three convoys that never lost a ship. The dark isn't empty, she says. It's just quiet."",""designBrief"":""Matte convoy leathers, route-tattoos on both forearms, engine trail dimmed to a breath.""}"
"vex-longfang:active-vfx","Dain Vex — Marked Quarry","commander-actives","3","additive","","","VFX (single frame or short frame sheet)","","256x256 per frame","","active ability ""Marked Quarry"" (fires often — visibly smaller than an ultimate)","","Outlaw Havens","","","","","","","","","in-run gameplay","{""archetype"":""recon"",""commanderClass"":""recon"",""biography"":""Hunted salvage claim-jumpers for the havens until the restoration offered better prey: everything the dark sends."",""designBrief"":""Trophy-notched hull plating, one optic permanently zeroed, moves like a slow question.""}"
"holt-thunderline:active-vfx","Petra Holt — Ranging Shot","commander-actives","3","additive","","","VFX (single frame or short frame sheet)","","256x256 per frame","","active ability ""Ranging Shot"" (fires often — visibly smaller than an ultimate)","","Human Alliance","","","","","","","","","in-run gameplay","{""archetype"":""orbitalCommander"",""commanderClass"":""assault"",""biography"":""Commanded the orbital batteries at the Collapse's last stand. Never stopped believing in preparation as a weapon."",""designBrief"":""Battery-command greatcoat, ranging monocle, chalk still on her gloves from the plotting table.""}"
"anders-cipher:active-vfx","Rell Anders — Intrusion Suite","commander-actives","3","additive","","","VFX (single frame or short frame sheet)","","256x256 per frame","","active ability ""Intrusion Suite"" (fires often — visibly smaller than an ultimate)","","Independent","","","","","","","","","in-run gameplay","{""archetype"":""prototypePilot"",""commanderClass"":""experimental"",""biography"":""Speaks four machine dialects and one the Machines pretend not to recognise. Systems open for them like doors."",""designBrief"":""Cable-laced duster, glyph projections orbiting one wrist, never quite looking at you.""}"
"kite-aviary:active-vfx","Suno Kite — Release the Flock","commander-actives","3","additive","","","VFX (single frame or short frame sheet)","","256x256 per frame","","active ability ""Release the Flock"" (fires often — visibly smaller than an ultimate)","","Stellar Nomads","","","","","","","","","in-run gameplay","{""archetype"":""droneCommander"",""commanderClass"":""hybrid"",""biography"":""Raised a flock of salvage drones from junked parts. They follow without being told. Nobody knows how, including Suno."",""designBrief"":""Perch-scarred shoulder plating, a drone always idling at each shoulder like patient birds.""}"
"sel-keystone:active-vfx","Mara Sel — Well Anchor","commander-actives","3","additive","","","VFX (single frame or short frame sheet)","","256x256 per frame","","active ability ""Well Anchor"" (fires often — visibly smaller than an ultimate)","","Independent","","","","","","","","","in-run gameplay","{""archetype"":""voidSpecialist"",""commanderClass"":""experimental"",""biography"":""Survived a gravity-well collapse that should have folded her ship into a point. Came back understanding weight."",""designBrief"":""Counterweighted rig that hangs wrong in every gravity, hair drifting a half-second late.""}"
"vane-chord:active-vfx","Ilex Vane — Resonant Note","commander-actives","3","additive","","","VFX (single frame or short frame sheet)","","256x256 per frame","","active ability ""Resonant Note"" (fires often — visibly smaller than an ultimate)","","Crystal Dominion","","","","","","","","","in-run gameplay","{""archetype"":""crystalSpecialist"",""commanderClass"":""scientist"",""biography"":""The only human the Dominion's ecosystems sing back to. The Ascendancy finds this hilarious, or possibly holy."",""designBrief"":""Lattice-grown plating that chimes when struck, tuning forks where medals would go.""}"
"kael-nadir:active-vfx","Dr. Oshen Kael — Containment Sample","commander-actives","3","additive","","","VFX (single frame or short frame sheet)","","256x256 per frame","","active ability ""Containment Sample"" (fires often — visibly smaller than an ultimate)","","Independent","","","","","","","","","in-run gameplay","{""archetype"":""voidSpecialist"",""commanderClass"":""scientist"",""biography"":""Studies the Void the way you study a predator: from inside the enclosure, taking excellent notes."",""designBrief"":""Containment-grade fieldsuit annotated in grease pencil, sample vials that occasionally move.""}"
"farr-redline:active-vfx","Juno Farr — Test Envelope","commander-actives","3","additive","","","VFX (single frame or short frame sheet)","","256x256 per frame","","active ability ""Test Envelope"" (fires often — visibly smaller than an ultimate)","","Independent","","","","","","","","","in-run gameplay","{""archetype"":""prototypePilot"",""commanderClass"":""experimental"",""biography"":""Test-flew eleven prototypes the Protocol abandoned. Crashed nine. Bonded with the tenth. Nobody discusses the eleventh."",""designBrief"":""Mismatched prototype plating with eleven tally marks, one fresh weld always cooling.""}"
"iman-relay:active-vfx","Sera Iman — Network Ping","commander-actives","3","additive","","","VFX (single frame or short frame sheet)","","256x256 per frame","","active ability ""Network Ping"" (fires often — visibly smaller than an ultimate)","","Human Alliance","","","","","","","","","in-run gameplay","{""archetype"":""support"",""commanderClass"":""support"",""biography"":""Carries an Afterlight key that predates her family's records. The Network's doors open before she knocks."",""designBrief"":""Courier greys with a single precursor-white gauntlet, the key worn openly — a statement.""}"
"korr-wardbreaker:active-vfx","Thessaly Korr — Writ of Cover","commander-actives","3","additive","","","VFX (single frame or short frame sheet)","","256x256 per frame","","active ability ""Writ of Cover"" (fires often — visibly smaller than an ultimate)","","Mercenary Guild","","","","","","","","","in-run gameplay","{""archetype"":""guardian"",""commanderClass"":""defender"",""biography"":""Broke a Guild contract to pull civilians out of a burning evacuation instead of finishing the job she was paid for. The Guild fined her everything she owned. The restoration paid the fine."",""designBrief"":""Guild-issue plate re-forged into personal armour, contract seals filed off, one pauldron left blank on purpose.""}"
"voss-lanternkeep:active-vfx","Dr. Imara Voss — Archive Lantern","commander-actives","3","additive","","","VFX (single frame or short frame sheet)","","256x256 per frame","","active ability ""Archive Lantern"" (fires often — visibly smaller than an ultimate)","","Ancient Custodians","","","","","","","","","in-run gameplay","{""archetype"":""recon"",""commanderClass"":""scientist"",""biography"":""Spent eleven years cataloguing First Light's collapsed archive by hand before the Custodians decided she'd earned the right to read what she'd catalogued. She still asks permission."",""designBrief"":""Archive-whites layered under a Custodian courtesy sash, a hand-lantern clipped at the hip out of habit, never electronic.""}"
"devereux-static:active-vfx","Ash Devereux — Burn the Orders","commander-actives","3","additive","","","VFX (single frame or short frame sheet)","","256x256 per frame","","active ability ""Burn the Orders"" (fires often — visibly smaller than an ultimate)","","Independent","","","","","","","","","in-run gameplay","{""archetype"":""prototypePilot"",""commanderClass"":""experimental"",""biography"":""Flew reconnaissance for the Paragon Protocol until the Protocol reconnoitred a colony that hadn't done anything but exist. Defected mid-flight. Never fully trusts a clean scan again."",""designBrief"":""Stripped Protocol flight suit with every insignia burned off, a single unpatched scorch mark left where the Paragon crest used to sit.""}"
"okafor-halcyon:active-vfx","Rin Okafor — Field Triage","commander-actives","3","additive","","","VFX (single frame or short frame sheet)","","256x256 per frame","","active ability ""Field Triage"" (fires often — visibly smaller than an ultimate)","","Human Alliance","","","","","","","","","in-run gameplay","{""archetype"":""support"",""commanderClass"":""support"",""biography"":""Combat medic who has personally stabilised more restoration personnel than any single ship has lost. Keeps a ledger of names, not casualties. The ledger is longer than the losses."",""designBrief"":""Field-medic whites gone road-worn, a hand-stitched ledger strapped where a sidearm would usually sit.""}"
"ur-sella-chorus:active-vfx","Vantha Ur-Sella — Harmonic Accord","commander-actives","3","additive","","","VFX (single frame or short frame sheet)","","256x256 per frame","","active ability ""Harmonic Accord"" (fires often — visibly smaller than an ultimate)","","Crystal Dominion","","","","","","","","","in-run gameplay","{""archetype"":""crystalSpecialist"",""commanderClass"":""scientist"",""biography"":""Diplomat-scientist who negotiates with the Dominion's resonant ecosystems as readily as with its Ascendancy. Says the crystals were the easier audience."",""designBrief"":""Diplomatic Dominion vestments grown, not sewn, from lattice-silk that shifts colour with her mood.""}"
"kade-fulcrum:active-vfx","Boren Kade — Lattice Splice","commander-actives","3","additive","","","VFX (single frame or short frame sheet)","","256x256 per frame","","active ability ""Lattice Splice"" (fires often — visibly smaller than an ultimate)","","Machine Collective","","","","","","","","","in-run gameplay","{""archetype"":""engineer"",""commanderClass"":""engineer"",""biography"":""The first human the Collective certified as a full integration engineer. Argues the certification runs both ways — the Collective learned something too."",""designBrief"":""Integration-certified exoframe half-machined, half-grown, a visible lattice seam running from wrist to shoulder where the Collective's work meets his own.""}"
"calder-driftline:active-vfx","Yuen Calder — Driftline Scan","commander-actives","3","additive","","","VFX (single frame or short frame sheet)","","256x256 per frame","","active ability ""Driftline Scan"" (fires often — visibly smaller than an ultimate)","","Stellar Nomads","","","","","","","","","in-run gameplay","{""archetype"":""droneCommander"",""commanderClass"":""hybrid"",""biography"":""Grew up navigating by convoy driftlines instead of star charts. Flies scout drones the way older pilots read weather — a sense, not a system."",""designBrief"":""Convoy-drift leathers patched from three different fleets, a scout-drone perch worn smooth at the shoulder from constant use.""}"
"aldana-aftercare:active-vfx","Dr. Petrin Aldana — Aftercare Protocol","commander-actives","3","additive","","","VFX (single frame or short frame sheet)","","256x256 per frame","","active ability ""Aftercare Protocol"" (fires often — visibly smaller than an ultimate)","","Independent","","","","","","","","","in-run gameplay","{""archetype"":""voidSpecialist"",""commanderClass"":""scientist"",""biography"":""Studies what the Void leaves behind in the people who come back from it. Survived contact with an Eclipsed vanguard herself; treats her own case notes with the same clinical honesty as everyone else's."",""designBrief"":""Clinical field-whites worn under a void-rated overcoat, case files bound in the same static-resistant cloth she wears.""}"
"voss-pathfinder:active-vfx","Dr. Lyra Voss — Survey Drone","commander-actives","3","additive","","","VFX (single frame or short frame sheet)","","256x256 per frame","","active ability ""Survey Drone"" (fires often — visibly smaller than an ultimate)","","Afterlight Initiative","","","","","","","","","in-run gameplay","{""archetype"":""recon"",""commanderClass"":""scientist"",""biography"":""An astrophysicist and expedition commander who chose curiosity over conquest — the first to rediscover functioning Afterlight technology after decades of failed expeditions, and the reason humanity started believing the galaxy could be understood again, not just survived."",""designBrief"":""Slim white-and-navy exploration exosuit with gold scientific markings, a long expedition coat, a compact scanning drone perched at the shoulder, an integrated holographic wrist computer, an explorer's backpack, and a blue visor — NASA-inspired equipment throughout.""}"
"kane-vanguard:active-vfx","Adrian Kane — Guardian Barrier","commander-actives","3","additive","","","VFX (single frame or short frame sheet)","","256x256 per frame","","active ability ""Guardian Barrier"" (fires often — visibly smaller than an ultimate)","","United Human Frontier","","","","","","","","","in-run gameplay","{""archetype"":""guardian"",""commanderClass"":""defender"",""biography"":""A fleet commander and veteran officer who held humanity's final defensive lines through the darkest years after the Collapse — refuses, on principle, to abandon a civilian population, no matter the cost to the mission."",""designBrief"":""Heavy dark-graphite command armour with white military markings and blue command lights, a long reinforced officer's coat, a mechanical left arm, a command visor, decorated service medals, and a battle-worn finish that has clearly seen every one of them.""}"
"ryker-engineer:active-vfx","Elias Ryker — Auto Turret","commander-actives","3","additive","","","VFX (single frame or short frame sheet)","","256x256 per frame","","active ability ""Auto Turret"" (fires often — visibly smaller than an ultimate)","","Afterlight Initiative","","","","","","","","","in-run gameplay","{""archetype"":""engineer"",""commanderClass"":""engineer"",""biography"":""A systems engineer, prototype designer, and chief recovery technician who helped rebuild dozens of frontier colonies after the Collapse — trained at Atlas Dynamics, and still argues their hardpoint lattice was the last honest piece of engineering they shipped."",""designBrief"":""Heavy industrial exosuit in dark steel with orange utility lights, a mechanical backpack with integrated fabrication arms, deployable tool drones at the hip, a protective visor, numerous repair tools, and a compact fabrication printer he's clearly used mid-fight before.""}"
"cael-weaver:active-vfx","Seraphina Cael — Quantum Anchor","commander-actives","3","additive","","","VFX (single frame or short frame sheet)","","256x256 per frame","","active ability ""Quantum Anchor"" (fires often — visibly smaller than an ultimate)","","Afterlight Initiative","","","","","","","","","in-run gameplay","{""archetype"":""voidSpecialist"",""commanderClass"":""experimental"",""biography"":""A quantum physicist, reality research specialist, and experimental systems director who became the first scientist to stabilise an artificial quantum singularity after the Collapse — trained at the Helios Quantum Institute, with ties to Quantum Horizon that she describes, cheerfully, as 'mutual professional obsession.'"",""designBrief"":""A white adaptive quantum suit with gold energy channels, floating holographic rings, and gravity stabilisers; white hair tied back, blue quantum eyes, a fractal energy cloak, and quantum particles that orbit her continuously — an elegant, unmistakably scientific silhouette.""}"
"drake-hunter:active-vfx","Kael Drake — Hunter Drone","commander-actives","3","additive","","","VFX (single frame or short frame sheet)","","256x256 per frame","","active ability ""Hunter Drone"" (fires often — visibly smaller than an ultimate)","","Independent Frontier Rangers","","","","","","","","","in-run gameplay","{""archetype"":""recon"",""commanderClass"":""recon"",""biography"":""A frontier tracker, elite recon specialist, and xeno hunter who spent decades protecting isolated colonies by studying threats long before they reached anyone — allied with the Afterlight Initiative, though he still answers to the Rangers first."",""designBrief"":""Light reconnaissance armour in dark forest green and graphite, an adaptive camouflage cloak, a compact tactical backpack, a retractable targeting visor, a biometric gauntlet, a magnetic utility belt, and a long-range sensor drone — every piece of it battle-scarred.""}"
"sol-resonant:active-vfx","Aria Sol — Crystal Pulse","commander-actives","3","additive","","","VFX (single frame or short frame sheet)","","256x256 per frame","","active ability ""Crystal Pulse"" (fires often — visibly smaller than an ultimate)","","Crystal Ascendancy","","","","","","","","","in-run gameplay","{""archetype"":""crystalSpecialist"",""commanderClass"":""support"",""biography"":""A resonance physicist, crystal harmonics specialist, and energy systems architect who led the rediscovery of resonance engineering after recovering surviving Crystal Ascendancy archives — allied with the Afterlight Initiative, and still describes her own work as 'conducting an orchestra that was already playing.'"",""designBrief"":""An elegant crystal-lined combat suit in pearlescent white with cyan resonance veins, a floating crystalline halo, holographic waveform ribbons, a lightweight scientific cloak, crystal gauntlets, a luminescent visor, and soft energy trails that follow every movement.""}"
"vale-voidrunner:active-vfx","Orion Vale — Phase Step","commander-actives","3","additive","","","VFX (single frame or short frame sheet)","","256x256 per frame","","active ability ""Phase Step"" (fires often — visibly smaller than an ultimate)","","Afterlight Initiative","","","","","","","","","in-run gameplay","{""archetype"":""voidSpecialist"",""commanderClass"":""experimental"",""biography"":""A void expedition specialist, dimensional navigator, and reality recovery operative who volunteered for humanity's first successful expeditions into permanent Void anomalies after witnessing countless failed rescue attempts — believes someone must willingly walk into darkness so others never have to."",""designBrief"":""Black adaptive void armour with deep violet energy veins, a floating fractured cloak, a distorted helmet visor, micro-singularity stabilisers, dark energy gauntlets, subtle gravitational lensing, and reality fractures that appear around his every movement.""}"
"iskander-swarmmaster:active-vfx","Nova Iskander — Drone Deployment Matrix","commander-actives","3","additive","","","VFX (single frame or short frame sheet)","","256x256 per frame","","active ability ""Drone Deployment Matrix"" (fires often — visibly smaller than an ultimate)","","Afterlight Initiative","","","","","","","","","in-run gameplay","{""archetype"":""droneCommander"",""commanderClass"":""hybrid"",""biography"":""A drone fleet commander, autonomous systems engineer, and swarm intelligence architect who pioneered humanity's first ethical autonomous combat framework after the Collapse — believes automation should preserve life, never replace it."",""designBrief"":""A white tactical command suit over a graphite exoskeleton with blue command lights, a floating holographic drone interface, mechanical shoulder drones, a compact command visor, adaptive control gauntlets, and orbiting utility drones — a minimalist engineering aesthetic throughout.""}"
"thorne-starforged:active-vfx","Cassia Thorne — Thermal Overdrive","commander-actives","3","additive","","","VFX (single frame or short frame sheet)","","256x256 per frame","","active ability ""Thermal Overdrive"" (fires often — visibly smaller than an ultimate)","","Atlas Dynamics","","","","","","","","","in-run gameplay","{""archetype"":""engineer"",""commanderClass"":""engineer"",""biography"":""Atlas Dynamics' Chief Weapons Architect, an experimental metallurgist and industrial commander who rebuilt humanity's first orbital forge complex after the Collapse — she believes true strength is earned through relentless refinement, never granted."",""designBrief"":""Heavy industrial combat armour in dark titanium plating with molten orange energy vents, forging gauntlets, a thermal reactor backpack, heat exhaust vents, a magnetic tool harness, and a glowing forge hammer emblem — an unmistakably industrial silhouette.""}"
"vex-chronomancer:active-vfx","Aurelion Vex — Time Fracture","commander-actives","3","additive","","","VFX (single frame or short frame sheet)","","256x256 per frame","","active ability ""Time Fracture"" (fires often — visibly smaller than an ultimate)","","Afterlight Initiative","","","","","","","","","in-run gameplay","{""archetype"":""recon"",""commanderClass"":""support"",""biography"":""A temporal physicist, chrono expedition specialist, and Timeline Recovery Director who led humanity's first successful expedition through a naturally occurring temporal fracture — he understands that changing history always carries a cost, and refuses to rewrite lives for personal gain."",""designBrief"":""White and silver temporal armour with floating clockwork rings, blue temporal energy, a golden chronometer core, a transparent flowing cloak, fractal clock fragments, and an elegant scientific silhouette — time distortion surrounds his every movement.""}"
"ash-tempest:active-vfx","Valen Ash — Lightning Spear","commander-actives","3","additive","","","VFX (single frame or short frame sheet)","","256x256 per frame","","active ability ""Lightning Spear"" (fires often — visibly smaller than an ultimate)","","Afterlight Initiative","","","","","","","","","in-run gameplay","{""archetype"":""orbitalCommander"",""commanderClass"":""assault"",""biography"":""An atmospheric physicist, weather systems commander, and disaster response specialist who became the first commander to safely stabilise an artificial planetary weather network after the Collapse — he believes nature is never the enemy, only a failure to understand it."",""designBrief"":""White storm armour with electric blue energy veins, a flowing weather cloak, a lightning reactor backpack, floating atmospheric sensors, crackling gauntlets, and a blue-white visor — static electricity constantly dances across the armour.""}"
"korven-phantom:active-vfx","Nyx Korven — Optical Cloak","commander-actives","3","additive","","","VFX (single frame or short frame sheet)","","256x256 per frame","","active ability ""Optical Cloak"" (fires often — visibly smaller than an ultimate)","","Afterlight Initiative","","","","","","","","","in-run gameplay","{""archetype"":""recon"",""commanderClass"":""recon"",""biography"":""An infiltration specialist, recon commander, and counter-intelligence operative who rebuilt humanity's fractured intelligence network after the Collapse — she avoids unnecessary conflict, believing her greatest victories are the battles that never happen."",""designBrief"":""Adaptive black stealth armour with dark violet energy lines, an active camouflage cloak, a retractable optical visor, a low-profile tactical harness, and a silenced propulsion pack — minimal lighting throughout, with glitch-like distortion trailing every movement.""}"
"syn-bioforge:active-vfx","Dr. Mira Syn — Living Bloom","commander-actives","3","additive","","","VFX (single frame or short frame sheet)","","256x256 per frame","","active ability ""Living Bloom"" (fires often — visibly smaller than an ultimate)","","Afterlight Initiative","","","","","","","","","in-run gameplay","{""archetype"":""support"",""commanderClass"":""scientist"",""biography"":""A bioengineer, genetic systems director, and xenobiology specialist who rebuilt humanity's lost xenobiology programme after recovering intact genetic archives from forgotten colonies — she believes every living organism deserves understanding before judgement."",""designBrief"":""A white biological research suit with emerald energy veins, living bio-organic shoulder armour, floating DNA holograms, adaptive vine-like gauntlets, a portable laboratory backpack, and a luminescent green visor — subtle organic growths integrated throughout her equipment.""}"
"solari-photon:active-vfx","Rhea Solari — Photon Lance","commander-actives","3","additive","","","VFX (single frame or short frame sheet)","","256x256 per frame","","active ability ""Photon Lance"" (fires often — visibly smaller than an ultimate)","","Afterlight Initiative","","","","","","","","","in-run gameplay","{""archetype"":""assault"",""commanderClass"":""scientist"",""biography"":""A photon systems scientist, energy weapons specialist, and stellar array commander who restored humanity's first functioning stellar energy array after the Collapse — she believes every sunrise proves humanity deserves another chance."",""designBrief"":""A brilliant white combat suit with gold solar plating, radiant energy wings, floating solar mirrors, a golden visor, photon gauntlets, and a solar reactor backpack — constant shimmering light follows every movement.""}"
"kain-singularity:active-vfx","Zephyr Kain — Gravity Well","commander-actives","3","additive","","","VFX (single frame or short frame sheet)","","256x256 per frame","","active ability ""Gravity Well"" (fires often — visibly smaller than an ultimate)","","Afterlight Initiative","","","","","","","","","in-run gameplay","{""archetype"":""prototypePilot"",""commanderClass"":""scientist"",""biography"":""A gravitational physicist, singularity engineer, and black hole navigation specialist who led the first successful expedition into the event horizon of a stable artificial singularity — he believes gravity is the universe's oldest language."",""designBrief"":""Midnight-black research armour with gold gravitational rings orbiting his torso, a deep violet singularity core, a distorted cloak, a gravity lens visor, and micro-black-hole stabilisers — floating debris slowly orbits him at all times.""}"
"reyes-warden:active-vfx","Astrid Reyes — Guardian Dome","commander-actives","3","additive","","","VFX (single frame or short frame sheet)","","256x256 per frame","","active ability ""Guardian Dome"" (fires often — visibly smaller than an ultimate)","","Afterlight Initiative","","","","","","","","","in-run gameplay","{""archetype"":""support"",""commanderClass"":""hybrid"",""biography"":""A civil defence commander, emergency response director, and planetary guardian who became the face of humanity's Civil Defence Corps after the Collapse — she believes the greatest victory is bringing everyone home alive."",""designBrief"":""A heavy rescue exosuit in white ceramic armour with gold emergency markings, blue shield emitters, expandable rescue drones, a medical backpack, an integrated command visor, a protective energy mantle, and the Civil Defence insignia worn plainly.""}"
"orion-starlancer:active-vfx","Lucien Orion — Star Dash","commander-actives","3","additive","","","VFX (single frame or short frame sheet)","","256x256 per frame","","active ability ""Star Dash"" (fires often — visibly smaller than an ultimate)","","Afterlight Initiative","","","","","","","","","in-run gameplay","{""archetype"":""assault"",""commanderClass"":""assault"",""biography"":""A strike commander, experimental flight specialist, and deep space interceptor pilot who became the first pilot to successfully survive repeated flights through unstable prototype jump corridors — he believes hesitation is the only true enemy."",""designBrief"":""Aerodynamic white combat armour with blue plasma fins, retractable thruster wings, magnetic flight stabilisers, a streamlined visor, a star-blue reactor core, glowing propulsion vents, and a long asymmetric flight coat.""}"
"volkov-titan:active-vfx","Ivan Volkov — Titan Charge","commander-actives","3","additive","","","VFX (single frame or short frame sheet)","","256x256 per frame","","active ability ""Titan Charge"" (fires often — visibly smaller than an ultimate)","","Afterlight Initiative","","","","","","","","","in-run gameplay","{""archetype"":""engineer"",""commanderClass"":""assault"",""biography"":""A heavy assault commander, siege operations director, and planetary defence specialist who commanded humanity's largest planetary defence operations during the reconstruction era — he believes true strength exists only to protect those who cannot defend themselves."",""designBrief"":""A massive reinforced exosuit in titanium-grey armour with gold reinforced plating, gigantic shoulder reactors, heavy magnetic boots, integrated shield emitters, industrial hazard markings, and a blue reactor core — a towering silhouette wherever he stands.""}"
"myrr-oracle:active-vfx","Selene Myrr — Tactical Projection","commander-actives","3","additive","","","VFX (single frame or short frame sheet)","","256x256 per frame","","active ability ""Tactical Projection"" (fires often — visibly smaller than an ultimate)","","Afterlight Initiative","","","","","","","","","in-run gameplay","{""archetype"":""support"",""commanderClass"":""support"",""biography"":""A strategic forecast scientist, battlefield simulation director, and predictive systems architect who rebuilt humanity's predictive analytics systems using recovered Afterlight computational arrays — she believes perfect preparation saves more lives than perfect weapons."",""designBrief"":""An elegant white command suit with silver neural circuitry, floating holographic prediction rings, a transparent tactical cloak, a blue quantum visor, orbiting tactical drones, and predictive holo-displays — a minimalist scientific aesthetic throughout.""}"
"nova-architect:active-vfx","Caelus Nova — Rapid Fabrication","commander-actives","3","additive","","","VFX (single frame or short frame sheet)","","256x256 per frame","","active ability ""Rapid Fabrication"" (fires often — visibly smaller than an ultimate)","","Atlas Dynamics","","","","","","","","","in-run gameplay","{""archetype"":""orbitalCommander"",""commanderClass"":""support"",""biography"":""A megastructure engineer, orbital construction director, and stellar infrastructure commander who became the chief architect behind humanity's post-Collapse reconstruction programme — he believes civilisation is humanity's greatest invention, and every rebuilt structure is proof that hope survives."",""designBrief"":""A white industrial exosuit with graphite structural plating, gold engineering markings, floating holographic blueprint arrays, mechanical construction arms, adaptive fabrication gauntlets, a blueprint projector backpack, and an architectural visor — orbiting construction drones accompany him everywhere.""}"
"vega-echo:active-vfx","Talia Vega — Resonance Pulse","commander-actives","3","additive","","","VFX (single frame or short frame sheet)","","256x256 per frame","","active ability ""Resonance Pulse"" (fires often — visibly smaller than an ultimate)","","Afterlight Initiative","","","","","","","","","in-run gameplay","{""archetype"":""crystalSpecialist"",""commanderClass"":""scientist"",""biography"":""A signal intelligence specialist, acoustic physicist, and deep space communications commander who restored the fragmented interstellar communications infrastructure that had remained silent since the Collapse — she believes silence contains more information than noise."",""designBrief"":""Slim white reconnaissance armour with turquoise resonance circuitry, circular shoulder emitters, a waveform visor, floating signal receivers, an adaptive communication pack, and concentric energy rings — an elegant scientific silhouette throughout.""}"
"rhem-catalyst:active-vfx","Darius Rhem — Catalytic Charge","commander-actives","3","additive","","","VFX (single frame or short frame sheet)","","256x256 per frame","","active ability ""Catalytic Charge"" (fires often — visibly smaller than an ultimate)","","Afterlight Initiative","","","","","","","","","in-run gameplay","{""archetype"":""prototypePilot"",""commanderClass"":""experimental"",""biography"":""A reaction systems scientist, chain-reaction specialist, and energy cascade researcher who pioneered safe chain-reaction engineering after preventing one of the largest post-Collapse reactor failures in recorded history — he believes the smallest action can reshape an entire civilisation."",""designBrief"":""A white experimental combat suit with amber energy conduits, reactive plasma coils, floating catalyst spheres, scientific gauntlets, an adaptive reaction backpack, and a bright orange reactor core — particle emitters orbit him constantly.""}"
"ross-horizon:active-vfx","Eliana Ross — Survey Beacon","commander-actives","3","additive","","","VFX (single frame or short frame sheet)","","256x256 per frame","","active ability ""Survey Beacon"" (fires often — visibly smaller than an ultimate)","","Afterlight Initiative","","","","","","","","","in-run gameplay","{""archetype"":""droneCommander"",""commanderClass"":""support"",""biography"":""A long-range expedition commander, planetary survey director, and colonisation specialist who commanded the first successful post-Collapse deep-space colonisation programme — she believes humanity's future will always exist just beyond the next horizon."",""designBrief"":""White expedition armour with sand-gold expedition markings, a long exploration cloak, a terrain analysis visor, portable survey drones, a planetary mapping backpack, adaptive climbing equipment, and blue atmospheric sensors — an unmistakable explorer silhouette.""}"
"solace-diplomat:active-vfx","Kieran Solace — Peace Accord","commander-actives","3","additive","","","VFX (single frame or short frame sheet)","","256x256 per frame","","active ability ""Peace Accord"" (fires often — visibly smaller than an ultimate)","","Afterlight Initiative","","","","","","","","","in-run gameplay","{""archetype"":""crystalSpecialist"",""commanderClass"":""defender"",""biography"":""A chief diplomatic envoy, conflict resolution director, and first contact specialist who negotiated the first lasting interstellar alliance following the Collapse — he believes lasting peace requires courage equal to warfare."",""designBrief"":""An elegant white diplomatic uniform with gold ceremonial armour, a blue illuminated insignia, a holographic translation device, a compact negotiation interface, a light ceremonial cape, and minimal defensive plating — orbiting diplomatic drones accompany him at all times.""}"
"oris-nanoforge:active-vfx","Xanthe Oris — Nanite Swarm","commander-actives","3","additive","","","VFX (single frame or short frame sheet)","","256x256 per frame","","active ability ""Nanite Swarm"" (fires often — visibly smaller than an ultimate)","","Afterlight Initiative","","","","","","","","","in-run gameplay","{""archetype"":""guardian"",""commanderClass"":""experimental"",""biography"":""A nanotechnology engineer, adaptive materials scientist, and matter reconstruction specialist who perfected safe programmable matter after decades of failed experiments — she believes perfection is not a destination, it is continuous adaptation."",""designBrief"":""Pearlescent adaptive armour with silver nanite swarms flowing beneath transparent plating, floating construction particles, morphing gauntlets, a programmable cloak, a blue-white nanite reactor, a dynamic helmet visor, and constant microscopic surface movement.""}"
"drake-sentinel:active-vfx","Ronan Drake — Interceptor Grid","commander-actives","3","additive","","","VFX (single frame or short frame sheet)","","256x256 per frame","","active ability ""Interceptor Grid"" (fires often — visibly smaller than an ultimate)","","Afterlight Initiative","","","","","","","","","in-run gameplay","{""archetype"":""orbitalCommander"",""commanderClass"":""recon"",""biography"":""A perimeter defence commander, orbital security director, and threat assessment specialist who protected humanity's first restored core systems after the Collapse — he believes the best defence is one nobody notices because it never fails."",""designBrief"":""White tactical defence armour with dark graphite reinforcement, blue defensive energy nodes, an orbital targeting visor, deployable defence pylons, a compact radar backpack, integrated shield emitters, and floating interceptor drones.""}"
"helix-alchemist:active-vfx","Sora Helix — Elemental Injector","commander-actives","3","additive","","","VFX (single frame or short frame sheet)","","256x256 per frame","","active ability ""Elemental Injector"" (fires often — visibly smaller than an ultimate)","","Afterlight Initiative","","","","","","","","","in-run gameplay","{""archetype"":""engineer"",""commanderClass"":""scientist"",""biography"":""An experimental chemist, elemental reaction scientist, and hazard systems specialist who revolutionised applied chemistry after the Collapse — she treats every battlefield as a scientific laboratory."",""designBrief"":""An adaptive white research coat with amber chemical reservoirs, transparent reagent canisters, a multi-spectrum visor, mechanical synthesis gauntlets, portable analysis drones, a colour-changing reactor core, and a scientific expedition harness.""}"
"fen-beastmaster:active-vfx","Dorian Fen — Call Companion","commander-actives","3","additive","","","VFX (single frame or short frame sheet)","","256x256 per frame","","active ability ""Call Companion"" (fires often — visibly smaller than an ultimate)","","Afterlight Initiative","","","","","","","","","in-run gameplay","{""archetype"":""droneCommander"",""commanderClass"":""hybrid"",""biography"":""A xenobiologist, wildlife handler, and ecological restoration commander who rebuilt humanity's relationship with alien ecosystems by proving that native species could become trusted expedition partners rather than obstacles — he believes every species deserves coexistence before conflict."",""designBrief"":""White frontier ranger armour with an emerald expedition cloak, a living bio-scanner, a creature command gauntlet, a portable habitat pack, adaptive survival equipment, a wildlife tracking visor, and a small companion that constantly accompanies him.""}"
"noctis-voidwalker:active-vfx","Vega Noctis — Phase Step","commander-actives","3","additive","","","VFX (single frame or short frame sheet)","","256x256 per frame","","active ability ""Phase Step"" (fires often — visibly smaller than an ultimate)","","Afterlight Initiative","","","","","","","","","in-run gameplay","{""archetype"":""voidSpecialist"",""commanderClass"":""experimental"",""biography"":""An anomaly navigator, deep void explorer, and reality boundary specialist who became the first explorer to successfully navigate and return from the expanding dimensional fractures that appeared after the Collapse — she has stared into the emptiness long enough to understand that hope shines brightest where light cannot reach."",""designBrief"":""Midnight-black adaptive armour with deep violet energy veins, a shifting starfield cloak, floating void crystals, a fractured visor, gravitational distortion surrounding her movement, small galaxies visible within her armour plating, and a dark silhouette with brilliant cosmic highlights.""}"
"aether-celestial:active-vfx","Lysandra Aether — Starfall","commander-actives","3","additive","","","VFX (single frame or short frame sheet)","","256x256 per frame","","active ability ""Starfall"" (fires often — visibly smaller than an ultimate)","","Afterlight Initiative","","","","","","","","","in-run gameplay","{""archetype"":""orbitalCommander"",""commanderClass"":""hybrid"",""biography"":""An astrophysicist, celestial navigation director, and cosmic energy research commander who restored the forgotten network of ancient observatories that once united humanity's earliest interstellar explorers — she believes humanity was never meant to conquer the stars, only to become worthy of them."",""designBrief"":""Flowing white ceremonial armour with gold celestial trim, an animated constellation cloak, orbiting miniature stars, a living galaxy halo, a solar crown, cosmic energy wings, and a deep blue crystal visor — every movement leaves constellations behind.""}"
"prime-founder:active-vfx","Atlas Prime — Command Protocol","commander-actives","3","additive","","","VFX (single frame or short frame sheet)","","256x256 per frame","","active ability ""Command Protocol"" (fires often — visibly smaller than an ultimate)","","The First Expedition","","","","","","","","","in-run gameplay","{""archetype"":""guardian"",""commanderClass"":""hybrid"",""biography"":""The first expedition commander, architect of humanity's survival, and founder of the Afterlight Network, revived after more than four centuries in cryostasis — he never sought greatness; he simply refused to let humanity disappear."",""designBrief"":""Ancient white expedition armour with worn gold trim, the original Atlas insignia, visible repairs accumulated over centuries, a simple command cloak, and a prototype reactor — no unnecessary ornamentation; his appearance reflects history rather than power.""}"
"elite-reward-xp-crystal:vfx","Large XP Crystal","elite-reward-vfx","3","additive","","","VFX (single frame or short frame sheet)","","256x256 per frame","","elite-reward grant ""Large XP Crystal""","A single, oversized XP pickup.","","","","","","","","","","in-run gameplay","{""frequency"":""one per Elite kill — bold, brief, celebratory""}"
"elite-reward-xp-magnet:vfx","XP Magnet","elite-reward-vfx","3","additive","","","VFX (single frame or short frame sheet)","","256x256 per frame","","elite-reward grant ""XP Magnet""","Every XP gem on the field flies to you at once.","","","","","","","","","","in-run gameplay","{""frequency"":""one per Elite kill — bold, brief, celebratory""}"
"elite-reward-screen-clear:vfx","Screen Clear","elite-reward-vfx","3","additive","","","VFX (single frame or short frame sheet)","","256x256 per frame","","elite-reward grant ""Screen Clear""","A shockwave scours every enemy nearby.","","","","","","","","","","in-run gameplay","{""frequency"":""one per Elite kill — bold, brief, celebratory""}"
"elite-reward-screen-stun:vfx","Screen Stun","elite-reward-vfx","3","additive","","","VFX (single frame or short frame sheet)","","256x256 per frame","","elite-reward grant ""Screen Stun""","Every enemy nearby locks up.","","","","","","","","","","in-run gameplay","{""frequency"":""one per Elite kill — bold, brief, celebratory""}"
"elite-reward-rare-cache:vfx","Rare Cache","elite-reward-vfx","3","additive","","","VFX (single frame or short frame sheet)","","256x256 per frame","","elite-reward grant ""Rare Cache""","A guaranteed Epic-or-better cache.","","","","","","","","","","in-run gameplay","{""frequency"":""one per Elite kill — bold, brief, celebratory""}"
"elite-reward-epic-upgrade:vfx","Epic Upgrade","elite-reward-vfx","3","additive","","","VFX (single frame or short frame sheet)","","256x256 per frame","","elite-reward grant ""Epic Upgrade""","An extra build choice, applied instantly.","","","","","","","","","","in-run gameplay","{""frequency"":""one per Elite kill — bold, brief, celebratory""}"
"elite-reward-legendary-chance:vfx","Legendary Chance","elite-reward-vfx","3","additive","","","VFX (single frame or short frame sheet)","","256x256 per frame","","elite-reward grant ""Legendary Chance""","A real shot at a Legendary drop.","","","","","","","","","","in-run gameplay","{""frequency"":""one per Elite kill — bold, brief, celebratory""}"
"elite-reward-temporary-ally:vfx","Temporary Ally","elite-reward-vfx","3","additive","","","VFX (single frame or short frame sheet)","","256x256 per frame","","elite-reward grant ""Temporary Ally""","An escort strike hits nearby enemies for a few seconds.","","","","","","","","","","in-run gameplay","{""frequency"":""one per Elite kill — bold, brief, celebratory""}"
"elite-reward-repair-drone:vfx","Repair Drone","elite-reward-vfx","3","additive","","","VFX (single frame or short frame sheet)","","256x256 per frame","","elite-reward grant ""Repair Drone""","A field repair, ticking hull back for a few seconds.","","","","","","","","","","in-run gameplay","{""frequency"":""one per Elite kill — bold, brief, celebratory""}"
"elite-reward-atlas-fragment:vfx","Atlas Fragment","elite-reward-vfx","3","additive","","","VFX (single frame or short frame sheet)","","256x256 per frame","","elite-reward grant ""Atlas Fragment""","A fragment of the Atlas, recovered intact.","","","","","","","","","","in-run gameplay","{""frequency"":""one per Elite kill — bold, brief, celebratory""}"
"elite-reward-ultra-rare-event:vfx","Ultra Rare Event Trigger","elite-reward-vfx","3","additive","","","VFX (single frame or short frame sheet)","","256x256 per frame","","elite-reward grant ""Ultra Rare Event Trigger""","Something the galaxy rarely allows fires immediately.","","","","","","","","","","in-run gameplay","{""frequency"":""one per Elite kill — bold, brief, celebratory""}"
"wave-reward-patch-kit:vfx","Patch Kit","wave-reward-vfx","3","additive","","","VFX (single frame or short frame sheet)","","256x256 per frame","","wave-reward grant ""Patch Kit""","Restores hull.","","","","","","","","","","in-run gameplay","{""rewardCategory"":""healing"",""frequency"":""every wave landing — small and ambient, must never interrupt play""}"
"wave-reward-salvage-haul:vfx","Salvage Haul","wave-reward-vfx","3","additive","","","VFX (single frame or short frame sheet)","","256x256 per frame","","wave-reward grant ""Salvage Haul""","A handful of credits.","","","","","","","","","","in-run gameplay","{""rewardCategory"":""economy"",""frequency"":""every wave landing — small and ambient, must never interrupt play""}"
"wave-reward-wide-scanner:vfx","Wide Scanner","wave-reward-vfx","3","additive","","","VFX (single frame or short frame sheet)","","256x256 per frame","","wave-reward grant ""Wide Scanner""","Extends pickup radius.","","","","","","","","","","in-run gameplay","{""rewardCategory"":""utility"",""frequency"":""every wave landing — small and ambient, must never interrupt play""}"
"wave-reward-coil-tune:vfx","Coil Tune","wave-reward-vfx","3","additive","","","VFX (single frame or short frame sheet)","","256x256 per frame","","wave-reward grant ""Coil Tune""","Raises weapon damage.","","","","","","","","","","in-run gameplay","{""rewardCategory"":""weaponImprovement"",""frequency"":""every wave landing — small and ambient, must never interrupt play""}"
"wave-reward-field-primer:vfx","Field Primer","wave-reward-vfx","3","additive","","","VFX (single frame or short frame sheet)","","256x256 per frame","","wave-reward grant ""Field Primer""","An extra passive, applied instantly.","","","","","","","","","","in-run gameplay","{""rewardCategory"":""passiveImprovement"",""frequency"":""every wave landing — small and ambient, must never interrupt play""}"
"wave-reward-second-look:vfx","Second Look","wave-reward-vfx","3","additive","","","VFX (single frame or short frame sheet)","","256x256 per frame","","wave-reward grant ""Second Look""","Rerolls your next level-up offer for free.","","","","","","","","","","in-run gameplay","{""rewardCategory"":""rerolls"",""frequency"":""every wave landing — small and ambient, must never interrupt play""}"
"wave-reward-atlas-cache:vfx","Atlas Cache","wave-reward-vfx","3","additive","","","VFX (single frame or short frame sheet)","","256x256 per frame","","wave-reward grant ""Atlas Cache""","A small Atlas Fragment cache.","","","","","","","","","","in-run gameplay","{""rewardCategory"":""atlasCache"",""frequency"":""every wave landing — small and ambient, must never interrupt play""}"
"wave-reward-overdrive:vfx","Overdrive","wave-reward-vfx","3","additive","","","VFX (single frame or short frame sheet)","","256x256 per frame","","wave-reward grant ""Overdrive""","A brief burst of movement speed.","","","","","","","","","","in-run gameplay","{""rewardCategory"":""temporaryBuff"",""frequency"":""every wave landing — small and ambient, must never interrupt play""}"
"faction-emblem:crystalDominion","Crystal Dominion","faction-emblems","3","keyed","magenta","no magenta anywhere in this sprite's palette (magenta-keyed)","icon","centered, transparent background","128x128","","faction emblem ""Crystal Dominion""","","","#8a5cf5 / #c9a6ff / #e0c3ff (UI accent #b083ff)","faceted refraction on every surface; grown crystal, no seams; cool violet glow","","","","","","","reputation UI, mission briefings, codex",""
"faction-emblem:machineCollective","Machine Collective","faction-emblems","3","keyed","green","no green anywhere in this sprite's palette (green-keyed; see directive.colourLaw for substitutions)","icon","centered, transparent background","128x128","","faction emblem ""Machine Collective""","","","#3d4d5c / #7fa8bf / #4dd9ff (UI accent #5ce1e6)","hex-tiled surfaces, visible seams; fractal foundry block, matte metal; cold blue-grey utility light","","","","","","","reputation UI, mission briefings, codex",""
"faction-emblem:humanAlliance","Human Alliance","faction-emblems","3","keyed","green","no green anywhere in this sprite's palette (green-keyed; see directive.colourLaw for substitutions)","icon","centered, transparent background","128x128","","faction emblem ""Human Alliance""","","","#d9a13d / #f2d38a / #ffbf4d (UI accent #ffd27f)","patchwork panels, visible rivets; modular ceramic, repaired plating; warm reconstructed-relay amber","","","","","","","reputation UI, mission briefings, codex",""
"faction-emblem:mercenaryGuild","Mercenary Guild","faction-emblems","3","keyed","green","no green anywhere in this sprite's palette (green-keyed; see directive.colourLaw for substitutions)","icon","centered, transparent background","128x128","","faction emblem ""Mercenary Guild""","","","#8c2f2f / #c96a4d / #ff7a3d (UI accent #ff9166)","stencilled serials, camera coverage; armoured salvage, mismatched hulls; harsh dock-bay floodlight","","","","","","","reputation UI, mission briefings, codex",""
"faction-emblem:ancientCustodians","Ancient Custodians","faction-emblems","3","keyed","green","no green anywhere in this sprite's palette (green-keyed; see directive.colourLaw for substitutions)","icon","centered, transparent background","128x128","","faction emblem ""Ancient Custodians""","","","#e8e2d0 / #c9a84d / #fff2b3 (UI accent #e0c76b)","geometry that predates its visitors; white stone alloy, gold conduit; standing gold-white glow","","","","","","","reputation UI, mission briefings, codex",""
"faction-emblem:nomadFleet","Stellar Nomads","faction-emblems","3","keyed","green","no green anywhere in this sprite's palette (green-keyed; see directive.colourLaw for substitutions)","icon","centered, transparent background","128x128","","faction emblem ""Stellar Nomads""","","","#5c7a8c / #a3b8a6 / #c9d98c (UI accent #9fc98c)","silhouette recomposed every season; lashed hull plate, patched armour; convoy running-lights, mismatched","","","","","","","reputation UI, mission briefings, codex",""
"research-node:focused-lattice","Focused Lattice","research-nodes","3","keyed","green","no green anywhere in this sprite's palette (green-keyed; see directive.colourLaw for substitutions)","icon","centered, transparent background","128x128","","research node ""Focused Lattice""","","","","","","","","","","","research tree (GalaxyCommand)","{""researchCategory"":""weaponTechnology"",""tier"":1,""nodeType"":""passiveBonus""}"
"research-node:coherent-beams","Coherent Beams","research-nodes","3","keyed","green","no green anywhere in this sprite's palette (green-keyed; see directive.colourLaw for substitutions)","icon","centered, transparent background","128x128","","research node ""Coherent Beams""","","","","","","","","","","","research tree (GalaxyCommand)","{""researchCategory"":""weaponTechnology"",""tier"":2,""nodeType"":""passiveBonus""}"
"research-node:harmonic-overload","Harmonic Overload","research-nodes","3","keyed","green","no green anywhere in this sprite's palette (green-keyed; see directive.colourLaw for substitutions)","icon","centered, transparent background","128x128","","research node ""Harmonic Overload""","","","","","","","","","","","research tree (GalaxyCommand)","{""researchCategory"":""weaponTechnology"",""tier"":3,""nodeType"":""newMechanic""}"
"research-node:field-dynamics","Field Dynamics","research-nodes","3","keyed","green","no green anywhere in this sprite's palette (green-keyed; see directive.colourLaw for substitutions)","icon","centered, transparent background","128x128","","research node ""Field Dynamics""","","","","","","","","","","","research tree (GalaxyCommand)","{""researchCategory"":""energySystems"",""tier"":1,""nodeType"":""passiveBonus""}"
"research-node:resonant-collectors","Resonant Collectors","research-nodes","3","keyed","green","no green anywhere in this sprite's palette (green-keyed; see directive.colourLaw for substitutions)","icon","centered, transparent background","128x128","","research node ""Resonant Collectors""","","","","","","","","","","","research tree (GalaxyCommand)","{""researchCategory"":""energySystems"",""tier"":2,""nodeType"":""passiveBonus""}"
"research-node:survey-protocols","Survey Protocols","research-nodes","3","keyed","green","no green anywhere in this sprite's palette (green-keyed; see directive.colourLaw for substitutions)","icon","centered, transparent background","128x128","","research node ""Survey Protocols""","","","","","","","","","","","research tree (GalaxyCommand)","{""researchCategory"":""exploration"",""tier"":1,""nodeType"":""passiveBonus""}"
"research-node:deep-scanning","Deep Scanning","research-nodes","3","keyed","green","no green anywhere in this sprite's palette (green-keyed; see directive.colourLaw for substitutions)","icon","centered, transparent background","128x128","","research node ""Deep Scanning""","","","","","","","","","","","research tree (GalaxyCommand)","{""researchCategory"":""exploration"",""tier"":2,""nodeType"":""featureUnlock""}"
"research-node:unified-theory","Unified Theory","research-nodes","3","keyed","green","no green anywhere in this sprite's palette (green-keyed; see directive.colourLaw for substitutions)","icon","centered, transparent background","128x128","","research node ""Unified Theory""","","","","","","","","","","","research tree (GalaxyCommand)","{""researchCategory"":""ancientTechnology"",""tier"":3,""nodeType"":""featureUnlock""}"
"research-node:rapid-refit","Rapid Refit","research-nodes","3","keyed","green","no green anywhere in this sprite's palette (green-keyed; see directive.colourLaw for substitutions)","icon","centered, transparent background","128x128","","research node ""Rapid Refit""","","","","","","","","","","","research tree (GalaxyCommand)","{""researchCategory"":""qualityOfLife"",""tier"":1,""nodeType"":""featureUnlock""}"
"research-node:expanded-archives","Expanded Archives","research-nodes","3","keyed","green","no green anywhere in this sprite's palette (green-keyed; see directive.colourLaw for substitutions)","icon","centered, transparent background","128x128","","research node ""Expanded Archives""","","","","","","","","","","","research tree (GalaxyCommand)","{""researchCategory"":""qualityOfLife"",""tier"":2,""nodeType"":""featureUnlock""}"
"research-node:barrier-theory","Barrier Theory","research-nodes","3","keyed","green","no green anywhere in this sprite's palette (green-keyed; see directive.colourLaw for substitutions)","icon","centered, transparent background","128x128","","research node ""Barrier Theory""","","","","","","","","","","","research tree (GalaxyCommand)","{""researchCategory"":""shieldTechnology"",""tier"":1,""nodeType"":""passiveBonus""}"
"research-node:ancient-conduit","Ancient Conduit","research-nodes","3","keyed","green","no green anywhere in this sprite's palette (green-keyed; see directive.colourLaw for substitutions)","icon","centered, transparent background","128x128","","research node ""Ancient Conduit""","","","","","","","","","","","research tree (GalaxyCommand)","{""researchCategory"":""ancientTechnology"",""tier"":3,""nodeType"":""ancientDiscovery""}"
"research-node:warp-charting","Warp Charting","research-nodes","3","keyed","green","no green anywhere in this sprite's palette (green-keyed; see directive.colourLaw for substitutions)","icon","centered, transparent background","128x128","","research node ""Warp Charting""","","","","","","","","","","","research tree (GalaxyCommand)","{""researchCategory"":""galaxyNavigation"",""tier"":2,""nodeType"":""galaxyUnlock""}"
"research-node:lattice-attunement","Lattice Attunement","research-nodes","3","keyed","green","no green anywhere in this sprite's palette (green-keyed; see directive.colourLaw for substitutions)","icon","centered, transparent background","128x128","","research node ""Lattice Attunement""","","","","","","","","","","","research tree (GalaxyCommand)","{""researchCategory"":""crystalResonance"",""tier"":1,""nodeType"":""newMechanic""}"
"research-node:drone-doctrine","Drone Doctrine","research-nodes","3","keyed","green","no green anywhere in this sprite's palette (green-keyed; see directive.colourLaw for substitutions)","icon","centered, transparent background","128x128","","research node ""Drone Doctrine""","","","","","","","","","","","research tree (GalaxyCommand)","{""researchCategory"":""droneEngineering"",""tier"":1,""nodeType"":""newMechanic""}"
"research-node:gene-tempering","Gene Tempering","research-nodes","3","keyed","green","no green anywhere in this sprite's palette (green-keyed; see directive.colourLaw for substitutions)","icon","centered, transparent background","128x128","","research node ""Gene Tempering""","","","","","","","","","","","research tree (GalaxyCommand)","{""researchCategory"":""commanderDevelopment"",""tier"":2,""nodeType"":""featureUnlock""}"
"research-node:void-containment","Void Containment","research-nodes","3","keyed","green","no green anywhere in this sprite's palette (green-keyed; see directive.colourLaw for substitutions)","icon","centered, transparent background","128x128","","research node ""Void Containment""","","","","","","","","","","","research tree (GalaxyCommand)","{""researchCategory"":""voidResearch"",""tier"":3,""nodeType"":""newMechanic""}"
"research-node:afterlight-network","The Afterlight Network","research-nodes","3","keyed","green","no green anywhere in this sprite's palette (green-keyed; see directive.colourLaw for substitutions)","icon","centered, transparent background","128x128","","research node ""The Afterlight Network""","","","","","","","","","","","research tree (GalaxyCommand)","{""researchCategory"":""ancientTechnology"",""tier"":3,""nodeType"":""ancientDiscovery""}"
"build-path:commander","Commander","build-paths","3","keyed","green","no green anywhere in this sprite's palette (green-keyed; see directive.colourLaw for substitutions)","icon","centered, transparent background","128x128","","Build-Defining Path card ""Commander""","Ability-focused command — your active skills and ultimate carry the run.","","","","","","","","","","BuildPathChoice overlay (offered every 5 waves)",""
"build-path:engineer","Engineer","build-paths","3","keyed","green","no green anywhere in this sprite's palette (green-keyed; see directive.colourLaw for substitutions)","icon","centered, transparent background","128x128","","Build-Defining Path card ""Engineer""","Systems and resilience — shields and resource generation define you.","","","","","","","","","","BuildPathChoice overlay (offered every 5 waves)",""
"build-path:void","Void Walker","build-paths","3","keyed","green","no green anywhere in this sprite's palette (green-keyed; see directive.colourLaw for substitutions)","icon","centered, transparent background","128x128","","Build-Defining Path card ""Void Walker""","Corruption and control — status effects chain into critical openings.","","","","","","","","","","BuildPathChoice overlay (offered every 5 waves)",""
"build-path:guardian","Guardian","build-paths","3","keyed","green","no green anywhere in this sprite's palette (green-keyed; see directive.colourLaw for substitutions)","icon","centered, transparent background","128x128","","Build-Defining Path card ""Guardian""","Unbreakable — shields and passives stack into a wall nothing gets through.","","","","","","","","","","BuildPathChoice overlay (offered every 5 waves)",""
"build-path:hunter","Hunter","build-paths","3","keyed","green","no green anywhere in this sprite's palette (green-keyed; see directive.colourLaw for substitutions)","icon","centered, transparent background","128x128","","Build-Defining Path card ""Hunter""","Precision damage — weapon upgrades and critical strikes above all else.","","","","","","","","","","BuildPathChoice overlay (offered every 5 waves)",""
"build-path:droneCommander","Drone Commander","build-paths","3","keyed","green","no green anywhere in this sprite's palette (green-keyed; see directive.colourLaw for substitutions)","icon","centered, transparent background","128x128","","Build-Defining Path card ""Drone Commander""","A swarm of allied drones fights the run beside you.","","","","","","","","","","BuildPathChoice overlay (offered every 5 waves)",""
"build-path:heavyWeapons","Heavy Weapons","build-paths","3","keyed","green","no green anywhere in this sprite's palette (green-keyed; see directive.colourLaw for substitutions)","icon","centered, transparent background","128x128","","Build-Defining Path card ""Heavy Weapons""","Escalating firepower — every weapon evolves further and hits harder.","","","","","","","","","","BuildPathChoice overlay (offered every 5 waves)",""
"build-path:orbitalSpecialist","Orbital Specialist","build-paths","3","keyed","green","no green anywhere in this sprite's palette (green-keyed; see directive.colourLaw for substitutions)","icon","centered, transparent background","128x128","","Build-Defining Path card ""Orbital Specialist""","Orbiting satellites do the fighting for you.","","","","","","","","","","BuildPathChoice overlay (offered every 5 waves)",""
"build-path:bioEngineer","Bio-Engineer","build-paths","3","keyed","green","no green anywhere in this sprite's palette (green-keyed; see directive.colourLaw for substitutions)","icon","centered, transparent background","128x128","","Build-Defining Path card ""Bio-Engineer""","Sustain and utility — passives and resources compound over the run.","","","","","","","","","","BuildPathChoice overlay (offered every 5 waves)",""
"loot-item:PROTO_CANNON","proto cannon","loot-items","3","keyed","green","no green anywhere in this sprite's palette (green-keyed; see directive.colourLaw for substitutions)","icon","centered, transparent background","128x128","","loot base item ""proto cannon""","","","","","","","","","","","loot drops, inventory, merchant stock","{""rule"":""rarity frame is composited around this at runtime — keep the icon rarity-neutral""}"
"loot-item:HULL_PLATING","hull plating","loot-items","3","keyed","green","no green anywhere in this sprite's palette (green-keyed; see directive.colourLaw for substitutions)","icon","centered, transparent background","128x128","","loot base item ""hull plating""","","","","","","","","","","","loot drops, inventory, merchant stock","{""rule"":""rarity frame is composited around this at runtime — keep the icon rarity-neutral""}"
"loot-item:STRANGE_RELIC","strange relic","loot-items","3","keyed","green","no green anywhere in this sprite's palette (green-keyed; see directive.colourLaw for substitutions)","icon","centered, transparent background","128x128","","loot base item ""strange relic""","","","","","","","","","","","loot drops, inventory, merchant stock","{""rule"":""rarity frame is composited around this at runtime — keep the icon rarity-neutral""}"
"loot-item:SALVAGED_ALLOY","salvaged alloy","loot-items","3","keyed","green","no green anywhere in this sprite's palette (green-keyed; see directive.colourLaw for substitutions)","icon","centered, transparent background","128x128","","loot base item ""salvaged alloy""","","","","","","","","","","","loot drops, inventory, merchant stock","{""rule"":""rarity frame is composited around this at runtime — keep the icon rarity-neutral""}"
"loot-item:RESEARCH_CORE","research core","loot-items","3","keyed","green","no green anywhere in this sprite's palette (green-keyed; see directive.colourLaw for substitutions)","icon","centered, transparent background","128x128","","loot base item ""research core""","","","","","","","","","","","loot drops, inventory, merchant stock","{""rule"":""rarity frame is composited around this at runtime — keep the icon rarity-neutral""}"
"director-event:MeteorShower","MeteorShower","director-events","3","additive","","","VFX (single frame or short frame sheet)","","256x256 per frame","","environmental event onset ""MeteorShower""","","","","","","","","","","","in-run environmental events, all biomes","{""kind"":""event announcement/onset VFX — the moment the Director fires this event""}"
"director-event:SolarFlare","SolarFlare","director-events","3","additive","","","VFX (single frame or short frame sheet)","","256x256 per frame","","environmental event onset ""SolarFlare""","","","","","","","","","","","in-run environmental events, all biomes","{""kind"":""event announcement/onset VFX — the moment the Director fires this event""}"
"director-event:CrystalGrowth","CrystalGrowth","director-events","3","additive","","","VFX (single frame or short frame sheet)","","256x256 per frame","","environmental event onset ""CrystalGrowth""","","","","","","","","","","","in-run environmental events, all biomes","{""kind"":""event announcement/onset VFX — the moment the Director fires this event""}"
"director-event:GravityFlux","GravityFlux","director-events","3","additive","","","VFX (single frame or short frame sheet)","","256x256 per frame","","environmental event onset ""GravityFlux""","","","","","","","","","","","in-run environmental events, all biomes","{""kind"":""event announcement/onset VFX — the moment the Director fires this event""}"
"director-event:VoidDistortion","VoidDistortion","director-events","3","additive","","","VFX (single frame or short frame sheet)","","256x256 per frame","","environmental event onset ""VoidDistortion""","","","","","","","","","","","in-run environmental events, all biomes","{""kind"":""event announcement/onset VFX — the moment the Director fires this event""}"
"director-event:MachineReinforcements","MachineReinforcements","director-events","3","additive","","","VFX (single frame or short frame sheet)","","256x256 per frame","","environmental event onset ""MachineReinforcements""","","","","","","","","","","","in-run environmental events, all biomes","{""kind"":""event announcement/onset VFX — the moment the Director fires this event""}"
"director-event:AncientSignal","AncientSignal","director-events","3","additive","","","VFX (single frame or short frame sheet)","","256x256 per frame","","environmental event onset ""AncientSignal""","","","","","","","","","","","in-run environmental events, all biomes","{""kind"":""event announcement/onset VFX — the moment the Director fires this event""}"
